learner_id,department,region,role_family,employee_band,training_type,enrolment_date,prior_python_score,course_minutes,engagement_score,manager_support_score,support_tickets_last_30d,completion_days,completed_on_time,enrolment_date_parsed,enrolment_date_invalid_flag,prior_python_score_invalid_flag,engagement_score_invalid_flag,course_minutes_invalid_flag,manager_support_score_invalid_flag,support_tickets_last_30d_invalid_flag,completion_days_invalid_flag,prior_python_score_missing_flag,course_minutes_missing_flag,engagement_score_missing_flag,manager_support_score_missing_flag,support_tickets_last_30d_missing_flag,completion_days_missing_flag,department_missing_flag,region_missing_flag,role_family_missing_flag,employee_band_missing_flag,training_type_missing_flag,prior_python_score_zscore,course_minutes_zscore,engagement_score_zscore,support_tickets_last_30d_zscore,dept_customer support,dept_finance,dept_hr,dept_it,dept_operations,dept_sales,dept_unknown,region_birmingham,region_bristol,region_cardiff,region_edinburgh,region_leeds,region_london,region_manchester,region_remote,region_unknown,training_ai awareness,training_data literacy,training_ml foundations,training_python basics,training_responsible ai
L10387,operations,remote,technician,a,ml foundations,2026-02-15,41.9,189.8,91.3,4.0,1.0,20.0,1,2026-02-15,0,0,0,0,0,0,0,0,0,0,0,0,0,0,0,0,0,0,-0.6532540957443574,1.1438003087439652,1.4325259074884984,-0.7981790759111805,0,0,0,0,1,0,0,0,0,0,0,0,0,0,1,0,0,0,1,0,0
L10089,sales,unknown,associate,a,ml foundations,2026-02-07,39.6,191.8,84.7,3.0,1.0,23.0,1,2026-02-07,0,0,0,0,0,0,0,0,0,0,1,0,0,0,1,0,0,0,-0.7884384900890793,1.1840733130950998,1.0599525071434013,-0.7981790759111805,0,0,0,0,0,1,0,0,0,0,0,0,0,0,0,1,0,0,1,0,0
L10448,operations,manchester,analyst,b,ai awareness,2026-03-10,36.1,93.6,100.0,1.0,3.0,13.0,1,2026-03-10,0,0,0,0,0,0,0,0,0,0,0,0,0,0,0,0,0,0,-0.9941538727875693,-0.7933312005456077,1.9236453897615815,0.6062415855161165,0,0,0,0,1,0,0,0,0,0,0,0,0,1,0,0,1,0,0,0,0
L10599,hr,manchester,technician,c,ai awareness,2026-01-05,55.7,186.0,37.1,4.0,4.0,8.0,0,2026-01-05,0,0,0,0,0,0,0,0,0,0,0,0,0,0,0,0,0,0,0.15785227032397484,1.0672816004768093,-1.6270920165576046,1.308451916229765,0,0,1,0,0,0,0,0,0,0,0,0,0,1,0,0,1,0,0,0,0
L10227,it,edinburgh,coordinator,b,data literacy,2026-03-08,10.6,237.5,47.9,1.0,1.0,15.0,0,2026-03-08,0,0,0,0,0,0,0,0,0,0,0,0,0,0,0,0,0,0,-2.4929373753051394,2.1043114625185244,-1.0174264523565364,-0.7981790759111805,0,0,0,1,0,0,0,0,0,0,1,0,0,0,0,0,0,1,0,0,0
L10139,operations,london,analyst,a,data literacy,2026-01-28,51.6,243.0,77.7,2.0,4.0,19.0,1,2026-01-28,0,0,0,0,0,0,0,0,0,0,0,0,0,0,0,0,0,0,-0.08312860655139924,2.2150622244841447,0.6647989007167827,1.308451916229765,0,0,0,0,1,0,0,0,0,0,0,0,1,0,0,0,0,1,0,0,0
L10522,finance,remote,specialist,c,responsible ai,2026-03-28,38.4,176.1,66.5,3.0,0.0,12.0,1,2026-03-28,0,0,0,0,0,0,0,0,0,1,1,0,0,0,0,0,0,0,-0.8589694784428474,0.8679302289386932,0.03255313043419293,-1.5003894066248291,0,1,0,0,0,0,0,0,0,0,0,0,0,0,1,0,0,0,0,0,1
L10284,sales,london,manager,b,ai awareness,2026-03-01,53.4,177.4,87.8,2.0,2.0,10.0,0,2026-03-01,0,0,0,0,0,0,0,1,0,0,0,0,0,0,0,0,0,0,0.022667875979252593,0.8941076817669309,1.234949104275189,-0.095968745197532,0,0,0,0,0,1,0,0,0,0,0,0,1,0,0,0,1,0,0,0,0
L10124,it,birmingham,analyst,a,ai awareness,07/01/2026,43.9,125.6,35.0,3.0,2.0,24.0,0,,1,0,0,0,0,0,0,0,0,0,0,0,0,0,0,0,0,0,-0.5357024484880775,-0.1489631309274546,-1.7456380984855904,-0.095968745197532,0,0,0,1,0,0,0,1,0,0,0,0,0,0,0,0,1,0,0,0,0
L10054,sales,edinburgh,analyst,a,python basics,2026-03-31,53.4,98.8,53.0,1.0,1.0,14.0,0,2026-03-31,0,0,0,0,0,0,0,1,0,0,0,0,0,0,0,0,0,0,0.022667875979252593,-0.6886213892326577,-0.7295288248171428,-0.7981790759111805,0,0,0,0,0,1,0,0,0,0,1,0,0,0,0,0,0,0,0,1,0
L10088,sales,london,specialist,b,data literacy,2026-03-21,74.8,159.7,66.0,5.0,3.0,9.0,1,2026-03-21,0,0,0,0,0,0,0,0,0,0,0,0,0,0,0,0,0,0,1.2804705016214486,0.5376915932593896,0.004327872832291611,0.6062415855161165,0,0,0,0,0,1,0,0,0,0,0,0,1,0,0,0,0,1,0,0,0
L10527,it,bristol,associate,b,ai awareness,2026-02-14,46.2,117.2,100.0,3.0,0.0,0.0,1,2026-02-14,0,0,0,0,0,0,0,0,0,0,0,0,0,0,0,0,0,0,-0.4005180541433552,-0.3181097492022196,1.9236453897615815,-1.5003894066248291,0,0,0,1,0,0,0,0,1,0,0,0,0,0,0,0,1,0,0,0,0
L10192,operations,manchester,coordinator,a,responsible ai,2026-02-05,50.5,183.6,66.5,3.0,2.0,10.0,1,2026-02-05,0,0,0,0,0,0,0,0,0,0,0,0,0,0,0,0,0,0,-0.14778201254235332,1.0189539952554478,0.03255313043419293,-0.095968745197532,0,0,0,0,1,0,0,0,0,0,0,0,0,1,0,0,0,0,0,0,1
L10098,it,london,manager,d,ml foundations,2026-03-29,64.0,56.3,76.7,4.0,1.0,4.0,1,2026-03-29,0,0,0,0,0,0,0,0,0,0,0,0,0,0,0,0,0,0,0.6456916064375366,-1.5444227316942671,0.6083483855129801,-0.7981790759111805,0,0,0,1,0,0,0,0,0,0,0,0,1,0,0,0,0,0,1,0,0
L10520,customer support,bristol,associate,b,responsible ai,2026-03-02,45.5,150.7,92.9,1.0,3.0,29.0,1,2026-03-02,0,0,0,0,0,0,0,0,0,0,0,0,0,0,0,0,0,0,-0.44166113068305335,0.3564630736792841,1.522846731814583,0.6062415855161165,1,0,0,0,0,0,0,0,1,0,0,0,0,0,0,0,0,0,0,0,1
L10002,customer support,unknown,technician,b,responsible ai,2026-02-12,48.6,57.8,33.2,2.0,3.0,17.0,0,2026-02-12,0,0,0,0,0,0,0,0,0,0,0,0,0,0,1,0,0,0,-0.2594560774358193,-1.5142179784309162,-1.847249025852435,0.6062415855161165,1,0,0,0,0,0,0,0,0,0,0,0,0,0,0,1,0,0,0,0,1
L10062,sales,manchester,associate,c,python basics,2026-01-08,66.4,107.8,77.4,3.0,2.0,16.0,1,2026-01-08,0,0,0,0,0,0,0,0,0,0,0,0,0,0,0,0,0,0,0.786753583145073,-0.5073928696525521,0.647863746155642,-0.095968745197532,0,0,0,0,0,1,0,0,0,0,0,0,0,1,0,0,0,0,0,1,0
L10299,unknown,remote,specialist,d,python basics,2026-03-07,29.9,175.5,80.2,5.0,2.0,5.0,1,2026-03-07,0,0,0,0,0,0,0,0,0,0,0,0,0,1,0,0,0,0,-1.3585639792820374,0.855848327633353,0.8059251887262893,-0.095968745197532,0,0,0,0,0,0,1,0,0,0,0,0,0,0,1,0,0,0,0,1,0
L10091,operations,remote,coordinator,b,python basics,2026-02-23,27.6,127.6,100.0,1.0,5.0,10.0,1,2026-02-23,0,0,0,0,0,0,0,0,0,0,0,0,0,0,0,0,0,0,-1.4937483736267594,-0.10869012657632003,1.9236453897615815,2.0106622469434137,0,0,0,0,1,0,0,0,0,0,0,0,0,0,1,0,0,0,0,1,0
L10427,it,unknown,coordinator,d,python basics,14/02/2026,49.3,142.6,79.9,5.0,3.0,21.0,1,,1,0,0,0,0,0,0,0,0,0,0,0,0,0,1,0,0,0,-0.2183130008961215,0.1933574060571892,0.7889900341651487,0.6062415855161165,0,0,0,1,0,0,0,0,0,0,0,0,0,0,0,1,0,0,0,1,0
L10543,operations,leeds,technician,a,data literacy,2026-03-09,23.6,186.6,51.6,2.0,3.0,21.0,0,2026-03-09,0,0,0,0,0,0,0,0,0,0,0,0,0,0,0,0,0,0,-1.7288516681393193,1.0793635017821497,-0.8085595461024664,0.6062415855161165,0,0,0,0,1,0,0,0,0,0,0,1,0,0,0,0,0,1,0,0,0
L10396,finance,birmingham,associate,a,python basics,2026-01-25,46.1,179.7,92.1,3.0,1.0,13.0,1,2026-01-25,0,0,0,0,0,0,0,0,0,0,0,0,0,0,0,0,0,0,-0.4063956365061693,0.9404216367707353,1.4776863196515402,-0.7981790759111805,0,1,0,0,0,0,0,1,0,0,0,0,0,0,0,0,0,0,0,1,0
L10548,customer support,manchester,analyst,c,python basics,2026-02-10,55.3,84.4,58.7,1.0,2.0,13.0,0,2026-02-10,0,0,0,0,0,0,0,0,0,0,0,0,0,0,0,0,0,0,0.1343419408727185,-0.9785870205608264,-0.4077608881554675,-0.095968745197532,1,0,0,0,0,0,0,0,0,0,0,0,0,1,0,0,0,0,0,1,0
L10250,customer support,london,analyst,b,responsible ai,2026-03-07,53.5,241.9,20.1,3.0,5.0,6.0,0,2026-03-07,0,0,0,0,0,0,0,0,0,0,0,0,0,0,0,0,0,0,0.028545458342066676,2.1929120720910205,-2.5867507750222494,2.0106622469434137,1,0,0,0,0,0,0,0,0,0,0,0,1,0,0,0,0,0,0,0,1
L10060,finance,birmingham,technician,b,responsible ai,2026-01-24,58.2,157.4,25.1,2.0,1.0,18.0,0,2026-01-24,0,0,0,0,0,0,0,0,0,0,0,0,0,0,0,0,0,0,0.30479182939432486,0.4913776382555852,-2.3044981990032363,-0.7981790759111805,0,1,0,0,0,0,0,1,0,0,0,0,0,0,0,0,0,0,0,0,1
L10251,hr,manchester,associate,b,ai awareness,2026-03-26,52.6,118.0,83.7,1.0,5.0,8.0,1,2026-03-26,0,0,0,0,0,0,0,0,0,0,0,0,0,0,0,0,0,0,-0.024352782923259243,-0.30200054746176586,1.0035019919395984,2.0106622469434137,0,0,1,0,0,0,0,0,0,0,0,0,0,1,0,0,1,0,0,0,0
L10032,finance,birmingham,specialist,d,python basics,2026-02-12,63.8,121.7,41.2,5.0,3.0,17.0,0,2026-02-12,0,0,0,0,0,0,0,0,0,0,0,0,0,0,0,0,0,0,0.6339364417119085,-0.22749548941216682,-1.3956449042220138,0.6062415855161165,0,1,0,0,0,0,0,1,0,0,0,0,0,0,0,0,0,0,0,1,0
L10376,hr,london,coordinator,b,data literacy,2026-02-01,62.6,88.2,87.6,1.0,1.0,13.0,1,2026-02-01,0,0,0,0,0,0,0,0,0,0,0,0,0,0,0,0,0,0,0.5634054533581407,-0.9020683122936708,1.2236590012344284,-0.7981790759111805,0,0,1,0,0,0,0,0,0,0,0,0,1,0,0,0,0,1,0,0,0
L10308,hr,edinburgh,coordinator,c,data literacy,2026-01-19,47.8,234.6,41.9,5.0,2.0,12.0,0,2026-01-19,0,0,0,0,0,0,0,0,0,0,0,0,0,0,0,0,0,0,-0.3064767363383315,2.045915606209379,-1.3561295435793521,-0.095968745197532,0,0,1,0,0,0,0,0,0,0,1,0,0,0,0,0,0,1,0,0,0
L10040,hr,london,technician,b,ai awareness,not recorded,37.3,92.6,100.0,2.0,2.0,29.0,1,,1,0,0,0,0,0,0,0,0,0,0,0,0,0,0,0,0,0,-0.9236228844338015,-0.813467702721175,1.9236453897615815,-0.095968745197532,0,0,1,0,0,0,0,0,0,0,0,0,1,0,0,0,1,0,0,0,0
L10380,sales,manchester,coordinator,b,python basics,2026-03-21,34.7,126.3,100.0,5.0,1.0,18.0,1,2026-03-21,0,0,0,0,0,0,0,0,0,0,0,0,0,0,0,0,0,0,-1.0764400258669653,-0.13486757940455743,1.9236453897615815,-0.7981790759111805,0,0,0,0,0,1,0,0,0,0,0,0,0,1,0,0,0,0,0,1,0
L10271,it,manchester,coordinator,a,ml foundations,2026-04-03,69.6,180.0,92.4,1.0,0.0,13.0,1,2026-04-03,0,0,0,0,0,0,0,0,0,0,0,0,0,0,0,0,0,0,0.9748362187551204,0.9464625874234057,1.4946214742126818,-1.5003894066248291,0,0,0,1,0,0,0,0,0,0,0,0,0,1,0,0,0,0,1,0,0
L10369,finance,leeds,coordinator,c,responsible ai,2026-03-10,75.6,158.6,74.4,3.0,2.0,8.0,1,2026-03-10,0,0,0,0,0,0,0,0,0,0,0,0,0,0,0,0,0,0,1.3274911605239603,0.5155414408662657,0.4785122005442341,-0.095968745197532,0,1,0,0,0,0,0,0,0,0,0,1,0,0,0,0,0,0,0,0,1
L10346,finance,london,specialist,a,responsible ai,2026-01-20,56.6,166.9,19.5,3.0,1.0,1.0,0,2026-01-20,0,0,0,0,0,0,0,0,0,0,1,0,0,0,0,0,0,0,0.21075051158930078,0.6826744089234744,-2.620621084144531,-0.7981790759111805,0,1,0,0,0,0,0,0,0,0,0,0,1,0,0,0,0,0,0,0,1
L10474,hr,unknown,analyst,a,responsible ai,2026-01-23,89.4,80.2,90.5,4.0,1.0,23.0,1,2026-01-23,0,0,0,0,0,0,0,0,0,0,0,0,0,0,1,0,0,0,2.138597526592293,-1.063160329698209,1.3873654953254564,-0.7981790759111805,0,0,1,0,0,0,0,0,0,0,0,0,0,0,0,1,0,0,0,0,1
L10538,operations,london,analyst,a,ai awareness,2026-01-21,13.0,131.2,66.5,3.0,4.0,22.0,0,2026-01-21,0,0,0,0,0,0,0,0,0,1,0,0,0,0,0,0,0,0,-2.3518753985976035,-0.03619871874427793,0.03255313043419293,1.308451916229765,0,0,0,0,1,0,0,0,0,0,0,0,1,0,0,0,1,0,0,0,0
L10482,it,remote,coordinator,c,ml foundations,2026-02-16,61.1,100.0,57.0,4.0,2.0,15.0,1,2026-02-16,0,0,0,0,0,0,0,0,0,0,0,0,0,0,0,0,0,0,0.4752417179159308,-0.664457586621977,-0.5037267640019322,-0.095968745197532,0,0,0,1,0,0,0,0,0,0,0,0,0,0,1,0,0,0,1,0,0
L10037,it,bristol,analyst,a,ml foundations,2026-03-31,3.2,238.7,66.5,1.0,3.0,20.0,1,2026-03-31,0,0,1,0,0,0,0,0,0,1,0,0,0,0,0,0,0,0,-2.927878470153375,2.128475265129205,0.03255313043419293,0.6062415855161165,0,0,0,1,0,0,0,0,1,0,0,0,0,0,0,0,0,0,1,0,0
L10212,operations,manchester,technician,a,data literacy,2026-01-12,72.8,139.6,76.1,5.0,2.0,20.0,1,2026-01-12,0,0,0,0,0,0,0,0,0,0,0,0,0,0,0,0,0,0,1.1629188543651685,0.13294789953048736,0.5744780763906979,-0.095968745197532,0,0,0,0,1,0,0,0,0,0,0,0,0,1,0,0,0,1,0,0,0
L10231,operations,london,analyst,c,ml foundations,2026-02-26,42.2,126.1,59.4,2.0,3.0,10.0,1,2026-02-26,0,0,0,0,0,0,0,0,0,0,0,0,0,0,0,0,0,0,-0.6356213486559151,-0.13889487983967097,-0.3682455275128059,0.6062415855161165,0,0,0,0,1,0,0,0,0,0,0,0,1,0,0,0,0,0,1,0,0
L10065,hr,edinburgh,associate,b,data literacy,2026-03-03,82.0,117.0,95.2,2.0,1.0,13.0,1,2026-03-03,0,0,0,0,0,0,0,0,0,0,0,0,0,0,0,0,0,0,1.7036564317440568,-0.32213704963733314,1.652682916783329,-0.7981790759111805,0,0,1,0,0,0,0,0,0,0,1,0,0,0,0,0,0,1,0,0,0
L10068,customer support,unknown,associate,c,data literacy,2026-03-08,22.7,64.0,84.7,4.0,0.0,10.0,1,2026-03-08,0,0,0,0,0,0,0,0,0,0,0,0,0,0,1,0,0,0,-1.7817499094046454,-1.389371664942399,1.0599525071434013,-1.5003894066248291,1,0,0,0,0,0,0,0,0,0,0,0,0,0,0,1,0,1,0,0,0
L10373,operations,leeds,technician,a,ml foundations,2026-01-24,72.7,179.0,66.5,4.0,1.0,11.0,1,2026-01-24,0,0,0,0,0,0,0,0,0,1,0,0,0,0,0,0,0,0,1.1570412720023548,0.9263260852478384,0.03255313043419293,-0.7981790759111805,0,0,0,0,1,0,0,0,0,0,0,1,0,0,0,0,0,0,1,0,0
L10267,finance,london,technician,b,data literacy,2026-01-10,59.4,96.0,72.5,5.0,4.0,12.0,1,2026-01-10,0,0,0,0,0,0,0,0,0,0,0,0,0,0,0,0,0,0,0.3753228177480926,-0.7450035953242461,0.3712562216570088,1.308451916229765,0,1,0,0,0,0,0,0,0,0,0,0,1,0,0,0,0,1,0,0,0
L10072,operations,manchester,associate,b,python basics,2026-02-21,75.7,121.6,44.7,3.0,1.0,11.0,0,2026-02-21,0,0,0,0,0,0,0,0,0,0,0,0,0,0,0,0,0,0,1.3333687428867749,-0.22950913962972372,-1.1980681010087044,-0.7981790759111805,0,0,0,0,1,0,0,0,0,0,0,0,0,1,0,0,0,0,0,1,0
L10174,operations,london,specialist,a,data literacy,2026-03-12,79.2,87.1,85.4,5.0,0.0,22.0,1,2026-03-12,0,0,0,0,0,0,0,0,0,0,0,0,0,0,0,0,0,0,1.539084125585265,-0.924218464686795,1.0994678677860632,-1.5003894066248291,0,0,0,0,1,0,0,0,0,0,0,0,1,0,0,0,0,1,0,0,0
L10181,operations,manchester,analyst,a,responsible ai,2026-02-23,53.4,52.5,37.3,1.0,4.0,13.0,0,2026-02-23,0,0,0,0,0,0,0,1,0,0,0,0,0,0,0,0,0,0,0.022667875979252593,-1.6209414399614228,-1.6158019135168444,1.308451916229765,0,0,0,0,1,0,0,0,0,0,0,0,0,1,0,0,0,0,0,0,1
L10211,customer support,manchester,analyst,c,python basics,2026-02-16,43.1,67.9,55.4,2.0,3.0,12.0,0,2026-02-16,0,0,0,0,0,0,0,0,0,0,0,0,0,0,0,0,0,0,-0.5827231073905893,-1.3108393064576866,-0.5940475883280165,0.6062415855161165,1,0,0,0,0,0,0,0,0,0,0,0,0,1,0,0,0,0,0,1,0
L10556,it,cardiff,technician,a,ai awareness,2026-01-23,55.2,113.9,65.3,2.0,2.0,24.0,1,2026-01-23,0,0,0,0,0,0,0,0,0,0,0,0,0,0,0,0,0,0,0.12846435850990484,-0.38456020638159155,-0.0351874878103704,-0.095968745197532,0,0,0,1,0,0,0,0,0,1,0,0,0,0,0,0,1,0,0,0,0
L10146,customer support,remote,analyst,a,ai awareness,22/01/2026,47.6,116.6,67.9,3.0,0.0,3.0,1,,1,0,0,0,0,0,0,0,0,0,0,0,0,0,0,0,0,0,-0.31823190106395927,-0.33019165050756016,0.11158385171951696,-1.5003894066248291,1,0,0,0,0,0,0,0,0,0,0,0,0,0,1,0,1,0,0,0,0
L10256,customer support,cardiff,manager,a,data literacy,2026-02-16,47.8,98.2,51.1,4.0,1.0,16.0,1,2026-02-16,0,0,0,0,0,0,0,0,0,0,0,0,0,0,0,0,0,0,-0.3064767363383315,-0.700703290537998,-0.8367848037043677,-0.7981790759111805,1,0,0,0,0,0,0,0,0,1,0,0,0,0,0,0,0,1,0,0,0
L10097,sales,bristol,analyst,c,python basics,2026-02-26,87.5,177.4,83.5,2.0,1.0,16.0,1,2026-02-26,0,0,0,0,0,0,0,0,0,0,0,0,0,0,0,0,0,0,2.0269234616988268,0.8941076817669309,0.9922118888988378,-0.7981790759111805,0,0,0,0,0,1,0,0,1,0,0,0,0,0,0,0,0,0,0,1,0
L10421,finance,edinburgh,technician,c,ai awareness,2026-02-22,24.8,132.5,23.2,1.0,5.0,11.0,0,2026-02-22,0,0,0,0,0,0,0,0,0,0,0,0,0,0,0,0,0,0,-1.6583206797855514,-0.010021265916040236,-2.411754177890461,2.0106622469434137,0,1,0,0,0,0,0,0,0,0,1,0,0,0,0,0,1,0,0,0,0
L10368,it,cardiff,manager,b,python basics,2026-03-25,80.0,148.3,60.4,2.0,0.0,8.0,1,2026-03-25,0,0,0,0,0,0,0,0,0,0,0,0,0,0,0,0,0,0,1.5861047844877767,0.30813546845792306,-0.31179501230900325,-1.5003894066248291,0,0,0,1,0,0,0,0,0,1,0,0,0,0,0,0,0,0,0,1,0
L10391,sales,bristol,specialist,c,data literacy,2026-03-23,31.0,114.4,87.7,5.0,3.0,16.0,1,2026-03-23,0,0,0,0,0,0,0,0,0,0,0,0,0,0,0,0,0,0,-1.2939105732910834,-0.3744919552938079,1.2293040527548091,0.6062415855161165,0,0,0,0,0,1,0,0,1,0,0,0,0,0,0,0,0,1,0,0,0
L10598,operations,birmingham,manager,a,ai awareness,2026-01-21,37.3,70.8,70.5,3.0,2.0,20.0,0,2026-01-21,0,0,0,0,0,0,0,0,0,0,0,0,0,0,0,0,0,0,-0.9236228844338015,-1.2524434501485415,0.2583551912494035,-0.095968745197532,0,0,0,0,1,0,0,1,0,0,0,0,0,0,0,0,1,0,0,0,0
L10595,sales,london,associate,b,ml foundations,2026-03-03,50.0,175.0,54.4,3.0,2.0,10.0,1,2026-03-03,0,0,0,0,0,0,0,0,0,0,0,0,0,0,0,0,0,0,-0.17716992435642334,0.8457800765455693,-0.6504981035318191,-0.095968745197532,0,0,0,0,0,1,0,0,0,0,0,0,1,0,0,0,0,0,1,0,0
L10337,operations,manchester,specialist,c,ml foundations,2026-03-26,76.4,153.0,81.8,5.0,3.0,14.0,1,2026-03-26,0,0,0,0,0,0,0,0,0,0,0,0,1,0,0,0,0,0,1.3745118194264732,0.40277702868308907,0.8962460130523732,0.6062415855161165,0,0,0,0,1,0,0,0,0,0,0,0,0,1,0,0,0,0,1,0,0
L10039,customer support,manchester,associate,a,data literacy,2026-03-18,49.8,123.3,87.4,3.0,3.0,12.0,1,2026-03-18,0,0,0,0,0,0,0,0,0,0,1,0,0,0,0,0,0,0,-0.1889250890820515,-0.19527708593125928,1.2123688981936684,0.6062415855161165,1,0,0,0,0,0,0,0,0,0,0,0,0,1,0,0,0,1,0,0,0
L10109,finance,leeds,technician,b,python basics,2026-03-30,19.1,58.3,62.3,3.0,3.0,6.0,0,2026-03-30,0,0,0,0,0,0,0,0,0,0,0,0,0,0,0,0,0,0,-1.9933428744659494,-1.5041497273431326,-0.20453903342177832,0.6062415855161165,0,1,0,0,0,0,0,0,0,0,0,1,0,0,0,0,0,0,0,1,0
L10055,hr,birmingham,analyst,d,ml foundations,2026-03-17,59.1,90.7,51.4,4.0,2.0,20.0,0,2026-03-17,0,0,0,0,0,0,0,0,0,0,0,0,0,0,0,0,0,0,0.35769007065965075,-0.8517270568547526,-0.819849649143227,-0.095968745197532,0,0,1,0,0,0,0,1,0,0,0,0,0,0,0,0,0,0,1,0,0
L10050,it,leeds,coordinator,a,data literacy,2026-01-25,61.6,92.8,83.3,2.0,1.0,21.0,1,2026-01-25,0,0,0,0,0,0,0,0,0,0,0,0,0,0,0,0,0,0,0.5046296297300008,-0.8094404022860614,0.9809217858580772,-0.7981790759111805,0,0,0,1,0,0,0,0,0,0,0,1,0,0,0,0,0,1,0,0,0
L10503,hr,remote,coordinator,a,ai awareness,2026-03-14,47.7,57.2,54.1,1.0,1.0,9.0,0,2026-03-14,0,0,0,0,0,0,0,0,0,0,0,0,0,0,0,0,0,0,-0.31235431870114516,-1.5262998797362566,-0.6674332580929597,-0.7981790759111805,0,0,1,0,0,0,0,0,0,0,0,0,0,0,1,0,1,0,0,0,0
L10077,operations,remote,associate,a,responsible ai,2026-01-23,45.2,191.1,78.2,5.0,0.0,19.0,1,2026-01-23,0,0,0,0,0,0,0,0,0,0,0,0,0,0,0,0,0,0,-0.45929387777149516,1.1699777615722025,0.693024158318684,-1.5003894066248291,0,0,0,0,1,0,0,0,0,0,0,0,0,0,1,0,0,0,0,0,1
L10343,operations,manchester,associate,b,ai awareness,2026-02-22,53.4,238.6,60.4,3.0,1.0,20.0,1,2026-02-22,0,0,0,0,0,0,0,0,0,0,0,0,0,0,0,0,0,0,0.022667875979252593,2.126461614911648,-0.31179501230900325,-0.7981790759111805,0,0,0,0,1,0,0,0,0,0,0,0,0,1,0,0,1,0,0,0,0
L10159,finance,remote,associate,b,data literacy,2026-03-07,2.6,57.7,60.7,3.0,2.0,20.0,1,2026-03-07,0,0,0,0,0,0,0,0,0,0,1,0,0,0,0,0,0,0,-2.9631439643302593,-1.516231628648473,-0.2948598577478622,-0.095968745197532,0,1,0,0,0,0,0,0,0,0,0,0,0,0,1,0,0,1,0,0,0
L10317,unknown,manchester,coordinator,d,data literacy,2026-03-18,53.4,123.6,80.0,3.0,3.0,16.0,1,2026-03-18,0,0,0,0,0,0,0,1,0,0,0,0,0,1,0,0,0,0,0.022667875979252593,-0.18923613527858915,0.7946350856855287,0.6062415855161165,0,0,0,0,0,0,1,0,0,0,0,0,0,1,0,0,0,1,0,0,0
L10094,sales,unknown,manager,c,ml foundations,2026-03-06,55.3,108.0,68.6,5.0,1.0,14.0,1,2026-03-06,0,0,0,0,0,0,0,0,0,0,0,0,0,0,1,0,0,0,0.1343419408727185,-0.5033655692174387,0.15109921236217816,-0.7981790759111805,0,0,0,0,0,1,0,0,0,0,0,0,0,0,0,1,0,0,1,0,0
L10017,finance,manchester,technician,d,data literacy,2026-03-11,87.9,237.6,88.0,3.0,1.0,13.0,1,2026-03-11,0,0,0,0,0,0,0,0,0,0,0,0,0,0,0,0,0,0,2.050433791150083,2.106325112736081,1.2462392073159498,-0.7981790759111805,0,1,0,0,0,0,0,0,0,0,0,0,0,1,0,0,0,1,0,0,0
L10165,operations,bristol,coordinator,c,ai awareness,2026-03-27,64.8,132.1,73.7,1.0,1.0,19.0,1,2026-03-27,0,0,0,0,0,0,0,0,0,0,0,0,0,0,0,0,0,0,0.6927122653400485,-0.018075866786267263,0.4389968399015721,-0.7981790759111805,0,0,0,0,1,0,0,0,1,0,0,0,0,0,0,0,1,0,0,0,0
L10228,hr,london,coordinator,a,data literacy,2026-01-25,57.2,58.1,100.0,1.0,0.0,19.0,1,2026-01-25,0,0,0,0,0,0,0,0,0,0,0,0,0,0,0,0,0,0,0.24601600576618485,-1.5081770277782462,1.9236453897615815,-1.5003894066248291,0,0,1,0,0,0,0,0,0,0,0,0,1,0,0,0,0,1,0,0,0
L10476,it,unknown,coordinator,b,python basics,2026-03-28,77.1,172.7,62.5,5.0,3.0,9.0,1,2026-03-28,0,0,0,0,0,0,0,0,0,0,0,0,0,0,1,0,0,0,1.4156548959661703,0.7994661215417643,-0.19324893038101765,0.6062415855161165,0,0,0,1,0,0,0,0,0,0,0,0,0,0,0,1,0,0,0,1,0
L10116,operations,remote,coordinator,b,ai awareness,2026-03-01,34.6,118.0,59.4,1.0,3.0,13.0,0,2026-03-01,0,0,0,0,0,0,0,0,0,0,0,0,0,0,0,0,0,0,-1.0823176082297792,-0.30200054746176586,-0.3682455275128059,0.6062415855161165,0,0,0,0,1,0,0,0,0,0,0,0,0,0,1,0,1,0,0,0,0
L10030,finance,cardiff,manager,b,ml foundations,2026-01-27,77.9,60.5,66.5,4.0,3.0,7.0,1,2026-01-27,0,0,0,0,0,0,0,0,0,1,0,0,0,0,0,0,0,0,1.4626755548686832,-1.4598494225568845,0.03255313043419293,0.6062415855161165,0,1,0,0,0,0,0,0,0,1,0,0,0,0,0,0,0,0,1,0,0
L10288,it,bristol,associate,a,data literacy,2026-02-14,64.8,98.5,74.5,2.0,1.0,13.0,1,2026-02-14,0,0,0,0,0,0,0,0,0,0,0,0,0,0,0,0,0,0,0.6927122653400485,-0.6946623398853279,0.4841572520646141,-0.7981790759111805,0,0,0,1,0,0,0,0,1,0,0,0,0,0,0,0,0,1,0,0,0
L10215,customer support,remote,associate,b,data literacy,2026-01-18,64.1,121.4,19.0,1.0,4.0,13.0,0,2026-01-18,0,0,0,0,0,0,0,0,0,0,0,0,0,0,0,0,0,0,0.6515691888003504,-0.23353644006483695,-2.6488463417464327,1.308451916229765,1,0,0,0,0,0,0,0,0,0,0,0,0,0,1,0,0,1,0,0,0
L10106,it,leeds,manager,a,ai awareness,2026-02-21,45.0,112.8,60.9,1.0,4.0,13.0,0,2026-02-21,0,0,0,0,0,0,0,0,0,0,0,0,0,0,0,0,0,0,-0.4710490424971233,-0.40671035877471573,-0.28356975470710194,1.308451916229765,0,0,0,1,0,0,0,0,0,0,0,1,0,0,0,0,1,0,0,0,0
L10166,customer support,leeds,coordinator,b,ai awareness,2026-02-24,70.3,89.1,57.4,3.0,2.0,17.0,0,2026-02-24,0,0,0,0,0,0,0,0,0,0,0,0,0,0,0,0,0,0,1.0159792952948186,-0.8839454603356605,-0.48114655792041117,-0.095968745197532,1,0,0,0,0,0,0,0,0,0,0,1,0,0,0,0,1,0,0,0,0
L10128,customer support,bristol,manager,c,ai awareness,2026-03-03,61.6,94.5,84.4,5.0,1.0,8.0,1,2026-03-03,0,0,0,0,0,0,0,0,0,0,0,0,0,0,0,0,0,0,0.5046296297300008,-0.775208348587597,1.0430173525822606,-0.7981790759111805,1,0,0,0,0,0,0,0,1,0,0,0,0,0,0,0,1,0,0,0,0
L10589,operations,birmingham,manager,d,python basics,2026-03-03,62.9,96.2,100.0,5.0,4.0,9.0,1,2026-03-03,0,0,0,0,0,0,0,0,0,0,0,0,0,0,0,0,0,0,0.5810382004465826,-0.7409762948891325,1.9236453897615815,1.308451916229765,0,0,0,0,1,0,0,1,0,0,0,0,0,0,0,0,0,0,0,1,0
L10555,operations,birmingham,technician,b,data literacy,2026-01-14,46.3,116.3,75.6,4.0,1.0,22.0,1,2026-01-14,0,0,0,0,0,0,0,0,0,0,0,0,0,0,0,0,0,0,-0.3946404717805415,-0.3362326011602303,0.5462528187887966,-0.7981790759111805,0,0,0,0,1,0,0,1,0,0,0,0,0,0,0,0,0,1,0,0,0
L10379,hr,bristol,analyst,a,responsible ai,2026-03-15,13.3,128.1,68.1,2.0,2.0,4.0,1,2026-03-15,0,0,0,0,0,0,0,0,0,0,0,0,0,0,0,0,0,0,-2.334242651509161,-0.09862187548853639,0.12287395476027684,-0.095968745197532,0,0,1,0,0,0,0,0,1,0,0,0,0,0,0,0,0,0,0,0,1
L10512,finance,manchester,manager,a,python basics,2026-03-13,67.8,87.6,77.7,2.0,2.0,14.0,1,2026-03-13,0,0,0,0,0,0,0,0,0,0,0,0,0,0,0,0,0,0,0.8690397362244685,-0.9141502135990114,0.6647989007167827,-0.095968745197532,0,1,0,0,0,0,0,0,0,0,0,0,0,1,0,0,0,0,0,1,0
L10090,finance,remote,coordinator,b,ai awareness,2026-02-16,64.0,60.8,82.7,4.0,1.0,12.0,1,2026-02-16,0,0,0,0,0,0,0,0,0,0,0,0,0,0,0,0,0,0,0.6456916064375366,-1.4538084719042144,0.9470514767357959,-0.7981790759111805,0,1,0,0,0,0,0,0,0,0,0,0,0,0,1,0,1,0,0,0,0
L10525,finance,manchester,associate,a,ml foundations,2026-03-17,75.4,153.1,77.2,4.0,1.0,16.0,1,2026-03-17,0,0,0,0,0,0,0,0,0,0,0,0,0,0,0,0,0,0,1.315735995798333,0.4047906789006457,0.6365736431148814,-0.7981790759111805,0,1,0,0,0,0,0,0,0,0,0,0,0,1,0,0,0,0,1,0,0
L10450,hr,remote,manager,c,python basics,2026-03-10,35.8,89.7,51.5,5.0,3.0,10.0,1,2026-03-10,0,0,0,0,0,0,0,0,0,0,0,0,0,0,0,0,0,0,-1.0117866198760115,-0.8718635590303199,-0.8142045976228467,0.6062415855161165,0,0,1,0,0,0,0,0,0,0,0,0,0,0,1,0,0,0,0,1,0
L10112,operations,birmingham,manager,b,data literacy,2026-02-12,42.9,233.1,54.9,1.0,2.0,17.0,1,2026-02-12,0,0,0,0,0,0,0,0,0,0,0,0,0,0,0,0,0,0,-0.5944782721162174,2.0157108529460284,-0.6222728459299178,-0.095968745197532,0,0,0,0,1,0,0,1,0,0,0,0,0,0,0,0,0,1,0,0,0
L10295,finance,remote,technician,d,ml foundations,2026-03-17,88.0,250.0,57.4,1.0,1.0,8.0,1,2026-03-17,0,0,0,0,0,0,0,0,0,0,0,0,0,0,0,0,0,0,2.0563113735128966,2.3560177397131152,-0.48114655792041117,-0.7981790759111805,0,1,0,0,0,0,0,0,0,0,0,0,0,0,1,0,0,0,1,0,0
L10361,customer support,remote,coordinator,b,data literacy,2026-02-26,28.1,128.6,62.8,2.0,3.0,26.0,0,2026-02-26,0,0,0,0,0,0,0,0,0,0,0,0,0,0,0,0,0,0,-1.4643604618126893,-0.08855362440075275,-0.176313775819877,0.6062415855161165,1,0,0,0,0,0,0,0,0,0,0,0,0,0,1,0,0,1,0,0,0
L10283,sales,birmingham,analyst,a,data literacy,2026-02-21,29.8,130.9,71.9,4.0,5.0,10.0,0,2026-02-21,0,0,0,0,0,0,0,0,0,0,0,0,0,0,0,0,0,0,-1.3644415616448513,-0.042239669396947774,0.3373859125347275,2.0106622469434137,0,0,0,0,0,1,0,1,0,0,0,0,0,0,0,0,0,1,0,0,0
L10316,it,cardiff,manager,c,ml foundations,2026-02-04,59.3,152.6,78.9,1.0,2.0,24.0,1,2026-02-04,0,0,0,0,0,0,0,0,0,0,0,0,0,0,0,0,0,0,0.3694452353852785,0.39472242781286204,0.7325395189613461,-0.095968745197532,0,0,0,1,0,0,0,0,0,1,0,0,0,0,0,0,0,0,1,0,0
L10549,operations,manchester,manager,b,data literacy,2026-03-01,89.9,50.8,65.0,5.0,5.0,16.0,1,2026-03-01,0,0,0,0,0,0,0,0,0,0,0,0,0,0,0,0,0,0,2.167985438406363,-1.6551734936598872,-0.052122642371511034,2.0106622469434137,0,0,0,0,1,0,0,0,0,0,0,0,0,1,0,0,0,1,0,0,0
L10414,finance,leeds,technician,a,ai awareness,2026-04-01,61.4,113.5,66.5,5.0,2.0,7.0,0,2026-04-01,0,0,0,0,0,0,0,0,0,1,0,0,0,0,0,0,0,0,0.4928744650043726,-0.3926148072518186,0.03255313043419293,-0.095968745197532,0,1,0,0,0,0,0,0,0,0,0,1,0,0,0,0,1,0,0,0,0
L10006,customer support,cardiff,coordinator,c,python basics,2026-01-21,50.5,175.3,100.0,1.0,0.0,6.0,1,2026-01-21,0,0,0,0,0,0,0,0,0,0,0,0,0,0,0,0,0,0,-0.14778201254235332,0.8518210271982397,1.9236453897615815,-1.5003894066248291,1,0,0,0,0,0,0,0,0,1,0,0,0,0,0,0,0,0,0,1,0
L10422,hr,unknown,specialist,a,ai awareness,2026-01-31,61.4,191.6,57.6,5.0,1.0,16.0,1,2026-01-31,0,0,0,0,0,0,0,0,0,0,0,0,0,0,1,0,0,0,0.4928744650043726,1.180046012659986,-0.4698564548796505,-0.7981790759111805,0,0,1,0,0,0,0,0,0,0,0,0,0,0,0,1,1,0,0,0,0
L10519,sales,unknown,associate,a,data literacy,2026-03-26,30.6,144.8,85.2,1.0,3.0,17.0,0,2026-03-26,0,0,0,0,0,0,0,0,0,0,0,0,0,0,1,0,0,0,-1.3174209027423394,0.23765771084343756,1.0881777647453026,0.6062415855161165,0,0,0,0,0,1,0,0,0,0,0,0,0,0,0,1,0,1,0,0,0
L10400,operations,leeds,manager,c,ai awareness,2026-02-02,55.8,121.3,60.2,3.0,2.0,25.0,0,2026-02-02,0,0,0,0,0,0,0,0,0,0,1,0,0,0,0,0,0,0,0.16372985268678852,-0.23555009028239385,-0.32308511534976353,-0.095968745197532,0,0,0,0,1,0,0,0,0,0,0,1,0,0,0,0,1,0,0,0,0
L10195,sales,bristol,associate,b,data literacy,not recorded,30.9,140.1,44.2,2.0,2.0,17.0,0,,1,0,0,0,0,0,0,0,0,0,0,0,0,0,0,0,0,0,-1.2997881556538975,0.143016150618271,-1.2262933586106057,-0.095968745197532,0,0,0,0,0,1,0,0,1,0,0,0,0,0,0,0,0,1,0,0,0
L10189,hr,unknown,analyst,a,responsible ai,2026-02-25,17.8,158.1,59.0,1.0,3.0,6.0,0,2026-02-25,0,0,0,0,0,0,0,0,0,0,0,0,0,0,1,0,0,0,-2.069751445182531,0.5054731897784821,-0.3908257335943269,0.6062415855161165,0,0,1,0,0,0,0,0,0,0,0,0,0,0,0,1,0,0,0,0,1
L10132,customer support,bristol,manager,b,python basics,2026-02-12,38.5,80.8,73.3,1.0,2.0,8.0,1,2026-02-12,0,0,0,0,0,0,0,0,0,0,0,0,0,0,0,0,0,0,-0.8530918960800333,-1.0510784283928687,0.41641663382005073,-0.095968745197532,1,0,0,0,0,0,0,0,1,0,0,0,0,0,0,0,0,0,0,1,0
L10238,operations,remote,analyst,a,ml foundations,2026-03-06,61.3,152.8,68.3,3.0,2.0,17.0,1,2026-03-06,0,0,0,0,0,0,0,0,0,0,0,0,0,0,0,0,0,0,0.48699688264155855,0.39874972824797583,0.13416405780103752,-0.095968745197532,0,0,0,0,1,0,0,0,0,0,0,0,0,0,1,0,0,0,1,0,0
L10458,operations,london,technician,a,data literacy,2026-03-16,36.7,97.7,95.3,1.0,1.0,16.0,1,2026-03-16,0,0,0,0,0,0,0,0,0,0,0,0,0,0,0,0,0,0,-0.9588883786106852,-0.7107715416257816,1.6583279683037089,-0.7981790759111805,0,0,0,0,1,0,0,0,0,0,0,0,1,0,0,0,0,1,0,0,0
L10318,it,birmingham,analyst,c,ml foundations,2026-01-13,66.8,121.3,57.9,2.0,1.0,0.0,1,2026-01-13,0,0,0,0,0,0,0,0,0,0,0,0,0,0,0,0,0,0,0.8102639125963286,-0.23555009028239385,-0.45292130031850986,-0.7981790759111805,0,0,0,1,0,0,0,1,0,0,0,0,0,0,0,0,0,0,1,0,0
L10194,finance,remote,associate,b,ml foundations,2026-03-18,81.3,82.7,87.6,5.0,0.0,9.0,1,2026-03-18,0,0,0,0,0,0,0,0,0,0,0,0,0,0,0,0,0,0,1.6625133552043585,-1.0128190742592909,1.2236590012344284,-1.5003894066248291,0,1,0,0,0,0,0,0,0,0,0,0,0,0,1,0,0,0,1,0,0
L10141,it,birmingham,manager,c,ml foundations,2026-01-22,53.4,148.7,74.4,4.0,1.0,19.0,1,2026-01-22,0,1,0,0,0,0,0,1,0,0,0,0,0,0,0,0,0,0,0.022667875979252593,0.3161900693281495,0.4785122005442341,-0.7981790759111805,0,0,0,1,0,0,0,1,0,0,0,0,0,0,0,0,0,0,1,0,0
L10047,it,london,coordinator,c,responsible ai,2026-03-02,73.4,112.5,78.2,2.0,3.0,8.0,1,2026-03-02,0,0,0,0,0,0,0,0,0,0,0,0,0,0,0,0,0,0,1.1981843485420531,-0.41275130942738586,0.693024158318684,0.6062415855161165,0,0,0,1,0,0,0,0,0,0,0,0,1,0,0,0,0,0,0,0,1
L10210,operations,leeds,analyst,a,data literacy,2026-03-28,76.4,125.6,31.1,4.0,1.0,13.0,0,2026-03-28,0,0,0,0,0,0,0,0,0,0,0,0,0,0,0,0,0,0,1.3745118194264732,-0.1489631309274546,-1.9657951077804205,-0.7981790759111805,0,0,0,0,1,0,0,0,0,0,0,1,0,0,0,0,0,1,0,0,0
L10553,sales,unknown,analyst,d,ml foundations,2026-03-04,58.0,236.3,39.5,2.0,0.0,11.0,0,2026-03-04,0,0,0,0,0,0,0,0,0,0,0,0,0,0,1,0,0,0,0.2930366646686967,2.080147659907844,-1.4916107800684784,-1.5003894066248291,0,0,0,0,0,1,0,0,0,0,0,0,0,0,0,1,0,0,1,0,0
L10401,it,unknown,manager,b,ml foundations,2026-01-21,53.4,125.2,77.0,1.0,2.0,20.0,0,2026-01-21,0,0,0,0,0,0,0,1,0,0,0,0,0,0,1,0,0,0,0.022667875979252593,-0.15701773179768133,0.6252835400741207,-0.095968745197532,0,0,0,1,0,0,0,0,0,0,0,0,0,0,0,1,0,0,1,0,0
L10178,operations,unknown,associate,c,ai awareness,2026-02-15,54.1,120.6,69.6,3.0,2.0,17.0,1,2026-02-15,0,0,0,0,0,0,0,0,0,0,0,0,0,0,1,0,0,0,0.06381095251895076,-0.249645641805291,0.2075497275659808,-0.095968745197532,0,0,0,0,1,0,0,0,0,0,0,0,0,0,0,1,1,0,0,0,0
L10580,it,leeds,associate,c,data literacy,2026-01-15,48.3,58.1,53.5,3.0,3.0,18.0,0,2026-01-15,0,0,0,0,0,0,0,0,0,0,0,0,0,0,0,0,0,0,-0.2770888245242615,-1.5081770277782462,-0.7013035672152415,0.6062415855161165,0,0,0,1,0,0,0,0,0,0,0,1,0,0,0,0,0,1,0,0,0
L10439,customer support,london,coordinator,c,responsible ai,2026-02-13,41.9,156.9,53.7,4.0,3.0,11.0,0,2026-02-13,0,0,0,0,0,0,0,0,0,0,0,0,0,0,0,0,0,0,-0.6532540957443574,0.4813093871678016,-0.6900134641744807,0.6062415855161165,1,0,0,0,0,0,0,0,0,0,0,0,1,0,0,0,0,0,0,0,1
L10155,finance,cardiff,associate,b,python basics,not recorded,85.7,84.0,46.3,4.0,2.0,14.0,1,,1,0,0,0,0,0,0,0,0,0,0,0,0,0,0,0,0,0,1.9211269791681749,-0.9866416214310534,-1.1077472766826206,-0.095968745197532,0,1,0,0,0,0,0,0,0,1,0,0,0,0,0,0,0,0,0,1,0
L10322,finance,remote,analyst,b,ml foundations,2026-02-08,26.4,147.8,66.5,5.0,0.0,21.0,0,2026-02-08,0,0,0,0,0,0,0,0,0,1,0,0,0,0,0,0,0,0,-1.5642793619805275,0.2980672173701394,0.03255313043419293,-1.5003894066248291,0,1,0,0,0,0,0,0,0,0,0,0,0,0,1,0,0,0,1,0,0
L10070,hr,remote,specialist,b,ai awareness,2026-02-25,56.6,182.6,57.3,2.0,1.0,20.0,1,2026-02-25,0,0,0,0,0,0,0,0,0,0,0,0,0,0,0,0,0,0,0.21075051158930078,0.9988174930798805,-0.48679160944079153,-0.7981790759111805,0,0,1,0,0,0,0,0,0,0,0,0,0,0,1,0,1,0,0,0,0
L10021,hr,london,analyst,d,ml foundations,2026-01-10,62.8,61.3,45.5,4.0,3.0,8.0,1,2026-01-10,0,0,0,0,0,0,0,0,0,0,0,0,0,0,0,0,0,0,0.5751606180837685,-1.4437402208164307,-1.1529076888456626,0.6062415855161165,0,0,1,0,0,0,0,0,0,0,0,0,1,0,0,0,0,0,1,0,0
L10138,finance,unknown,associate,d,ai awareness,2026-01-05,62.8,243.7,45.1,5.0,3.0,20.0,0,2026-01-05,0,0,0,0,0,0,0,0,0,0,0,0,0,0,1,0,0,0,0.5751606180837685,2.229157776007041,-1.1754878949271836,0.6062415855161165,0,1,0,0,0,0,0,0,0,0,0,0,0,0,0,1,1,0,0,0,0
L10259,finance,unknown,manager,a,data literacy,2026-01-18,57.7,139.1,57.2,1.0,5.0,19.0,0,2026-01-18,0,0,0,0,0,0,0,0,0,0,0,0,0,0,1,0,0,0,0.27540391758025484,0.12287964844270372,-0.4924366609611715,2.0106622469434137,0,1,0,0,0,0,0,0,0,0,0,0,0,0,0,1,0,1,0,0,0
L10038,hr,manchester,technician,b,data literacy,2026-01-10,75.3,80.6,91.4,3.0,1.0,21.0,1,2026-01-10,0,0,0,0,0,0,0,0,0,0,0,0,0,0,0,0,0,0,1.3098584134355185,-1.0551057288279824,1.4381709590088791,-0.7981790759111805,0,0,1,0,0,0,0,0,0,0,0,0,0,1,0,0,0,1,0,0,0
L10330,operations,manchester,manager,b,ml foundations,2026-02-14,38.4,86.6,83.6,4.0,3.0,22.0,1,2026-02-14,0,0,0,0,0,0,0,0,0,0,0,0,0,0,0,0,0,0,-0.8589694784428474,-0.9342867157745787,0.9978569404192178,0.6062415855161165,0,0,0,0,1,0,0,0,0,0,0,0,0,1,0,0,0,0,1,0,0
L10561,sales,birmingham,specialist,a,ai awareness,2026-02-06,31.3,92.1,31.3,5.0,3.0,12.0,0,2026-02-06,0,0,0,0,0,0,0,0,0,0,0,0,0,0,0,0,0,0,-1.2762778262026413,-0.8235359538089586,-1.9545050047396602,0.6062415855161165,0,0,0,0,0,1,0,1,0,0,0,0,0,0,0,0,1,0,0,0,0
L10063,hr,london,analyst,a,python basics,2026-01-11,44.9,253.2,52.5,4.0,4.0,20.0,0,2026-01-11,0,0,0,0,0,0,0,0,0,0,0,0,0,0,0,0,0,0,-0.4769266248599374,2.4204545466749305,-0.7577540824190441,1.308451916229765,0,0,1,0,0,0,0,0,0,0,0,0,1,0,0,0,0,0,0,1,0
L10123,sales,unknown,coordinator,c,responsible ai,2026-01-11,53.4,146.7,66.6,4.0,4.0,13.0,1,2026-01-11,0,0,0,0,0,0,0,1,0,0,0,0,0,0,1,0,0,0,0.022667875979252593,0.27591706497701496,0.03819818195457288,1.308451916229765,0,0,0,0,0,1,0,0,0,0,0,0,0,0,0,1,0,0,0,0,1
L10273,operations,remote,analyst,c,ml foundations,2026-03-02,44.8,80.5,41.6,3.0,4.0,23.0,0,2026-03-02,0,0,0,0,0,0,0,0,0,0,0,0,0,0,0,0,0,0,-0.4828042072227515,-1.0571193790455389,-1.3730646981404928,1.308451916229765,0,0,0,0,1,0,0,0,0,0,0,0,0,0,1,0,0,0,1,0,0
L10004,it,remote,specialist,a,ml foundations,2026-02-14,43.8,60.3,59.4,3.0,2.0,22.0,1,2026-02-14,0,0,0,0,0,0,0,0,0,0,1,0,0,0,0,0,0,0,-0.5415800308508915,-1.463876722991998,-0.3682455275128059,-0.095968745197532,0,0,0,1,0,0,0,0,0,0,0,0,0,0,1,0,0,0,1,0,0
L10150,it,london,associate,c,ml foundations,2026-03-21,93.3,87.1,58.4,5.0,1.0,19.0,1,2026-03-21,0,0,0,0,0,0,0,0,0,0,0,0,0,0,0,0,0,0,2.3678232387420386,-0.924218464686795,-0.42469604271660855,-0.7981790759111805,0,0,0,1,0,0,0,0,0,0,0,0,1,0,0,0,0,0,1,0,0
L10160,customer support,bristol,analyst,d,responsible ai,2026-01-20,40.2,83.6,51.8,5.0,1.0,14.0,1,2026-01-20,0,0,0,0,0,0,0,0,0,0,0,0,1,0,0,0,0,0,-0.7531729959121952,-0.9946962223012804,-0.7972694430617061,-0.7981790759111805,1,0,0,0,0,0,0,0,1,0,0,0,0,0,0,0,0,0,0,0,1
L10415,it,unknown,associate,a,ai awareness,2026-01-19,66.9,113.7,46.2,5.0,1.0,13.0,0,2026-01-19,0,0,0,0,0,0,0,0,0,0,0,0,0,0,1,0,0,0,0.816141494959143,-0.38858750681670506,-1.1133923282030005,-0.7981790759111805,0,0,0,1,0,0,0,0,0,0,0,0,0,0,0,1,1,0,0,0,0
L10557,hr,birmingham,manager,c,data literacy,2026-01-20,46.5,250.3,80.1,1.0,2.0,20.0,1,2026-01-20,0,0,0,0,0,0,0,0,0,0,0,0,0,0,0,0,0,0,-0.38288530705491336,2.362058690365786,0.8002801372059085,-0.095968745197532,0,0,1,0,0,0,0,1,0,0,0,0,0,0,0,0,0,1,0,0,0
L10074,operations,manchester,specialist,a,responsible ai,2026-03-15,68.0,129.2,59.9,2.0,2.0,18.0,1,2026-03-15,0,0,0,0,0,0,0,0,0,0,0,0,0,0,0,0,0,0,0.8807949009500967,-0.0764717230954125,-0.34002026991090456,-0.095968745197532,0,0,0,0,1,0,0,0,0,0,0,0,0,1,0,0,0,0,0,0,1
L10145,hr,london,manager,b,ml foundations,2026-03-26,29.3,61.1,61.3,3.0,3.0,10.0,0,2026-03-26,0,0,0,0,0,0,0,0,0,0,0,0,0,0,0,0,0,0,-1.3938294734589214,-1.4477675212515444,-0.260989548625581,0.6062415855161165,0,0,1,0,0,0,0,0,0,0,0,0,1,0,0,0,0,0,1,0,0
L10218,hr,birmingham,technician,c,data literacy,2026-03-05,57.6,59.2,51.5,2.0,1.0,12.0,0,2026-03-05,0,0,0,0,0,0,0,0,0,0,0,0,0,0,0,0,0,0,0.2695263352174408,-1.486026875385122,-0.8142045976228467,-0.7981790759111805,0,0,1,0,0,0,0,1,0,0,0,0,0,0,0,0,0,1,0,0,0
L10185,customer support,remote,analyst,b,ai awareness,2026-03-20,39.0,87.9,56.3,1.0,2.0,11.0,0,2026-03-20,0,0,0,0,0,0,0,0,0,0,0,0,0,0,0,0,0,0,-0.8237039842659634,-0.9081092629463409,-0.5432421246445942,-0.095968745197532,1,0,0,0,0,0,0,0,0,0,0,0,0,0,1,0,1,0,0,0,0
L10554,hr,cardiff,analyst,a,python basics,2026-03-25,33.4,134.6,64.7,5.0,2.0,22.0,1,2026-03-25,0,0,0,0,0,0,0,0,0,0,0,0,0,0,0,0,0,0,-1.1528485965835475,0.032265388652650946,-0.06905779693265167,-0.095968745197532,0,0,1,0,0,0,0,0,0,1,0,0,0,0,0,0,0,0,0,1,0
L10594,it,birmingham,technician,a,responsible ai,15/02/2026,46.7,72.7,74.4,4.0,0.0,20.0,1,,1,0,0,0,0,0,0,0,0,0,0,0,0,0,0,0,0,0,-0.37113014232928515,-1.2141840960149637,0.4785122005442341,-1.5003894066248291,0,0,0,1,0,0,0,1,0,0,0,0,0,0,0,0,0,0,0,0,1
L10289,customer support,birmingham,specialist,a,ai awareness,2026-03-06,56.1,112.4,52.1,1.0,3.0,10.0,0,2026-03-06,0,0,0,0,0,0,0,0,0,0,0,0,0,0,0,0,0,0,0.18136259977523075,-0.4147649596449425,-0.7803342885005651,0.6062415855161165,1,0,0,0,0,0,0,1,0,0,0,0,0,0,0,0,1,0,0,0,0
L10404,finance,remote,associate,c,ai awareness,2026-03-17,46.0,125.55,32.9,2.0,1.0,15.0,0,2026-03-17,0,0,0,1,0,0,0,0,1,0,0,0,0,0,0,0,0,0,-0.4122732188689833,-0.1499699560362329,-1.864184180413576,-0.7981790759111805,0,1,0,0,0,0,0,0,0,0,0,0,0,0,1,0,1,0,0,0,0
L10499,it,bristol,analyst,b,data literacy,2026-03-29,14.9,145.1,48.8,3.0,1.0,19.0,0,2026-03-29,0,0,0,0,0,0,0,0,0,0,0,0,0,0,0,0,0,0,-2.2402013337041375,0.24369866149610742,-0.966620988673114,-0.7981790759111805,0,0,0,1,0,0,0,0,1,0,0,0,0,0,0,0,0,1,0,0,0
L10078,finance,bristol,technician,a,responsible ai,2026-03-06,38.9,242.4,53.9,3.0,2.0,14.0,0,2026-03-06,0,0,0,0,0,0,0,0,0,0,0,0,0,0,0,0,0,0,-0.8295815666287775,2.2029803231788043,-0.6787233611337204,-0.095968745197532,0,1,0,0,0,0,0,0,1,0,0,0,0,0,0,0,0,0,0,0,1
L10489,sales,remote,specialist,b,ai awareness,2026-02-21,60.4,185.7,90.4,1.0,3.0,6.0,1,2026-02-21,0,0,0,0,0,0,0,0,0,0,0,0,0,0,0,0,0,0,0.4340986413762326,1.061240649824139,1.3817204438050763,0.6062415855161165,0,0,0,0,0,1,0,0,0,0,0,0,0,0,1,0,1,0,0,0,0
L10468,sales,london,associate,b,responsible ai,2026-02-03,39.9,184.3,75.0,2.0,3.0,19.0,0,2026-02-03,0,0,0,0,0,0,0,0,0,0,0,0,0,0,0,0,0,0,-0.7708057430006374,1.0330495467783452,0.5123825096665154,0.6062415855161165,0,0,0,0,0,1,0,0,0,0,0,0,1,0,0,0,0,0,0,0,1
L10170,it,bristol,analyst,a,python basics,2026-03-24,20.0,173.5,71.4,1.0,1.0,10.0,0,2026-03-24,0,0,0,0,0,0,0,0,0,0,0,0,0,0,0,0,0,0,-1.9404446332006233,0.8155753232822184,0.3091606549328262,-0.7981790759111805,0,0,0,1,0,0,0,0,1,0,0,0,0,0,0,0,0,0,0,1,0
L10026,finance,cardiff,manager,b,responsible ai,2026-02-03,37.6,110.7,69.1,2.0,1.0,18.0,0,2026-02-03,0,0,0,0,0,0,0,0,0,0,0,0,0,0,0,0,0,0,-0.9059901373453593,-0.4489970133434069,0.17932446996407947,-0.7981790759111805,0,1,0,0,0,0,0,0,0,1,0,0,0,0,0,0,0,0,0,0,1
L10114,sales,remote,analyst,c,data literacy,2026-01-24,51.1,170.0,70.3,3.0,6.0,14.0,1,2026-01-24,0,0,0,0,0,0,0,0,0,0,0,0,0,0,0,0,0,0,-0.11251651836546925,0.7450975656677329,0.2470650882086428,2.712872577657062,0,0,0,0,0,1,0,0,0,0,0,0,0,0,1,0,0,1,0,0,0
L10321,finance,london,technician,a,ai awareness,2026-03-10,75.8,68.5,32.6,2.0,1.0,21.0,0,2026-03-10,0,0,0,0,0,0,0,0,0,0,0,0,0,0,0,0,0,0,1.3392463252495885,-1.2987574051523463,-1.8811193349747166,-0.7981790759111805,0,1,0,0,0,0,0,0,0,0,0,0,1,0,0,0,1,0,0,0,0
L10257,it,unknown,associate,b,data literacy,2026-02-06,56.3,89.4,45.4,1.0,2.0,16.0,0,2026-02-06,0,0,0,0,0,0,0,0,0,0,0,0,0,0,1,0,0,0,0.19311776450085852,-0.8779045096829899,-1.158552740366043,-0.095968745197532,0,0,0,1,0,0,0,0,0,0,0,0,0,0,0,1,0,1,0,0,0
L10426,sales,london,coordinator,d,ai awareness,2026-02-20,47.0,145.0,59.6,3.0,3.0,18.0,0,2026-02-20,0,0,0,0,0,0,0,0,0,0,1,0,0,0,0,0,0,0,-0.35349739524084334,0.2416850112785508,-0.3569554244720452,0.6062415855161165,0,0,0,0,0,1,0,0,0,0,0,0,1,0,0,0,1,0,0,0,0
L10490,operations,unknown,manager,a,data literacy,2026-02-12,39.6,242.6,60.4,1.0,1.0,21.0,0,2026-02-12,0,0,0,0,0,0,0,0,0,0,0,0,0,0,1,0,0,0,-0.7884384900890793,2.2070076236139173,-0.31179501230900325,-0.7981790759111805,0,0,0,0,1,0,0,0,0,0,0,0,0,0,0,1,0,1,0,0,0
L10428,hr,remote,manager,a,python basics,2026-01-14,60.5,144.5,82.7,5.0,3.0,13.0,1,2026-01-14,0,0,0,0,0,0,0,0,0,0,0,0,0,0,0,0,0,0,0.4399762237390467,0.23161676019076716,0.9470514767357959,0.6062415855161165,0,0,1,0,0,0,0,0,0,0,0,0,0,0,1,0,0,0,0,1,0
L10148,finance,london,manager,a,data literacy,2026-03-19,53.4,93.2,52.3,1.0,1.0,13.0,0,2026-03-19,0,0,0,0,0,0,0,1,0,0,0,0,0,0,0,0,0,0,0.022667875979252593,-0.8013858014158344,-0.7690441854598048,-0.7981790759111805,0,1,0,0,0,0,0,0,0,0,0,0,1,0,0,0,0,1,0,0,0
L10105,hr,remote,coordinator,b,ai awareness,2026-01-15,70.8,172.0,70.8,1.0,0.0,15.0,1,2026-01-15,0,0,0,0,0,0,0,0,0,0,0,0,0,0,0,0,0,0,1.0453672071088886,0.7853705700188675,0.2752903458105441,-1.5003894066248291,0,0,1,0,0,0,0,0,0,0,0,0,0,0,1,0,1,0,0,0,0
L10287,finance,manchester,manager,a,ml foundations,2026-03-19,46.8,152.4,72.4,2.0,1.0,31.0,1,2026-03-19,0,0,0,0,0,0,0,0,0,0,0,0,0,0,0,0,0,0,-0.3652525599664715,0.3906951273777488,0.36561117013662886,-0.7981790759111805,0,1,0,0,0,0,0,0,0,0,0,0,0,1,0,0,0,0,1,0,0
L10431,customer support,london,associate,d,ai awareness,2026-02-16,47.8,185.5,54.1,3.0,3.0,13.0,0,2026-02-16,0,0,0,0,0,0,0,0,0,0,0,0,0,0,0,0,0,0,-0.3064767363383315,1.0572133493890257,-0.6674332580929597,0.6062415855161165,1,0,0,0,0,0,0,0,0,0,0,0,1,0,0,0,1,0,0,0,0
L10235,customer support,london,specialist,b,data literacy,2026-01-25,47.7,58.7,76.4,1.0,4.0,4.0,1,2026-01-25,0,0,0,0,0,0,0,0,0,0,0,0,0,0,0,0,0,0,-0.31235431870114516,-1.4960951264729057,0.5914132309518394,1.308451916229765,1,0,0,0,0,0,0,0,0,0,0,0,1,0,0,0,0,1,0,0,0
L10475,operations,london,technician,c,ai awareness,2026-02-02,68.0,198.9,43.4,5.0,2.0,12.0,1,2026-02-02,0,0,0,0,0,0,0,0,0,0,0,0,0,0,0,0,0,0,0.8807949009500967,1.3270424785416275,-1.2714537707736482,-0.095968745197532,0,0,0,0,1,0,0,0,0,0,0,0,1,0,0,0,1,0,0,0,0
L10464,operations,manchester,specialist,c,data literacy,2026-02-09,59.0,98.7,57.8,1.0,2.0,10.0,0,2026-02-09,0,0,0,0,0,0,0,0,0,0,0,0,0,0,0,0,0,0,0.3518124882968367,-0.6906350394502143,-0.4585663518388902,-0.095968745197532,0,0,0,0,1,0,0,0,0,0,0,0,0,1,0,0,0,1,0,0,0
L10530,it,unknown,coordinator,c,python basics,04/04/2026,54.8,66.7,73.5,2.0,2.0,11.0,1,,1,0,0,0,0,0,0,0,0,0,0,0,0,0,1,0,0,0,0.10495402905864851,-1.3350031090683674,0.42770673686081145,-0.095968745197532,0,0,0,1,0,0,0,0,0,0,0,0,0,0,0,1,0,0,0,1,0
L10342,finance,manchester,coordinator,b,python basics,2026-03-06,59.8,186.5,77.1,5.0,3.0,10.0,1,2026-03-06,0,0,0,0,0,0,0,0,0,0,0,0,0,0,0,0,0,0,0.39883314719934854,1.077349851564593,0.6309285915945007,0.6062415855161165,0,1,0,0,0,0,0,0,0,0,0,0,0,1,0,0,0,0,0,1,0
L10423,hr,remote,manager,a,responsible ai,2026-03-12,26.2,86.8,70.8,3.0,1.0,9.0,1,2026-03-12,0,0,0,0,0,0,0,0,0,0,0,0,0,0,0,0,0,0,-1.5760345267061555,-0.9302594153394651,0.2752903458105441,-0.7981790759111805,0,0,1,0,0,0,0,0,0,0,0,0,0,0,1,0,0,0,0,0,1
L10175,operations,london,technician,b,ml foundations,2026-03-01,36.3,156.0,46.0,3.0,1.0,28.0,0,2026-03-01,0,0,0,0,0,0,0,0,0,0,0,0,0,0,0,0,0,0,-0.9823987080619415,0.4631865352097909,-1.1246824312437613,-0.7981790759111805,0,0,0,0,1,0,0,0,0,0,0,0,1,0,0,0,0,0,1,0,0
L10233,it,leeds,associate,b,python basics,2026-03-12,53.4,97.6,75.9,4.0,2.0,6.0,1,2026-03-12,0,0,0,0,0,0,0,1,0,0,0,0,0,0,0,0,0,0,0.022667875979252593,-0.7127851918433386,0.5631879733499381,-0.095968745197532,0,0,0,1,0,0,0,0,0,0,0,1,0,0,0,0,0,0,0,1,0
L10357,it,remote,associate,a,ai awareness,2026-03-07,27.1,126.9,45.6,1.0,1.0,2.0,0,2026-03-07,0,0,0,0,0,0,0,0,0,0,0,0,0,0,0,0,0,0,-1.5231362854408292,-0.12278567809921691,-1.147262637325282,-0.7981790759111805,0,0,0,1,0,0,0,0,0,0,0,0,0,0,1,0,1,0,0,0,0
L10406,operations,unknown,coordinator,b,ml foundations,2026-01-28,58.7,247.9,14.5,3.0,5.0,26.0,0,2026-01-28,0,0,0,0,0,0,0,0,0,0,0,0,0,0,1,0,0,0,0.33417974120839483,2.313731085144424,-2.9028736601635443,2.0106622469434137,0,0,0,0,1,0,0,0,0,0,0,0,0,0,0,1,0,0,1,0,0
L10036,customer support,leeds,analyst,a,data literacy,2026-03-21,55.7,56.5,40.7,5.0,2.0,12.0,1,2026-03-21,0,0,0,0,0,0,0,0,0,0,0,0,0,0,0,0,0,0,0.15785227032397484,-1.5403954312591537,-1.4238701618239151,-0.095968745197532,1,0,0,0,0,0,0,0,0,0,0,1,0,0,0,0,0,1,0,0,0
L10018,customer support,manchester,associate,b,data literacy,2026-03-26,54.3,52.8,79.3,3.0,1.0,10.0,1,2026-03-26,0,0,0,0,0,0,0,0,0,0,0,0,0,0,0,0,0,0,0.07556611724457851,-1.6149004893087526,0.7551197250428666,-0.7981790759111805,1,0,0,0,0,0,0,0,0,0,0,0,0,1,0,0,0,1,0,0,0
L10340,it,birmingham,coordinator,a,python basics,2026-02-14,41.7,248.9,81.5,5.0,5.0,16.0,1,2026-02-14,0,0,0,0,0,0,0,0,0,0,0,0,0,0,0,0,0,0,-0.6650092604699852,2.3338675873199914,0.8793108584912326,2.0106622469434137,0,0,0,1,0,0,0,1,0,0,0,0,0,0,0,0,0,0,0,1,0
L10254,operations,birmingham,associate,c,ml foundations,2026-02-25,71.0,256.2,67.2,1.0,5.0,14.0,0,2026-02-25,0,0,0,0,0,0,0,0,0,0,0,0,1,0,0,0,0,0,1.0571223718345166,2.4808640532016324,0.07206849107685494,2.0106622469434137,0,0,0,0,1,0,0,1,0,0,0,0,0,0,0,0,0,0,1,0,0
L10362,it,edinburgh,associate,a,python basics,2026-01-05,59.7,57.9,54.6,2.0,1.0,13.0,0,2026-01-05,0,0,0,0,0,0,0,0,0,0,0,0,0,0,0,0,0,0,0.3929555648365349,-1.5122043282133595,-0.6392080004910584,-0.7981790759111805,0,0,0,1,0,0,0,0,0,0,1,0,0,0,0,0,0,0,0,1,0
L10384,finance,remote,associate,c,ai awareness,2026-02-26,48.7,78.7,53.7,4.0,4.0,16.0,1,2026-02-26,0,0,0,0,0,0,0,0,0,0,0,0,0,0,0,0,0,0,-0.2535784950730052,-1.09336508296156,-0.6900134641744807,1.308451916229765,0,1,0,0,0,0,0,0,0,0,0,0,0,0,1,0,1,0,0,0,0
L10034,it,remote,associate,b,data literacy,2026-02-08,52.9,116.6,55.0,3.0,2.0,6.0,1,2026-02-08,0,0,0,0,0,0,0,0,0,0,0,0,0,0,0,0,0,0,-0.00672003583481741,-0.33019165050756016,-0.6166277944095374,-0.095968745197532,0,0,0,1,0,0,0,0,0,0,0,0,0,0,1,0,0,1,0,0,0
L10095,operations,unknown,analyst,d,ai awareness,2026-03-19,50.9,188.0,57.9,2.0,0.0,19.0,1,2026-03-19,0,0,0,0,0,0,0,0,0,0,0,0,0,0,1,0,0,0,-0.12427168309109742,1.1075546048279439,-0.45292130031850986,-1.5003894066248291,0,0,0,0,1,0,0,0,0,0,0,0,0,0,0,1,1,0,0,0,0
L10509,it,leeds,analyst,a,ai awareness,2026-02-08,49.8,125.55,32.5,4.0,1.0,12.0,0,2026-02-08,0,0,0,1,0,0,0,0,1,0,0,0,0,0,0,0,0,0,-0.1889250890820515,-0.1499699560362329,-1.886764386495097,-0.7981790759111805,0,0,0,1,0,0,0,0,0,0,0,1,0,0,0,0,1,0,0,0,0
L10359,it,unknown,coordinator,b,data literacy,2026-04-02,52.8,124.8,43.1,2.0,3.0,11.0,0,2026-04-02,0,0,0,0,0,0,0,0,0,0,0,0,0,0,1,0,0,0,-0.012597618197631492,-0.16507233266790836,-1.2883889253347889,0.6062415855161165,0,0,0,1,0,0,0,0,0,0,0,0,0,0,0,1,0,1,0,0,0
L10015,it,unknown,associate,d,python basics,2026-03-02,45.6,92.2,66.5,1.0,4.0,24.0,1,2026-03-02,0,0,0,0,0,0,0,0,0,1,0,0,0,0,1,0,0,0,-0.43578354832023924,-0.8215223035914017,0.03255313043419293,1.308451916229765,0,0,0,1,0,0,0,0,0,0,0,0,0,0,0,1,0,0,0,1,0
L10336,finance,cardiff,associate,d,data literacy,2026-03-25,61.4,92.7,58.3,2.0,1.0,12.0,0,2026-03-25,0,0,0,0,0,0,0,0,0,0,0,0,0,0,0,0,0,0,0.4928744650043726,-0.811454052503618,-0.4303410942369889,-0.7981790759111805,0,1,0,0,0,0,0,0,0,1,0,0,0,0,0,0,0,1,0,0,0
L10418,operations,leeds,analyst,b,data literacy,2026-03-21,53.7,122.2,56.4,4.0,2.0,7.0,1,2026-03-21,0,0,0,0,0,0,0,0,0,0,0,0,0,0,0,0,0,0,0.040300623067694843,-0.21742723832438318,-0.5375970731242138,-0.095968745197532,0,0,0,0,1,0,0,0,0,0,0,1,0,0,0,0,0,1,0,0,0
L10466,sales,cardiff,associate,c,responsible ai,2026-01-10,53.7,171.3,94.7,5.0,3.0,10.0,1,2026-01-10,0,0,0,0,0,0,0,0,0,0,0,0,0,0,0,0,0,0,0.040300623067694843,0.7712750184959706,1.6244576591814277,0.6062415855161165,0,0,0,0,0,1,0,0,0,1,0,0,0,0,0,0,0,0,0,0,1
L10237,customer support,london,analyst,a,responsible ai,2026-03-17,55.6,59.5,68.9,2.0,3.0,12.0,1,2026-03-17,0,0,0,0,0,0,0,0,0,0,0,0,0,0,0,0,0,0,0.15197468796116076,-1.4799859247324518,0.1680343669233196,0.6062415855161165,1,0,0,0,0,0,0,0,0,0,0,0,1,0,0,0,0,0,0,0,1
L10277,operations,edinburgh,analyst,a,python basics,2026-02-17,49.3,143.7,83.1,4.0,3.0,12.0,1,2026-02-17,0,0,0,0,0,0,0,0,0,0,0,0,0,0,0,0,0,0,-0.2183130008961215,0.2155075584503131,0.9696316828173165,0.6062415855161165,0,0,0,0,1,0,0,0,0,0,1,0,0,0,0,0,0,0,0,1,0
L10398,it,london,manager,a,responsible ai,2026-02-09,73.9,88.8,66.5,1.0,3.0,11.0,1,2026-02-09,0,0,0,0,0,0,0,0,0,1,0,0,0,0,0,0,0,0,1.227572260356123,-0.8899864109883305,0.03255313043419293,0.6062415855161165,0,0,0,1,0,0,0,0,0,0,0,0,1,0,0,0,0,0,0,0,1
L10023,hr,london,manager,d,python basics,2026-03-10,50.0,125.55,66.5,2.0,5.0,11.0,1,2026-03-10,0,0,0,1,0,0,0,0,1,0,0,0,0,0,0,0,0,0,-0.17716992435642334,-0.1499699560362329,0.03255313043419293,2.0106622469434137,0,0,1,0,0,0,0,0,0,0,0,0,1,0,0,0,0,0,0,1,0
L10488,unknown,remote,technician,c,responsible ai,2026-03-09,41.0,111.4,64.1,5.0,4.0,18.0,1,2026-03-09,0,0,0,0,0,0,0,0,0,0,0,0,0,1,0,0,0,0,-0.7061523370096834,-0.43490146182050976,-0.10292810605493373,1.308451916229765,0,0,0,0,0,0,1,0,0,0,0,0,0,0,1,0,0,0,0,0,1
L10564,it,london,manager,a,ml foundations,2026-03-08,39.0,87.0,70.5,4.0,1.0,15.0,1,2026-03-08,0,0,0,0,0,0,0,0,0,0,0,0,0,0,0,0,0,0,-0.8237039842659634,-0.9262321149043515,0.2583551912494035,-0.7981790759111805,0,0,0,1,0,0,0,0,0,0,0,0,1,0,0,0,0,0,1,0,0
L10276,sales,birmingham,associate,b,data literacy,2026-03-20,53.4,62.9,57.0,3.0,3.0,14.0,1,2026-03-20,0,0,0,0,0,0,0,1,0,0,0,0,0,0,0,0,0,0,0.022667875979252593,-1.411521817335523,-0.5037267640019322,0.6062415855161165,0,0,0,0,0,1,0,1,0,0,0,0,0,0,0,0,0,1,0,0,0
L10255,it,bristol,coordinator,c,ml foundations,2026-03-15,47.9,241.6,85.8,3.0,1.0,16.0,1,2026-03-15,0,0,0,0,0,0,0,0,0,0,0,0,0,0,0,0,0,0,-0.3005991539755174,2.18687112143835,1.1220480738675838,-0.7981790759111805,0,0,0,1,0,0,0,0,1,0,0,0,0,0,0,0,0,0,1,0,0
L10313,operations,london,coordinator,c,data literacy,2026-03-20,69.6,112.8,72.3,3.0,1.0,23.0,1,2026-03-20,0,0,0,0,0,0,0,0,0,0,0,0,0,0,0,0,0,0,0.9748362187551204,-0.40671035877471573,0.3599661186162481,-0.7981790759111805,0,0,0,0,1,0,0,0,0,0,0,0,1,0,0,0,0,1,0,0,0
L10412,finance,unknown,coordinator,a,ml foundations,2026-02-05,33.0,151.4,58.2,2.0,2.0,11.0,0,2026-02-05,0,0,0,0,0,0,0,0,0,0,0,0,0,0,1,0,0,0,-1.1763589260348033,0.3705586252021815,-0.4359861457573688,-0.095968745197532,0,1,0,0,0,0,0,0,0,0,0,0,0,0,0,1,0,0,1,0,0
L10057,hr,manchester,technician,d,python basics,2026-01-13,53.3,117.0,43.1,1.0,1.0,17.0,0,2026-01-13,0,0,0,0,0,0,0,0,0,0,0,0,0,0,0,0,0,0,0.01679029361643851,-0.32213704963733314,-1.2883889253347889,-0.7981790759111805,0,0,1,0,0,0,0,0,0,0,0,0,0,1,0,0,0,0,0,1,0
L10310,hr,unknown,specialist,c,python basics,2026-02-09,50.3,153.2,84.5,4.0,4.0,22.0,1,2026-02-09,0,0,0,0,0,0,0,0,0,0,0,0,0,0,1,0,0,0,-0.1595371772679815,0.4068043291182023,1.0486624041026404,1.308451916229765,0,0,1,0,0,0,0,0,0,0,0,0,0,0,0,1,0,0,0,1,0
L10551,operations,bristol,technician,b,data literacy,2026-02-16,54.7,92.6,66.5,5.0,3.0,8.0,1,2026-02-16,0,0,0,0,0,0,0,0,0,1,0,0,0,0,0,0,0,0,0.09907644669583485,-0.813467702721175,0.03255313043419293,0.6062415855161165,0,0,0,0,1,0,0,0,1,0,0,0,0,0,0,0,0,1,0,0,0
L10071,hr,manchester,technician,b,ai awareness,2026-03-21,39.0,63.4,70.3,2.0,1.0,20.0,1,2026-03-21,0,0,0,0,0,0,0,0,0,0,0,0,0,0,0,0,0,0,-0.8237039842659634,-1.4014535662477394,0.2470650882086428,-0.7981790759111805,0,0,1,0,0,0,0,0,0,0,0,0,0,1,0,0,1,0,0,0,0
L10143,hr,edinburgh,specialist,c,ai awareness,2026-01-13,41.8,173.5,79.3,1.0,4.0,16.0,1,2026-01-13,0,0,0,0,0,0,0,0,0,0,0,0,0,0,0,0,0,0,-0.6591316781071715,0.8155753232822184,0.7551197250428666,1.308451916229765,0,0,1,0,0,0,0,0,0,0,1,0,0,0,0,0,1,0,0,0,0
L10279,it,remote,associate,c,data literacy,2026-02-26,60.5,118.0,51.7,4.0,0.0,10.0,1,2026-02-26,0,0,0,0,0,0,0,0,0,0,0,0,0,0,0,0,0,0,0.4399762237390467,-0.30200054746176586,-0.802914494582086,-1.5003894066248291,0,0,0,1,0,0,0,0,0,0,0,0,0,0,1,0,0,1,0,0,0
L10147,hr,remote,associate,b,responsible ai,2026-01-17,51.3,151.6,66.5,5.0,0.0,0.0,1,2026-01-17,0,0,0,0,0,0,0,0,0,1,0,0,0,0,0,0,0,0,-0.1007613536398415,0.37458592563729476,0.03255313043419293,-1.5003894066248291,0,0,1,0,0,0,0,0,0,0,0,0,0,0,1,0,0,0,0,0,1
L10442,customer support,remote,associate,b,data literacy,2026-03-10,26.0,237.7,66.5,5.0,3.0,17.0,1,2026-03-10,0,0,0,0,0,0,0,0,0,1,0,0,0,0,0,0,0,0,-1.5877896914317833,2.108338762953638,0.03255313043419293,0.6062415855161165,1,0,0,0,0,0,0,0,0,0,0,0,0,0,1,0,0,1,0,0,0
L10444,operations,bristol,coordinator,c,python basics,2026-03-15,35.0,115.3,87.7,1.0,3.0,16.0,0,2026-03-15,0,0,0,0,0,0,0,0,0,0,0,0,0,0,0,0,0,0,-1.0588072787785234,-0.3563691033357976,1.2293040527548091,0.6062415855161165,0,0,0,0,1,0,0,0,1,0,0,0,0,0,0,0,0,0,0,1,0
L10221,finance,london,associate,a,responsible ai,2026-01-20,53.4,128.7,53.5,3.0,3.0,22.0,0,2026-01-20,0,0,0,0,0,0,0,1,0,0,0,0,0,0,0,0,0,0,0.022667875979252593,-0.08653997418319614,-0.7013035672152415,0.6062415855161165,0,1,0,0,0,0,0,0,0,0,0,0,1,0,0,0,0,0,0,0,1
L10445,sales,remote,technician,b,python basics,2026-01-13,53.4,66.6,73.3,2.0,4.0,7.0,1,2026-01-13,0,0,0,0,0,0,0,1,0,0,0,0,0,0,0,0,0,0,0.022667875979252593,-1.3370167592859243,0.41641663382005073,1.308451916229765,0,0,0,0,0,1,0,0,0,0,0,0,0,0,1,0,0,0,0,1,0
L10081,sales,cardiff,manager,c,data literacy,2026-01-21,47.4,113.2,57.8,5.0,2.0,16.0,1,2026-01-21,0,0,0,0,0,0,0,0,0,0,0,0,0,0,0,0,0,0,-0.3299870657895874,-0.3986557579044887,-0.4585663518388902,-0.095968745197532,0,0,0,0,0,1,0,0,0,1,0,0,0,0,0,0,0,1,0,0,0
L10126,hr,remote,coordinator,b,data literacy,2026-03-16,25.0,154.4,40.5,3.0,3.0,10.0,1,2026-03-16,0,0,0,0,0,0,0,0,0,0,0,0,0,0,0,0,0,0,-1.6465655150599234,0.4309681317288834,-1.4351602648646757,0.6062415855161165,0,0,1,0,0,0,0,0,0,0,0,0,0,0,1,0,0,1,0,0,0
L10515,sales,leeds,coordinator,d,python basics,2026-02-27,49.7,90.8,63.9,3.0,1.0,23.0,0,2026-02-27,0,0,0,0,0,0,0,0,0,0,0,0,0,0,0,0,0,0,-0.19480267144486516,-0.849713406637196,-0.11421820909569402,-0.7981790759111805,0,0,0,0,0,1,0,0,0,0,0,1,0,0,0,0,0,0,0,1,0
L10572,it,bristol,manager,b,ai awareness,2026-02-02,37.3,56.2,58.0,5.0,1.0,18.0,1,2026-02-02,0,0,0,0,0,0,0,0,0,0,0,0,0,0,0,0,0,0,-0.9236228844338015,-1.5464363819118239,-0.44727624879812955,-0.7981790759111805,0,0,0,1,0,0,0,0,1,0,0,0,0,0,0,0,1,0,0,0,0
L10080,operations,leeds,manager,c,responsible ai,2026-02-10,53.4,180.5,94.8,2.0,1.0,21.0,1,2026-02-10,0,0,0,0,0,0,0,0,0,0,0,0,0,0,0,0,0,0,0.022667875979252593,0.9565308385111894,1.6301027107018076,-0.7981790759111805,0,0,0,0,1,0,0,0,0,0,0,1,0,0,0,0,0,0,0,0,1
L10258,operations,remote,coordinator,b,data literacy,2026-03-13,55.2,140.7,83.1,4.0,1.0,10.0,1,2026-03-13,0,0,0,0,0,0,0,0,0,0,0,0,0,0,0,0,0,0,0.12846435850990484,0.15509805192361126,0.9696316828173165,-0.7981790759111805,0,0,0,0,1,0,0,0,0,0,0,0,0,0,1,0,0,1,0,0,0
L10334,customer support,manchester,specialist,b,ml foundations,2026-03-18,61.5,233.4,57.8,1.0,3.0,10.0,0,2026-03-18,0,0,0,0,0,0,0,0,0,0,0,0,0,0,0,0,0,0,0.4987520473671867,2.0217518035986988,-0.4585663518388902,0.6062415855161165,1,0,0,0,0,0,0,0,0,0,0,0,0,1,0,0,0,0,1,0,0
L10301,hr,cardiff,coordinator,a,ml foundations,2026-02-15,77.3,191.4,50.2,2.0,1.0,8.0,0,2026-02-15,0,0,0,0,0,0,0,0,0,0,0,0,0,0,0,0,0,0,1.4274100606917985,1.1760187122248729,-0.88759026738779,-0.7981790759111805,0,0,1,0,0,0,0,0,0,1,0,0,0,0,0,0,0,0,1,0,0
L10219,customer support,manchester,coordinator,b,data literacy,2026-01-31,27.2,177.5,64.5,4.0,1.0,13.0,1,2026-01-31,0,0,0,0,0,0,0,0,0,0,0,0,0,0,0,0,0,0,-1.5172587030780154,0.8961213319844875,-0.08034789997341235,-0.7981790759111805,1,0,0,0,0,0,0,0,0,0,0,0,0,1,0,0,0,1,0,0,0
L10260,sales,remote,coordinator,a,data literacy,2026-02-19,64.6,174.5,85.9,4.0,0.0,20.0,1,2026-02-19,0,0,0,0,0,0,0,0,0,0,0,0,0,0,0,0,0,0,0.6809571006144204,0.8357118254577857,1.1276931253879645,-1.5003894066248291,0,0,0,0,0,1,0,0,0,0,0,0,0,0,1,0,0,1,0,0,0
L10596,operations,manchester,technician,c,ai awareness,2026-02-18,59.4,118.5,76.9,4.0,2.0,16.0,1,2026-02-18,0,0,0,0,0,0,0,0,0,0,0,0,0,0,0,0,0,0,0.3753228177480926,-0.2919322963739822,0.6196384885537407,-0.095968745197532,0,0,0,0,1,0,0,0,0,0,0,0,0,1,0,0,1,0,0,0,0
L10411,sales,unknown,technician,b,ml foundations,2026-03-18,53.4,184.0,80.7,2.0,3.0,10.0,1,2026-03-18,0,0,0,0,0,0,0,1,0,0,0,0,0,0,1,0,0,0,0.022667875979252593,1.0270085961256747,0.8341504463281906,0.6062415855161165,0,0,0,0,0,1,0,0,0,0,0,0,0,0,0,1,0,0,1,0,0
L10024,customer support,birmingham,technician,a,data literacy,2026-02-10,70.8,178.8,27.6,5.0,0.0,13.0,0,2026-02-10,0,0,0,0,0,0,0,0,0,0,0,0,0,0,0,0,0,0,1.0453672071088886,0.9222987848127252,-2.16337191099373,-1.5003894066248291,1,0,0,0,0,0,0,1,0,0,0,0,0,0,0,0,0,1,0,0,0
L10540,unknown,manchester,technician,c,ai awareness,2026-01-21,76.5,184.6,78.0,2.0,6.0,12.0,1,2026-01-21,0,0,0,0,0,0,0,0,0,0,0,0,0,1,0,0,0,0,1.3803894017892868,1.0390904974310151,0.6817340552779233,2.712872577657062,0,0,0,0,0,0,1,0,0,0,0,0,0,1,0,0,1,0,0,0,0
L10223,customer support,bristol,manager,a,ai awareness,2026-01-14,72.5,174.1,64.6,1.0,1.0,10.0,1,2026-01-14,0,0,0,0,0,0,0,0,0,0,0,0,0,0,0,0,0,0,1.1452861072767266,0.8276572245875586,-0.0747028484530324,-0.7981790759111805,1,0,0,0,0,0,0,0,1,0,0,0,0,0,0,0,1,0,0,0,0
L10269,it,london,analyst,a,data literacy,2026-03-26,46.4,68.5,66.5,4.0,3.0,17.0,1,2026-03-26,0,0,0,0,0,0,0,0,0,0,0,0,0,0,0,0,0,0,-0.3887628894177274,-1.2987574051523463,0.03255313043419293,0.6062415855161165,0,0,0,1,0,0,0,0,0,0,0,0,1,0,0,0,0,1,0,0,0
L10051,it,london,specialist,a,data literacy,2026-04-01,55.8,195.7,26.5,5.0,2.0,26.0,0,2026-04-01,0,0,0,0,0,0,0,0,0,0,0,0,0,0,0,0,0,0,0.16372985268678852,1.2626056715798117,-2.225467477717913,-0.095968745197532,0,0,0,1,0,0,0,0,0,0,0,0,1,0,0,0,0,1,0,0,0
L10280,sales,birmingham,analyst,a,data literacy,2026-02-20,55.0,56.6,62.8,2.0,1.0,9.0,0,2026-02-20,0,0,0,0,0,0,0,0,0,0,0,0,0,0,0,0,0,0,0.11670919378427667,-1.5383817810415972,-0.176313775819877,-0.7981790759111805,0,0,0,0,0,1,0,1,0,0,0,0,0,0,0,0,0,1,0,0,0
L10122,it,unknown,technician,d,data literacy,2026-01-07,33.4,248.1,16.2,3.0,1.0,11.0,0,2026-01-07,0,0,0,0,0,0,0,0,0,0,0,0,0,0,1,0,0,0,-1.1528485965835475,2.3177583855795376,-2.80690778431708,-0.7981790759111805,0,0,0,1,0,0,0,0,0,0,0,0,0,0,0,1,0,1,0,0,0
L10371,sales,unknown,coordinator,b,python basics,2026-03-20,72.8,247.4,100.0,2.0,4.0,10.0,1,2026-03-20,0,0,0,0,0,0,0,0,0,0,0,0,0,0,1,0,0,0,1.1629188543651685,2.3036628340566407,1.9236453897615815,1.308451916229765,0,0,0,0,0,1,0,0,0,0,0,0,0,0,0,1,0,0,0,1,0
L10193,it,unknown,technician,c,python basics,2026-03-11,50.9,115.2,80.1,1.0,1.0,19.0,1,2026-03-11,0,0,0,0,0,0,0,0,0,0,0,0,0,0,1,0,0,0,-0.12427168309109742,-0.35838275355335414,0.8002801372059085,-0.7981790759111805,0,0,0,1,0,0,0,0,0,0,0,0,0,0,0,1,0,0,0,1,0
L10408,operations,unknown,manager,b,ml foundations,2026-01-06,56.5,183.0,100.0,1.0,2.0,14.0,1,2026-01-06,0,0,0,0,0,0,0,0,0,0,0,0,1,0,1,0,0,0,0.20487292922648667,1.0068720939501075,1.9236453897615815,-0.095968745197532,0,0,0,0,1,0,0,0,0,0,0,0,0,0,0,1,0,0,1,0,0
L10574,customer support,unknown,manager,d,ai awareness,2026-03-16,57.1,92.1,50.1,1.0,3.0,19.0,0,2026-03-16,0,0,0,0,0,0,0,0,0,0,0,0,0,0,1,0,0,0,0.24013842340337077,-0.8235359538089586,-0.8932353189081703,0.6062415855161165,1,0,0,0,0,0,0,0,0,0,0,0,0,0,0,1,1,0,0,0,0
L10252,operations,remote,associate,c,data literacy,2026-03-15,55.8,193.9,51.2,5.0,1.0,8.0,1,2026-03-15,0,0,0,0,0,0,0,0,0,0,0,0,0,0,0,0,0,0,0.16372985268678852,1.226359967663791,-0.8311397521839874,-0.7981790759111805,0,0,0,0,1,0,0,0,0,0,0,0,0,0,1,0,0,1,0,0,0
L10385,hr,manchester,associate,c,python basics,2026-03-24,74.1,183.8,86.2,4.0,3.0,26.0,1,2026-03-24,0,0,0,0,0,0,0,0,0,0,0,0,0,0,0,0,0,0,1.2393274250817503,1.0229812956905615,1.1446282799491052,0.6062415855161165,0,0,1,0,0,0,0,0,0,0,0,0,0,1,0,0,0,0,0,1,0
L10331,hr,remote,analyst,a,ai awareness,2026-03-06,37.2,125.1,76.1,1.0,3.0,18.0,1,2026-03-06,0,0,0,0,0,0,0,0,0,0,0,0,0,0,0,0,0,0,-0.9295004667966152,-0.15903138201523825,0.5744780763906979,0.6062415855161165,0,0,1,0,0,0,0,0,0,0,0,0,0,0,1,0,1,0,0,0,0
L10563,operations,london,manager,a,python basics,2026-03-01,66.7,75.1,84.1,1.0,5.0,10.0,0,2026-03-01,0,0,0,0,0,0,0,0,0,0,0,0,0,0,0,0,0,0,0.8043863302335149,-1.1658564907936024,1.0260821980211192,2.0106622469434137,0,0,0,0,1,0,0,0,0,0,0,0,1,0,0,0,0,0,0,1,0
L10377,finance,unknown,manager,b,data literacy,2026-02-07,41.5,243.9,60.5,5.0,3.0,13.0,1,2026-02-07,0,0,0,0,0,0,0,0,0,0,0,0,0,0,1,0,0,0,-0.6767644251956133,2.233185076442155,-0.30614996078862294,0.6062415855161165,0,1,0,0,0,0,0,0,0,0,0,0,0,0,0,1,0,1,0,0,0
L10453,customer support,unknown,associate,a,python basics,2026-02-02,14.5,84.9,85.1,5.0,4.0,9.0,1,2026-02-02,0,0,0,0,0,0,0,0,0,0,0,0,0,0,1,0,0,0,-2.2637116631553935,-0.9685187694730427,1.0825327132249218,1.308451916229765,1,0,0,0,0,0,0,0,0,0,0,0,0,0,0,1,0,0,0,1,0
L10566,sales,remote,specialist,b,data literacy,2026-03-22,75.3,145.2,55.7,1.0,2.0,17.0,0,2026-03-22,0,0,0,0,0,0,0,0,0,0,0,0,0,0,0,0,0,0,1.3098584134355185,0.24571231171366403,-0.5771124337668755,-0.095968745197532,0,0,0,0,0,1,0,0,0,0,0,0,0,0,1,0,0,1,0,0,0
L10031,hr,birmingham,associate,d,python basics,2026-01-05,40.1,64.3,51.5,2.0,5.0,5.0,0,2026-01-05,0,0,0,0,0,0,0,0,0,0,0,0,0,0,0,0,0,0,-0.7590505782750093,-1.3833307142897289,-0.8142045976228467,2.0106622469434137,0,0,1,0,0,0,0,1,0,0,0,0,0,0,0,0,0,0,0,1,0
L10481,operations,leeds,technician,b,data literacy,2026-03-21,70.5,240.8,76.5,3.0,2.0,12.0,1,2026-03-21,0,0,0,0,0,0,0,0,0,0,0,0,0,0,0,0,0,0,1.0277344600204468,2.1707619196978967,0.5970582824722194,-0.095968745197532,0,0,0,0,1,0,0,0,0,0,0,1,0,0,0,0,0,1,0,0,0
L10268,operations,london,technician,b,ai awareness,2026-02-20,49.9,146.1,67.0,2.0,1.0,15.0,1,2026-02-20,0,0,0,0,0,0,0,0,0,0,0,0,0,0,0,0,0,0,-0.18304750671923742,0.2638351636716747,0.060778388036094255,-0.7981790759111805,0,0,0,0,1,0,0,0,0,0,0,0,1,0,0,0,1,0,0,0,0
L10167,sales,manchester,specialist,b,ai awareness,2026-01-28,40.1,168.2,82.1,4.0,2.0,13.0,1,2026-01-28,0,0,0,0,0,0,0,0,0,0,0,0,0,0,0,0,0,0,-0.7590505782750093,0.7088518617517116,0.9131811676135139,-0.095968745197532,0,0,0,0,0,1,0,0,0,0,0,0,0,1,0,0,1,0,0,0,0
L10200,operations,edinburgh,specialist,c,ai awareness,2026-01-21,71.8,118.9,91.6,3.0,1.0,11.0,1,2026-01-21,0,0,0,0,0,0,0,0,0,0,0,0,0,0,0,0,0,0,1.1041430307370286,-0.2838776955037552,1.4494610620496389,-0.7981790759111805,0,0,0,0,1,0,0,0,0,0,1,0,0,0,0,0,1,0,0,0,0
L10367,it,london,analyst,b,ai awareness,2026-01-20,81.4,82.7,66.9,3.0,2.0,15.0,1,2026-01-20,0,0,0,0,0,0,0,0,0,0,0,0,0,0,0,0,0,0,1.668390937567173,-1.0128190742592909,0.05513333651571431,-0.095968745197532,0,0,0,1,0,0,0,0,0,0,0,0,1,0,0,0,1,0,0,0,0
L10300,customer support,unknown,associate,a,ai awareness,2026-02-05,48.1,53.1,88.3,5.0,2.0,14.0,1,2026-02-05,0,0,0,0,0,0,0,0,0,0,0,0,1,0,1,0,0,0,-0.28884398924988924,-1.6088595386560827,1.2631743618770903,-0.095968745197532,1,0,0,0,0,0,0,0,0,0,0,0,0,0,0,1,1,0,0,0,0
L10437,sales,birmingham,manager,d,data literacy,2026-01-26,45.9,157.3,55.2,1.0,1.0,8.0,0,2026-01-26,0,0,0,0,0,0,0,0,0,0,0,0,0,0,0,0,0,0,-0.41815080123179743,0.4893639880380286,-0.6053376913687768,-0.7981790759111805,0,0,0,0,0,1,0,1,0,0,0,0,0,0,0,0,0,1,0,0,0
L10392,hr,leeds,associate,b,ml foundations,2026-01-13,67.0,151.5,97.8,3.0,5.0,16.0,1,2026-01-13,0,0,0,0,0,0,0,0,0,0,0,0,0,0,0,0,0,0,0.8220190773219567,0.37257227541973814,1.7994542563132154,2.0106622469434137,0,0,1,0,0,0,0,0,0,0,0,1,0,0,0,0,0,0,1,0,0
L10511,it,birmingham,manager,d,python basics,2026-02-27,44.2,190.9,40.2,1.0,0.0,1.0,0,2026-02-27,0,0,0,0,0,0,0,0,0,0,0,0,0,0,0,0,0,0,-0.5180697013996352,1.1659504611370892,-1.4520954194258164,-1.5003894066248291,0,0,0,1,0,0,0,1,0,0,0,0,0,0,0,0,0,0,0,1,0
L10217,sales,cardiff,manager,b,ml foundations,2026-03-31,53.9,126.6,68.2,4.0,0.0,5.0,1,2026-03-31,0,0,0,0,0,0,0,0,0,0,0,0,0,0,0,0,0,0,0.052055787793322594,-0.12882662875188733,0.12851900628065757,-1.5003894066248291,0,0,0,0,0,1,0,0,0,1,0,0,0,0,0,0,0,0,1,0,0
L10270,sales,london,associate,d,ai awareness,2026-02-19,73.0,105.9,57.2,2.0,0.0,15.0,1,2026-02-19,0,0,0,0,0,0,0,0,0,0,0,0,0,0,0,0,0,0,1.1746740190907967,-0.5456522237861299,-0.4924366609611715,-1.5003894066248291,0,0,0,0,0,1,0,0,0,0,0,0,1,0,0,0,1,0,0,0,0
L10083,operations,london,associate,c,data literacy,2026-03-16,66.7,249.4,23.2,1.0,2.0,10.0,0,2026-03-16,0,0,0,0,0,0,0,0,0,0,0,0,0,0,0,0,0,0,0.8043863302335149,2.3439358384077753,-2.411754177890461,-0.095968745197532,0,0,0,0,1,0,0,0,0,0,0,0,1,0,0,0,0,1,0,0,0
L10456,customer support,remote,analyst,b,data literacy,2026-02-13,43.4,119.7,53.8,2.0,4.0,21.0,0,2026-02-13,0,0,0,0,0,0,0,0,0,0,0,0,0,0,0,0,0,0,-0.5650903603021474,-0.2677684937633014,-0.6843684126541008,1.308451916229765,1,0,0,0,0,0,0,0,0,0,0,0,0,0,1,0,0,1,0,0,0
L10044,operations,bristol,specialist,a,data literacy,2026-03-03,70.6,125.9,83.5,3.0,3.0,14.0,1,2026-03-03,0,0,0,0,0,0,0,0,0,0,0,0,1,0,0,0,0,0,1.0336120423832604,-0.14292218027478418,0.9922118888988378,0.6062415855161165,0,0,0,0,1,0,0,0,1,0,0,0,0,0,0,0,0,1,0,0,0
L10569,operations,bristol,associate,a,data literacy,2026-02-16,40.3,185.9,62.4,4.0,2.0,5.0,1,2026-02-16,0,0,0,0,0,0,0,0,0,0,0,0,0,0,0,0,0,0,-0.7472954135493816,1.0652679502592528,-0.19889398190139798,-0.095968745197532,0,0,0,0,1,0,0,0,1,0,0,0,0,0,0,0,0,1,0,0,0
L10099,finance,unknown,analyst,a,data literacy,2026-02-04,31.0,188.9,72.5,2.0,4.0,8.0,0,2026-02-04,0,0,0,0,0,0,0,0,0,0,0,0,0,0,1,0,0,0,-1.2939105732910834,1.1256774567859547,0.3712562216570088,1.308451916229765,0,1,0,0,0,0,0,0,0,0,0,0,0,0,0,1,0,1,0,0,0
L10585,unknown,manchester,analyst,b,responsible ai,2026-01-16,39.2,132.1,44.6,1.0,0.0,23.0,0,2026-01-16,0,0,0,0,0,0,0,0,0,0,0,0,0,1,0,0,0,0,-0.8119488195403352,-0.018075866786267263,-1.203713152529085,-1.5003894066248291,0,0,0,0,0,0,1,0,0,0,0,0,0,1,0,0,0,0,0,0,1
L10430,sales,leeds,coordinator,d,data literacy,2026-01-31,59.1,52.0,66.5,1.0,5.0,16.0,0,2026-01-31,0,0,0,0,0,0,0,0,0,1,0,0,0,0,0,0,0,0,0.35769007065965075,-1.6310096910492065,0.03255313043419293,2.0106622469434137,0,0,0,0,0,1,0,0,0,0,0,1,0,0,0,0,0,1,0,0,0
L10101,customer support,birmingham,manager,b,data literacy,2026-02-22,64.8,54.5,49.7,1.0,3.0,8.0,1,2026-02-22,0,0,0,0,0,0,0,0,0,0,0,0,0,0,0,0,0,0,0.6927122653400485,-1.5806684356102882,-0.9158155249896913,0.6062415855161165,1,0,0,0,0,0,0,1,0,0,0,0,0,0,0,0,0,1,0,0,0
L10042,finance,london,coordinator,b,ai awareness,2026-02-01,37.2,153.7,62.5,5.0,0.0,9.0,1,2026-02-01,0,0,0,0,0,0,0,0,0,0,0,0,0,0,0,0,0,0,-0.9295004667966152,0.41687258020598594,-0.19324893038101765,-1.5003894066248291,0,1,0,0,0,0,0,0,0,0,0,0,1,0,0,0,1,0,0,0,0
L10265,finance,birmingham,manager,b,ai awareness,2026-01-17,42.0,185.2,73.1,3.0,2.0,22.0,1,2026-01-17,0,0,0,0,0,0,0,0,0,0,0,0,0,0,0,0,0,0,-0.6473765133815433,1.0511723987363553,0.40512653077929006,-0.095968745197532,0,1,0,0,0,0,0,1,0,0,0,0,0,0,0,0,1,0,0,0,0
L10196,operations,remote,technician,c,ml foundations,2026-04-02,55.3,124.2,66.5,1.0,6.0,22.0,1,2026-04-02,0,0,0,0,0,0,0,0,0,1,0,0,0,0,0,0,0,0,0.1343419408727185,-0.17715423397324861,0.03255313043419293,2.712872577657062,0,0,0,0,1,0,0,0,0,0,0,0,0,0,1,0,0,0,1,0,0
L10495,finance,london,technician,a,ai awareness,2026-03-31,65.0,120.1,74.8,4.0,3.0,10.0,1,2026-03-31,0,0,0,0,0,0,0,0,0,0,0,0,0,0,0,0,0,0,0.7044674300656767,-0.25971389289307467,0.5010924066257547,0.6062415855161165,0,1,0,0,0,0,0,0,0,0,0,0,1,0,0,0,1,0,0,0,0
L10013,hr,unknown,technician,b,ai awareness,2026-02-14,30.6,172.5,66.5,3.0,2.0,17.0,0,2026-02-14,0,0,0,0,0,0,0,0,0,1,0,0,0,0,1,0,0,0,-1.3174209027423394,0.7954388211066511,0.03255313043419293,-0.095968745197532,0,0,1,0,0,0,0,0,0,0,0,0,0,0,0,1,1,0,0,0,0
L10220,it,remote,associate,c,ml foundations,2026-02-26,32.9,178.2,64.7,4.0,1.0,14.0,1,2026-02-26,0,0,0,0,0,0,0,0,0,0,0,0,1,0,0,0,0,0,-1.1822365083976174,0.9102168835073844,-0.06905779693265167,-0.7981790759111805,0,0,0,1,0,0,0,0,0,0,0,0,0,0,1,0,0,0,1,0,0
L10344,finance,manchester,analyst,c,data literacy,2026-03-24,60.8,148.0,62.7,2.0,2.0,12.0,0,2026-03-24,0,0,0,0,0,0,0,0,0,0,0,0,0,0,0,0,0,0,0.4576089708274885,0.30209451780525265,-0.18195882734025695,-0.095968745197532,0,1,0,0,0,0,0,0,0,0,0,0,0,1,0,0,0,1,0,0,0
L10213,customer support,remote,coordinator,c,ml foundations,2026-02-21,30.6,246.6,67.9,1.0,0.0,6.0,1,2026-02-21,0,0,0,0,0,0,0,0,0,0,0,0,0,0,0,0,0,0,-1.3174209027423394,2.2875536323161865,0.11158385171951696,-1.5003894066248291,1,0,0,0,0,0,0,0,0,0,0,0,0,0,1,0,0,0,1,0,0
L10119,hr,london,manager,a,data literacy,2026-04-01,51.7,131.4,72.6,5.0,2.0,21.0,1,2026-04-01,0,0,0,0,0,0,0,0,0,0,0,0,0,0,0,0,0,0,-0.07725102418858516,-0.03217141830916413,0.37690127317738875,-0.095968745197532,0,0,1,0,0,0,0,0,0,0,0,0,1,0,0,0,0,1,0,0,0
L10365,sales,remote,analyst,d,ai awareness,2026-03-18,23.3,147.3,73.0,1.0,4.0,13.0,1,2026-03-18,0,0,0,0,0,0,0,0,0,0,0,0,0,0,0,0,0,0,-1.7464844152277614,0.2879989662823558,0.3994814792589101,1.308451916229765,0,0,0,0,0,1,0,0,0,0,0,0,0,0,1,0,1,0,0,0,0
L10389,it,remote,associate,b,responsible ai,2026-01-07,26.8,92.9,76.7,4.0,3.0,10.0,1,2026-01-07,0,0,0,0,0,0,0,0,0,0,0,0,0,0,0,0,0,0,-1.5407690325292713,-0.8074267520685046,0.6083483855129801,0.6062415855161165,0,0,0,1,0,0,0,0,0,0,0,0,0,0,1,0,0,0,0,0,1
L10069,unknown,bristol,coordinator,b,ml foundations,2026-02-18,33.9,56.1,39.6,1.0,3.0,17.0,0,2026-02-18,0,0,0,0,0,0,0,0,0,0,0,0,0,1,0,0,0,0,-1.1234606847694775,-1.5484500321293808,-1.485965728548098,0.6062415855161165,0,0,0,0,0,0,1,0,1,0,0,0,0,0,0,0,0,0,1,0,0
L10297,finance,london,manager,c,data literacy,2026-02-10,55.9,82.1,29.7,1.0,3.0,10.0,0,2026-02-10,0,0,0,0,0,0,0,0,0,0,0,0,0,0,0,0,0,0,0.1696074350496026,-1.0249009755646314,-2.044825829065744,0.6062415855161165,0,1,0,0,0,0,0,0,0,0,0,0,1,0,0,0,0,1,0,0,0
L10172,sales,remote,technician,b,data literacy,2026-02-25,53.4,151.7,77.7,1.0,1.0,17.0,1,2026-02-25,0,0,0,0,0,0,0,1,0,0,0,0,0,0,0,0,0,0,0.022667875979252593,0.3765995758548514,0.6647989007167827,-0.7981790759111805,0,0,0,0,0,1,0,0,0,0,0,0,0,0,1,0,0,1,0,0,0
L10149,it,london,associate,c,python basics,2026-01-11,48.6,146.3,51.3,1.0,1.0,20.0,0,2026-01-11,0,0,0,0,0,0,0,0,0,0,0,0,0,0,0,0,0,0,-0.2594560774358193,0.2678624641067885,-0.8254947006636074,-0.7981790759111805,0,0,0,1,0,0,0,0,0,0,0,0,1,0,0,0,0,0,0,1,0
L10236,sales,london,manager,a,responsible ai,2026-01-20,21.2,53.2,77.8,1.0,2.0,16.0,1,2026-01-20,0,0,0,0,0,0,0,0,0,0,0,0,0,0,0,0,0,0,-1.8699136448468554,-1.6068458884385257,0.6704439522371626,-0.095968745197532,0,0,0,0,0,1,0,0,0,0,0,0,1,0,0,0,0,0,0,0,1
L10592,it,manchester,analyst,b,data literacy,2026-03-15,55.3,129.7,100.0,4.0,5.0,17.0,1,2026-03-15,0,0,0,0,0,0,0,0,0,0,0,0,0,0,0,0,0,0,0.1343419408727185,-0.06640347200762886,1.9236453897615815,2.0106622469434137,0,0,0,1,0,0,0,0,0,0,0,0,0,1,0,0,0,1,0,0,0
L10547,finance,cardiff,manager,d,ml foundations,2026-01-19,57.7,48.9,54.8,2.0,3.0,19.0,0,2026-01-19,0,0,0,0,0,0,0,0,0,0,0,0,0,0,0,0,0,0,0.27540391758025484,-1.693432847793465,-0.6279178974502981,0.6062415855161165,0,1,0,0,0,0,0,0,0,1,0,0,0,0,0,0,0,0,1,0,0
L10180,customer support,london,technician,b,responsible ai,2026-03-27,25.5,150.8,78.9,5.0,2.0,13.0,1,2026-03-27,0,0,0,0,0,0,0,0,0,0,0,0,0,0,0,0,0,0,-1.6171776032458534,0.35847672389684127,0.7325395189613461,-0.095968745197532,1,0,0,0,0,0,0,0,0,0,0,0,1,0,0,0,0,0,0,0,1
L10100,customer support,bristol,manager,b,ai awareness,2026-03-23,51.2,124.1,97.0,1.0,3.0,10.0,1,2026-03-23,0,0,0,0,0,0,0,0,0,0,0,0,0,0,0,0,0,0,-0.10663893600265516,-0.1791678841908055,1.7542938441501734,0.6062415855161165,1,0,0,0,0,0,0,0,1,0,0,0,0,0,0,0,1,0,0,0,0
L10518,hr,remote,technician,d,responsible ai,2026-01-18,44.4,183.7,100.0,5.0,1.0,25.0,1,2026-01-18,0,0,0,0,0,0,0,0,0,0,0,0,0,0,0,0,0,0,-0.5063145366740074,1.0209676454730043,1.9236453897615815,-0.7981790759111805,0,0,1,0,0,0,0,0,0,0,0,0,0,0,1,0,0,0,0,0,1
L10127,hr,bristol,coordinator,a,ml foundations,2026-03-28,72.0,125.8,68.9,3.0,3.0,12.0,0,2026-03-28,0,0,0,0,0,0,0,0,0,0,0,0,0,0,0,0,0,0,1.1158981954626568,-0.14493583049234107,0.1680343669233196,0.6062415855161165,0,0,1,0,0,0,0,0,1,0,0,0,0,0,0,0,0,0,1,0,0
L10438,hr,remote,manager,a,responsible ai,2026-02-02,67.0,191.5,50.0,4.0,4.0,11.0,1,2026-02-02,0,0,0,0,0,0,0,0,0,0,0,0,0,0,0,0,0,0,0.8220190773219567,1.1780323624424294,-0.8988803704285506,1.308451916229765,0,0,1,0,0,0,0,0,0,0,0,0,0,0,1,0,0,0,0,0,1
L10528,operations,london,analyst,d,data literacy,2026-02-22,57.6,65.4,99.4,5.0,2.0,15.0,1,2026-02-22,0,0,0,0,0,0,0,0,0,0,0,0,0,0,0,0,0,0,0.2695263352174408,-1.3611805618966049,1.8897750806393,-0.095968745197532,0,0,0,0,1,0,0,0,0,0,0,0,1,0,0,0,0,1,0,0,0
L10103,finance,london,manager,b,data literacy,2026-01-15,44.2,113.4,89.8,5.0,3.0,15.0,1,2026-01-15,0,0,0,0,0,0,0,0,0,0,0,0,0,0,0,0,0,0,-0.5180697013996352,-0.3946284574693752,1.3478501346827942,0.6062415855161165,0,1,0,0,0,0,0,0,0,0,0,0,1,0,0,0,0,1,0,0,0
L10471,hr,remote,analyst,b,ai awareness,2026-03-04,62.1,144.5,37.8,1.0,3.0,28.0,0,2026-03-04,0,0,0,0,0,0,0,0,0,0,0,0,0,0,0,0,0,0,0.5340175415440708,0.23161676019076716,-1.5875766559149431,0.6062415855161165,0,0,1,0,0,0,0,0,0,0,0,0,0,0,1,0,1,0,0,0,0
L10246,it,birmingham,analyst,d,ai awareness,2026-02-01,42.9,98.3,73.4,4.0,0.0,16.0,1,2026-02-01,0,0,0,0,0,0,0,0,0,0,0,0,0,0,0,0,0,0,-0.5944782721162174,-0.6986896403204413,0.4220616853404315,-1.5003894066248291,0,0,0,1,0,0,0,1,0,0,0,0,0,0,0,0,1,0,0,0,0
L10562,it,remote,coordinator,b,responsible ai,2026-01-24,64.4,105.8,93.4,3.0,1.0,5.0,1,2026-01-24,0,0,0,0,0,0,0,0,0,0,0,0,0,0,0,0,0,0,0.6692019358887931,-0.5476658740036867,1.5510719894164844,-0.7981790759111805,0,0,0,1,0,0,0,0,0,0,0,0,0,0,1,0,0,0,0,0,1
L10120,it,london,analyst,d,ai awareness,2026-03-16,33.1,133.2,47.4,2.0,0.0,14.0,0,2026-03-16,0,0,0,0,0,0,0,0,0,0,0,0,0,0,0,0,0,0,-1.1704813436719892,0.004074285606856633,-1.0456517099584377,-1.5003894066248291,0,0,0,1,0,0,0,0,0,0,0,0,1,0,0,0,1,0,0,0,0
L10076,it,manchester,specialist,a,python basics,2026-01-23,79.3,132.7,54.7,2.0,2.0,16.0,1,2026-01-23,0,0,0,0,0,0,0,0,0,0,0,0,0,0,0,0,0,0,1.5449617079480786,-0.005993965480927008,-0.6335629489706781,-0.095968745197532,0,0,0,1,0,0,0,0,0,0,0,0,0,1,0,0,0,0,0,1,0
L10053,operations,london,associate,a,ai awareness,2026-02-23,32.4,156.7,65.8,1.0,2.0,5.0,0,2026-02-23,0,0,0,0,0,0,0,0,0,0,0,0,0,0,0,0,0,0,-1.2116244202116875,0.4772820867326878,-0.006962230208469078,-0.095968745197532,0,0,0,0,1,0,0,0,0,0,0,0,1,0,0,0,1,0,0,0,0
L10229,hr,remote,coordinator,b,python basics,2026-02-19,82.0,88.5,27.4,4.0,1.0,17.0,0,2026-02-19,0,0,0,0,0,0,0,0,0,0,0,0,0,0,0,0,0,0,1.7036564317440568,-0.8960273616410007,-2.1746620140344906,-0.7981790759111805,0,0,1,0,0,0,0,0,0,0,0,0,0,0,1,0,0,0,0,1,0
L10352,operations,manchester,specialist,a,ai awareness,2026-03-03,12.4,185.5,90.7,2.0,5.0,6.0,1,2026-03-03,0,0,0,0,0,0,0,0,0,0,0,0,0,0,0,0,0,0,-2.3871408927744877,1.0572133493890257,1.398655598366217,2.0106622469434137,0,0,0,0,1,0,0,0,0,0,0,0,0,1,0,0,1,0,0,0,0
L10110,unknown,birmingham,associate,b,data literacy,2026-03-13,98.9,176.1,41.5,2.0,5.0,9.0,0,2026-03-13,0,0,0,0,0,0,0,0,0,0,0,0,0,1,0,0,0,0,2.696967851059623,0.8679302289386932,-1.3787097496608731,2.0106622469434137,0,0,0,0,0,0,1,1,0,0,0,0,0,0,0,0,0,1,0,0,0
L10007,customer support,unknown,specialist,b,python basics,2026-01-24,83.2,185.6,45.8,2.0,3.0,14.0,1,2026-01-24,0,0,0,0,0,0,0,0,0,0,0,0,0,0,1,0,0,0,1.774187420097825,1.0592269996065824,-1.135972534284522,0.6062415855161165,1,0,0,0,0,0,0,0,0,0,0,0,0,0,0,1,0,0,0,1,0
L10025,operations,birmingham,analyst,b,responsible ai,2026-01-14,57.4,150.7,69.0,3.0,1.0,26.0,1,2026-01-14,0,0,0,0,0,0,0,0,0,0,0,0,0,0,0,0,0,0,0.2577711704918126,0.3564630736792841,0.17367941844369955,-0.7981790759111805,0,0,0,0,1,0,0,1,0,0,0,0,0,0,0,0,0,0,0,0,1
L10292,unknown,manchester,technician,a,responsible ai,2026-04-04,50.4,80.5,59.0,3.0,2.0,14.0,1,2026-04-04,0,0,0,0,0,0,0,0,0,0,0,0,0,1,0,0,0,0,-0.15365959490516742,-1.0571193790455389,-0.3908257335943269,-0.095968745197532,0,0,0,0,0,0,1,0,0,0,0,0,0,1,0,0,0,0,0,0,1
L10309,sales,remote,technician,a,ml foundations,2026-02-20,53.4,121.8,63.4,1.0,1.0,19.0,1,2026-02-20,0,0,0,0,0,0,0,1,0,0,0,0,0,0,0,0,0,0,0.022667875979252593,-0.2254818391946102,-0.14244346669759533,-0.7981790759111805,0,0,0,0,0,1,0,0,0,0,0,0,0,0,1,0,0,0,1,0,0
L10560,hr,london,coordinator,a,python basics,2026-02-05,55.7,139.1,66.5,5.0,1.0,14.0,0,2026-02-05,0,0,0,0,0,0,0,0,0,1,0,0,1,0,0,0,0,0,0.15785227032397484,0.12287964844270372,0.03255313043419293,-0.7981790759111805,0,0,1,0,0,0,0,0,0,0,0,0,1,0,0,0,0,0,0,1,0
L10345,it,manchester,associate,a,ai awareness,2026-01-20,45.8,79.3,52.8,5.0,1.0,11.0,0,2026-01-20,0,0,0,0,0,0,0,0,0,0,0,0,0,0,0,0,0,0,-0.42402838359461154,-1.0812831816562196,-0.7408189278579034,-0.7981790759111805,0,0,0,1,0,0,0,0,0,0,0,0,0,1,0,0,1,0,0,0,0
L10207,operations,remote,technician,b,ai awareness,2026-03-27,87.8,117.6,59.5,1.0,2.0,18.0,0,2026-03-27,0,0,0,0,0,0,0,0,0,0,0,0,0,0,0,0,0,0,2.0445562087872684,-0.3100551483319929,-0.36260047599242556,-0.095968745197532,0,0,0,0,1,0,0,0,0,0,0,0,0,0,1,0,1,0,0,0,0
L10524,hr,edinburgh,analyst,b,ai awareness,2026-02-12,53.4,147.9,44.9,3.0,2.0,18.0,1,2026-02-12,0,0,0,0,0,0,0,1,0,0,0,0,0,0,0,0,0,0,0.022667875979252593,0.30008086758769603,-1.1867779979679443,-0.095968745197532,0,0,1,0,0,0,0,0,0,0,1,0,0,0,0,0,1,0,0,0,0
L10020,hr,manchester,coordinator,a,ai awareness,2026-02-04,63.6,132.0,72.5,3.0,0.0,10.0,1,2026-02-04,0,0,0,0,0,0,0,0,0,0,0,0,0,0,0,0,0,0,0.6221812769862808,-0.020089517003823876,0.3712562216570088,-1.5003894066248291,0,0,1,0,0,0,0,0,0,0,0,0,0,1,0,0,1,0,0,0,0
L10542,it,remote,analyst,b,ai awareness,2026-02-11,68.9,112.5,56.0,1.0,3.0,18.0,1,2026-02-11,0,0,0,0,0,0,0,0,0,0,0,0,0,0,0,0,0,0,0.933693142215423,-0.41275130942738586,-0.5601772792057348,0.6062415855161165,0,0,0,1,0,0,0,0,0,0,0,0,0,0,1,0,1,0,0,0,0
L10009,sales,birmingham,associate,a,ml foundations,2026-02-12,78.4,152.8,84.0,1.0,0.0,26.0,1,2026-02-12,0,0,0,0,0,0,0,0,0,0,0,0,0,0,0,0,0,0,1.492063466682753,0.39874972824797583,1.0204371465007391,-1.5003894066248291,0,0,0,0,0,1,0,1,0,0,0,0,0,0,0,0,0,0,1,0,0
L10578,it,remote,associate,b,ml foundations,2026-02-08,54.6,170.3,33.1,2.0,2.0,25.0,0,2026-02-08,0,0,0,0,0,0,0,0,0,0,0,0,0,0,0,0,0,0,0.09319886433302076,0.7511385163204033,-1.8528940773728153,-0.095968745197532,0,0,0,1,0,0,0,0,0,0,0,0,0,0,1,0,0,0,1,0,0
L10581,customer support,manchester,associate,b,ai awareness,2026-03-12,40.1,177.0,75.6,1.0,3.0,14.0,0,2026-03-12,0,0,0,0,0,0,0,0,0,0,0,0,0,0,0,0,0,0,-0.7590505782750093,0.8860530808967039,0.5462528187887966,0.6062415855161165,1,0,0,0,0,0,0,0,0,0,0,0,0,1,0,0,1,0,0,0,0
L10502,finance,manchester,specialist,d,python basics,2026-01-23,31.5,97.9,85.2,1.0,3.0,17.0,1,2026-01-23,0,0,0,0,0,0,0,0,0,0,0,0,0,0,0,0,0,0,-1.2645226614770133,-0.7067442411906681,1.0881777647453026,0.6062415855161165,0,1,0,0,0,0,0,0,0,0,0,0,0,1,0,0,0,0,0,1,0
L10378,it,london,coordinator,a,data literacy,2026-02-27,52.1,120.1,47.7,4.0,4.0,19.0,0,2026-02-27,0,0,0,0,0,0,0,0,0,0,0,0,0,0,0,0,0,0,-0.053740694737329245,-0.25971389289307467,-1.0287165553972966,1.308451916229765,0,0,0,1,0,0,0,0,0,0,0,0,1,0,0,0,0,1,0,0,0
L10460,sales,london,coordinator,a,responsible ai,2026-03-17,37.9,234.5,61.0,3.0,4.0,17.0,1,2026-03-17,0,0,0,0,0,0,0,0,0,0,0,0,0,0,0,0,0,0,-0.8883573902569174,2.0439019559918226,-0.2779247031867216,1.308451916229765,0,0,0,0,0,1,0,0,0,0,0,0,1,0,0,0,0,0,0,0,1
L10188,finance,remote,manager,b,ml foundations,2026-03-14,62.3,171.9,81.6,4.0,5.0,17.0,1,2026-03-14,0,0,0,0,0,0,0,0,0,0,0,0,0,0,0,0,0,0,0.5457727062696985,0.7833569198013108,0.8849559100116126,2.0106622469434137,0,1,0,0,0,0,0,0,0,0,0,0,0,0,1,0,0,0,1,0,0
L10162,operations,london,coordinator,c,python basics,2026-02-10,61.2,119.9,54.1,3.0,4.0,2.0,0,2026-02-10,0,0,0,0,0,0,0,0,0,0,1,0,0,0,0,0,0,0,0.48111930027874483,-0.2637411933281879,-0.6674332580929597,1.308451916229765,0,0,0,0,1,0,0,0,0,0,0,0,1,0,0,0,0,0,0,1,0
L10447,finance,birmingham,associate,a,data literacy,2026-03-15,50.5,96.4,100.0,5.0,0.0,6.0,1,2026-03-15,0,0,0,0,0,0,0,0,0,0,0,0,0,0,0,0,0,0,-0.14778201254235332,-0.7369489944540191,1.9236453897615815,-1.5003894066248291,0,1,0,0,0,0,0,1,0,0,0,0,0,0,0,0,0,1,0,0,0
L10351,sales,manchester,specialist,c,python basics,2026-01-17,61.8,179.9,66.5,3.0,2.0,13.0,0,2026-01-17,0,0,0,0,0,0,0,0,0,1,1,0,0,0,0,0,0,0,0.5163847944556286,0.9444489372058491,0.03255313043419293,-0.095968745197532,0,0,0,0,0,1,0,0,0,0,0,0,0,1,0,0,0,0,0,1,0
L10216,customer support,london,associate,b,ml foundations,2026-03-15,51.4,121.1,66.5,1.0,1.0,17.0,0,2026-03-15,0,0,0,0,0,0,0,0,0,1,0,0,0,0,0,0,0,0,-0.0948837712770274,-0.23957739071750736,0.03255313043419293,-0.7981790759111805,1,0,0,0,0,0,0,0,0,0,0,0,1,0,0,0,0,0,1,0,0
L10485,hr,leeds,specialist,d,ml foundations,2026-02-22,15.6,86.7,57.0,2.0,3.0,16.0,0,2026-02-22,0,0,0,0,0,0,0,0,0,0,0,0,0,0,0,0,0,0,-2.1990582571644395,-0.9322730655570217,-0.5037267640019322,0.6062415855161165,0,0,1,0,0,0,0,0,0,0,0,1,0,0,0,0,0,0,1,0,0
L10514,it,unknown,analyst,a,data literacy,2026-03-01,74.0,118.2,67.8,5.0,0.0,14.0,1,2026-03-01,0,0,0,0,0,0,0,0,0,0,0,0,0,0,1,0,0,0,1.2334498427189367,-0.29797324702665234,0.10593880019913621,-1.5003894066248291,0,0,0,1,0,0,0,0,0,0,0,0,0,0,0,1,0,1,0,0,0
L10535,sales,remote,associate,d,ml foundations,2026-03-12,25.4,113.7,72.3,3.0,2.0,7.0,0,2026-03-12,0,0,0,0,0,0,0,0,0,0,0,0,0,0,0,0,0,0,-1.6230551856086675,-0.38858750681670506,0.3599661186162481,-0.095968745197532,0,0,0,0,0,1,0,0,0,0,0,0,0,0,1,0,0,0,1,0,0
L10096,sales,leeds,technician,c,ml foundations,2026-02-05,22.3,121.2,60.3,1.0,1.0,23.0,0,2026-02-05,0,0,0,0,0,0,0,0,0,0,0,0,0,0,0,0,0,0,-1.8052602388559014,-0.23756374049995047,-0.3174400638293836,-0.7981790759111805,0,0,0,0,0,1,0,0,0,0,0,1,0,0,0,0,0,0,1,0,0
L10244,sales,london,analyst,d,responsible ai,2026-02-22,83.2,175.1,66.0,5.0,1.0,15.0,1,2026-02-22,0,0,0,0,0,0,0,0,0,0,0,0,0,0,0,0,0,0,1.774187420097825,0.8477937267631259,0.004327872832291611,-0.7981790759111805,0,0,0,0,0,1,0,0,0,0,0,0,1,0,0,0,0,0,0,0,1
L10496,finance,manchester,associate,a,data literacy,2026-03-02,71.2,115.3,84.8,5.0,2.0,25.0,1,2026-03-02,0,0,0,0,0,0,0,0,0,0,0,0,0,0,0,0,0,0,1.0688775365601448,-0.3563691033357976,1.0655975586637811,-0.095968745197532,0,1,0,0,0,0,0,0,0,0,0,0,0,1,0,0,0,1,0,0,0
L10014,sales,bristol,coordinator,b,data literacy,2026-02-11,53.7,196.4,66.5,2.0,2.0,18.0,0,2026-02-11,0,0,0,0,0,0,0,0,0,1,0,0,0,0,0,0,0,0,0.040300623067694843,1.2767012231027093,0.03255313043419293,-0.095968745197532,0,0,0,0,0,1,0,0,1,0,0,0,0,0,0,0,0,1,0,0,0
L10242,it,edinburgh,manager,c,ml foundations,2026-03-17,52.3,121.0,73.3,4.0,2.0,10.0,1,2026-03-17,0,0,0,0,0,0,0,0,0,0,0,0,0,0,0,0,0,0,-0.041985530011701494,-0.24159104093506398,0.41641663382005073,-0.095968745197532,0,0,0,1,0,0,0,0,0,0,1,0,0,0,0,0,0,0,1,0,0
L10325,sales,manchester,analyst,b,python basics,2026-02-01,44.2,87.0,60.4,3.0,3.0,18.0,1,2026-02-01,0,0,0,0,0,0,0,0,0,0,0,0,0,0,0,0,0,0,-0.5180697013996352,-0.9262321149043515,-0.31179501230900325,0.6062415855161165,0,0,0,0,0,1,0,0,0,0,0,0,0,1,0,0,0,0,0,1,0
L10327,sales,london,manager,b,ai awareness,2026-01-24,25.0,88.2,78.5,4.0,2.0,14.0,1,2026-01-24,0,0,0,0,0,0,0,0,0,0,0,0,0,0,0,0,0,0,-1.6465655150599234,-0.9020683122936708,0.7099593128798246,-0.095968745197532,0,0,0,0,0,1,0,0,0,0,0,0,1,0,0,0,1,0,0,0,0
L10429,it,edinburgh,analyst,b,ai awareness,2026-03-18,34.5,87.4,70.3,4.0,1.0,10.0,1,2026-03-18,0,0,0,0,0,0,0,0,0,0,0,0,0,0,0,0,0,0,-1.0881951905925933,-0.9181775140341245,0.2470650882086428,-0.7981790759111805,0,0,0,1,0,0,0,0,0,0,1,0,0,0,0,0,1,0,0,0,0
L10491,operations,edinburgh,associate,b,ai awareness,2026-02-16,88.2,95.0,80.4,4.0,1.0,14.0,1,2026-02-16,0,0,0,0,0,0,0,0,0,0,0,0,1,0,0,0,0,0,2.068066538238525,-0.7651400974998134,0.81721529176705,-0.7981790759111805,0,0,0,0,1,0,0,0,0,0,1,0,0,0,0,0,1,0,0,0,0
L10364,it,manchester,associate,b,data literacy,2026-01-16,50.3,119.9,75.2,5.0,2.0,4.0,1,2026-01-16,0,0,0,0,0,0,0,0,0,0,0,0,0,0,0,0,0,0,-0.1595371772679815,-0.2637411933281879,0.523672612707276,-0.095968745197532,0,0,0,1,0,0,0,0,0,0,0,0,0,1,0,0,0,1,0,0,0
L10163,finance,remote,manager,a,python basics,2026-01-24,37.2,129.1,55.5,2.0,2.0,16.0,1,2026-01-24,0,0,0,0,0,0,0,0,0,0,0,0,0,0,0,0,0,0,-0.9295004667966152,-0.0784853733129691,-0.5884025368076361,-0.095968745197532,0,1,0,0,0,0,0,0,0,0,0,0,0,0,1,0,0,0,0,1,0
L10461,operations,london,analyst,a,ai awareness,2026-03-17,76.0,98.5,61.6,5.0,3.0,3.0,1,2026-03-17,0,0,0,0,0,0,0,0,0,0,0,0,0,0,0,0,0,0,1.3510014899752167,-0.6946623398853279,-0.24405439406443993,0.6062415855161165,0,0,0,0,1,0,0,0,0,0,0,0,1,0,0,0,1,0,0,0,0
L10459,customer support,cardiff,coordinator,a,ml foundations,2026-03-01,42.0,111.2,37.7,2.0,4.0,16.0,0,2026-03-01,0,0,0,0,0,0,0,0,0,0,0,0,0,0,0,0,0,0,-0.6473765133815433,-0.4389287622556233,-1.593221707435323,1.308451916229765,1,0,0,0,0,0,0,0,0,1,0,0,0,0,0,0,0,0,1,0,0
L10286,hr,cardiff,specialist,a,responsible ai,2026-03-18,87.5,140.4,66.5,5.0,1.0,9.0,1,2026-03-18,0,0,0,0,0,0,0,0,0,1,0,0,0,0,0,0,0,0,2.0269234616988268,0.1490571012709414,0.03255313043419293,-0.7981790759111805,0,0,1,0,0,0,0,0,0,1,0,0,0,0,0,0,0,0,0,0,1
L10249,customer support,birmingham,manager,d,python basics,2026-03-19,45.3,130.9,60.2,4.0,1.0,25.0,1,2026-03-19,0,0,0,0,0,0,0,0,0,0,0,0,0,0,0,0,0,0,-0.4534162954086815,-0.042239669396947774,-0.32308511534976353,-0.7981790759111805,1,0,0,0,0,0,0,1,0,0,0,0,0,0,0,0,0,0,0,1,0
L10264,unknown,leeds,coordinator,b,ai awareness,2026-02-12,36.0,181.3,54.7,1.0,4.0,12.0,0,2026-02-12,0,0,0,0,0,0,0,0,0,0,0,0,0,1,0,0,0,0,-1.0000314551503833,0.9726400402516434,-0.6335629489706781,1.308451916229765,0,0,0,0,0,0,1,0,0,0,0,1,0,0,0,0,1,0,0,0,0
L10383,it,remote,coordinator,a,data literacy,2026-02-23,39.7,177.4,87.8,2.0,0.0,16.0,1,2026-02-23,0,0,0,0,0,0,0,0,0,0,0,0,0,0,0,0,0,0,-0.7825609077262652,0.8941076817669309,1.234949104275189,-1.5003894066248291,0,0,0,1,0,0,0,0,0,0,0,0,0,0,1,0,0,1,0,0,0
L10293,customer support,remote,technician,b,ml foundations,2026-02-23,56.8,125.5,73.3,1.0,0.0,14.0,1,2026-02-23,0,0,0,0,0,0,0,0,0,0,0,0,1,0,0,0,0,0,0.2225056763149285,-0.1509767811450112,0.41641663382005073,-1.5003894066248291,1,0,0,0,0,0,0,0,0,0,0,0,0,0,1,0,0,0,1,0,0
L10531,hr,edinburgh,manager,a,ml foundations,2026-02-09,46.6,56.7,73.3,3.0,0.0,4.0,1,2026-02-09,0,0,0,0,0,0,0,0,0,0,0,0,0,0,0,0,0,0,-0.37700772469209926,-1.5363681308240402,0.41641663382005073,-1.5003894066248291,0,0,1,0,0,0,0,0,0,0,1,0,0,0,0,0,0,0,1,0,0
L10294,operations,cardiff,manager,b,data literacy,2026-01-30,69.6,98.0,86.4,1.0,1.0,21.0,1,2026-01-30,0,0,0,0,0,0,0,0,0,0,0,0,0,0,0,0,0,0,0.9748362187551204,-0.7047305909731115,1.1559183829898658,-0.7981790759111805,0,0,0,0,1,0,0,0,0,1,0,0,0,0,0,0,0,1,0,0,0
L10232,operations,leeds,specialist,c,data literacy,2026-03-11,53.4,140.5,55.9,1.0,2.0,13.0,0,2026-03-11,0,0,0,0,0,0,0,1,0,0,0,0,0,0,0,0,0,0,0.022667875979252593,0.15107075148849802,-0.5658223307261152,-0.095968745197532,0,0,0,0,1,0,0,0,0,0,0,1,0,0,0,0,0,1,0,0,0
L10559,hr,birmingham,coordinator,b,ml foundations,2026-02-01,14.6,161.7,60.8,4.0,4.0,9.0,0,2026-02-01,0,0,0,0,0,0,0,0,0,0,0,0,0,0,0,0,0,0,-2.257834080792579,0.5779645976105242,-0.2892148062274823,1.308451916229765,0,0,1,0,0,0,0,1,0,0,0,0,0,0,0,0,0,0,1,0,0
L10425,sales,remote,analyst,c,data literacy,2026-01-29,39.4,89.9,42.0,4.0,4.0,16.0,0,2026-01-29,0,0,0,0,0,0,0,0,0,0,0,0,0,0,0,0,0,0,-0.8001936548147074,-0.8678362585952063,-1.3504844920589718,1.308451916229765,0,0,0,0,0,1,0,0,0,0,0,0,0,0,1,0,0,1,0,0,0
L10304,customer support,london,specialist,d,ai awareness,2026-03-01,48.9,148.7,39.1,4.0,1.0,10.0,0,2026-03-01,0,0,0,0,0,0,0,0,0,0,0,0,0,0,0,0,0,0,-0.2418233303473774,0.3161900693281495,-1.5141909861499994,-0.7981790759111805,1,0,0,0,0,0,0,0,0,0,0,0,1,0,0,0,1,0,0,0,0
L10410,it,london,associate,c,data literacy,2026-03-02,50.9,55.7,89.3,2.0,2.0,9.0,1,2026-03-02,0,0,0,0,0,0,0,0,0,0,0,0,0,0,0,0,0,0,-0.12427168309109742,-1.5565046329996075,1.319624877080893,-0.095968745197532,0,0,0,1,0,0,0,0,0,0,0,0,1,0,0,0,0,1,0,0,0
L10568,sales,manchester,analyst,a,responsible ai,2026-02-22,10.3,89.3,100.0,4.0,2.0,22.0,1,2026-02-22,0,0,0,0,0,0,0,0,0,0,0,0,0,0,0,0,0,0,-2.510570122393581,-0.8799181599005469,1.9236453897615815,-0.095968745197532,0,0,0,0,0,1,0,0,0,0,0,0,0,1,0,0,0,0,0,0,1
L10171,it,birmingham,coordinator,a,responsible ai,2026-03-03,80.4,118.2,69.4,3.0,5.0,11.0,1,2026-03-03,0,0,0,0,0,0,0,0,0,0,0,0,0,0,0,0,0,0,1.6096151139390331,-0.29797324702665234,0.19625962452522092,2.0106622469434137,0,0,0,1,0,0,0,1,0,0,0,0,0,0,0,0,0,0,0,0,1
L10157,it,remote,associate,b,data literacy,2026-01-14,41.4,167.5,65.5,4.0,3.0,16.0,0,2026-01-14,0,0,0,0,0,0,0,0,0,0,0,0,0,0,0,0,0,0,-0.6826420075584274,0.6947563102288147,-0.02389738476960971,0.6062415855161165,0,0,0,1,0,0,0,0,0,0,0,0,0,0,1,0,0,1,0,0,0
L10390,operations,remote,coordinator,b,data literacy,29/01/2026,51.2,126.6,71.6,3.0,1.0,7.0,1,,1,0,0,0,0,0,0,0,0,0,0,0,0,0,0,0,0,0,-0.10663893600265516,-0.12882662875188733,0.3204507579735861,-0.7981790759111805,0,0,0,0,1,0,0,0,0,0,0,0,0,0,1,0,0,1,0,0,0
L10307,hr,cardiff,analyst,b,responsible ai,2026-02-08,31.4,117.5,67.1,2.0,1.0,11.0,1,2026-02-08,0,0,0,0,0,0,0,0,0,0,0,0,0,0,0,0,0,0,-1.2704002438398274,-0.3120687985495495,0.0664234395564742,-0.7981790759111805,0,0,1,0,0,0,0,0,0,1,0,0,0,0,0,0,0,0,0,0,1
L10409,finance,london,coordinator,a,data literacy,2026-02-18,22.3,54.5,95.1,5.0,1.0,15.0,1,2026-02-18,0,0,0,0,0,0,0,0,0,0,0,0,0,0,0,0,0,0,-1.8052602388559014,-1.5806684356102882,1.6470378652629483,-0.7981790759111805,0,1,0,0,0,0,0,0,0,0,0,0,1,0,0,0,0,1,0,0,0
L10570,unknown,cardiff,technician,c,responsible ai,2026-03-10,63.7,56.3,50.8,5.0,0.0,6.0,1,2026-03-10,0,0,0,0,0,0,0,0,0,0,0,0,0,1,0,0,0,0,0.6280588593490949,-1.5444227316942671,-0.8537199582655087,-1.5003894066248291,0,0,0,0,0,0,1,0,0,1,0,0,0,0,0,0,0,0,0,0,1
L10339,hr,unknown,specialist,c,data literacy,2026-03-07,45.9,110.3,41.5,5.0,1.0,13.0,0,2026-03-07,0,0,0,0,0,0,0,0,0,0,0,0,0,0,1,0,0,0,-0.41815080123179743,-0.45705161421363394,-1.3787097496608731,-0.7981790759111805,0,0,1,0,0,0,0,0,0,0,0,0,0,0,0,1,0,1,0,0,0
L10590,operations,remote,coordinator,c,python basics,2026-03-16,93.5,158.3,54.3,4.0,3.0,26.0,0,2026-03-16,0,0,0,0,0,0,0,0,0,0,0,0,0,0,0,0,0,0,2.379578403467667,0.5095004902135959,-0.6561431550521994,0.6062415855161165,0,0,0,0,1,0,0,0,0,0,0,0,0,0,1,0,0,0,0,1,0
L10349,operations,london,manager,c,ai awareness,2026-03-17,45.3,172.6,70.5,4.0,2.0,14.0,1,2026-03-17,0,0,0,0,0,0,0,0,0,0,0,0,0,0,0,0,0,0,-0.4534162954086815,0.7974524713242077,0.2583551912494035,-0.095968745197532,0,0,0,0,1,0,0,0,0,0,0,0,1,0,0,0,1,0,0,0,0
L10363,finance,unknown,associate,d,ml foundations,2026-03-28,41.1,87.9,61.3,5.0,2.0,13.0,1,2026-03-28,0,0,0,0,0,0,0,0,0,0,0,0,0,0,1,0,0,0,-0.7002747546468693,-0.9081092629463409,-0.260989548625581,-0.095968745197532,0,1,0,0,0,0,0,0,0,0,0,0,0,0,0,1,0,0,1,0,0
L10156,finance,bristol,technician,d,responsible ai,2026-01-31,55.8,151.1,82.6,4.0,3.0,13.0,1,2026-01-31,0,0,0,0,0,0,0,0,0,0,0,0,0,0,0,0,0,0,0.16372985268678852,0.3645176745495111,0.9414064252154152,0.6062415855161165,0,1,0,0,0,0,0,0,1,0,0,0,0,0,0,0,0,0,0,0,1
L10179,it,leeds,associate,c,ai awareness,2026-03-01,73.7,137.1,63.1,3.0,1.0,22.0,1,2026-03-01,0,0,0,0,0,0,0,0,0,0,0,0,0,0,0,0,0,0,1.2158170956304948,0.08260664409156915,-0.15937862125873598,-0.7981790759111805,0,0,0,1,0,0,0,0,0,0,0,1,0,0,0,0,1,0,0,0,0
L10152,unknown,birmingham,specialist,a,ai awareness,2026-01-28,50.0,75.6,72.6,2.0,1.0,19.0,1,2026-01-28,0,0,0,0,0,0,0,0,0,0,0,0,0,1,0,0,0,0,-0.17716992435642334,-1.1557882397058188,0.37690127317738875,-0.7981790759111805,0,0,0,0,0,0,1,1,0,0,0,0,0,0,0,0,1,0,0,0,0
L10151,it,remote,technician,b,data literacy,2026-03-28,70.9,84.0,53.7,3.0,3.0,21.0,0,2026-03-28,0,0,0,0,0,0,0,0,0,0,0,0,0,0,0,0,0,0,1.051244789471703,-0.9866416214310534,-0.6900134641744807,0.6062415855161165,0,0,0,1,0,0,0,0,0,0,0,0,0,0,1,0,0,1,0,0,0
L10591,it,london,manager,c,ai awareness,2026-03-26,50.7,123.5,52.4,3.0,2.0,11.0,1,2026-03-26,0,0,0,0,0,0,0,0,0,0,0,0,0,0,0,0,0,0,-0.13602684781672517,-0.19124978549614577,-0.7633991339394244,-0.095968745197532,0,0,0,1,0,0,0,0,0,0,0,0,1,0,0,0,1,0,0,0,0
L10140,finance,bristol,technician,d,ml foundations,2026-04-01,58.1,92.8,97.4,3.0,2.0,12.0,1,2026-04-01,0,0,0,0,0,0,0,0,0,0,0,0,0,0,0,0,0,0,0.29891424703151076,-0.8094404022860614,1.7768740502316949,-0.095968745197532,0,1,0,0,0,0,0,0,1,0,0,0,0,0,0,0,0,0,1,0,0
L10504,finance,london,manager,b,ai awareness,2026-01-10,53.4,109.1,87.4,4.0,2.0,10.0,1,2026-01-10,0,0,0,0,0,0,0,1,0,0,0,0,0,0,0,0,0,0,0.022667875979252593,-0.48121541682431473,1.2123688981936684,-0.095968745197532,0,1,0,0,0,0,0,0,0,0,0,0,1,0,0,0,1,0,0,0,0
L10441,operations,london,analyst,c,responsible ai,2026-03-15,53.4,171.0,89.0,2.0,1.0,8.0,1,2026-03-15,0,0,0,0,0,0,0,1,0,0,0,0,0,0,0,0,0,0,0.022667875979252593,0.7652340678433002,1.3026897225197525,-0.7981790759111805,0,0,0,0,1,0,0,0,0,0,0,0,1,0,0,0,0,0,0,0,1
L10092,hr,edinburgh,manager,b,data literacy,2026-02-15,26.0,127.7,51.0,5.0,1.0,7.0,1,2026-02-15,0,0,0,0,0,0,0,0,0,0,0,0,0,0,0,0,0,0,-1.5877896914317833,-0.10667647635876314,-0.842429855224748,-0.7981790759111805,0,0,1,0,0,0,0,0,0,0,1,0,0,0,0,0,0,1,0,0,0
L10546,operations,bristol,technician,b,python basics,2026-02-27,38.9,64.7,72.3,2.0,5.0,17.0,0,2026-02-27,0,0,0,0,0,0,0,0,0,0,0,0,0,0,0,0,0,0,-0.8295815666287775,-1.375276113419502,0.3599661186162481,2.0106622469434137,0,0,0,0,1,0,0,0,1,0,0,0,0,0,0,0,0,0,0,1,0
L10586,customer support,edinburgh,specialist,c,python basics,2026-02-05,74.3,105.1,81.0,2.0,2.0,21.0,1,2026-02-05,0,0,0,0,0,0,0,0,0,0,0,0,0,0,0,0,0,0,1.2510825898073785,-0.5617614255265839,0.8510856008893313,-0.095968745197532,1,0,0,0,0,0,0,0,0,0,1,0,0,0,0,0,0,0,0,1,0
L10319,it,remote,technician,c,ai awareness,2026-01-20,66.3,134.0,71.8,2.0,2.0,9.0,1,2026-01-20,0,0,0,0,0,0,0,0,0,0,0,0,0,0,0,0,0,0,0.7808760007822585,0.020183487347310687,0.3317408610143468,-0.095968745197532,0,0,0,1,0,0,0,0,0,0,0,0,0,0,1,0,1,0,0,0,0
L10131,customer support,manchester,analyst,b,ai awareness,2026-01-24,53.4,90.8,43.0,4.0,2.0,13.0,0,2026-01-24,0,1,0,0,0,0,0,1,0,0,0,0,0,0,0,0,0,0,0.022667875979252593,-0.849713406637196,-1.2940339768551692,-0.095968745197532,1,0,0,0,0,0,0,0,0,0,0,0,0,1,0,0,1,0,0,0,0
L10197,hr,cardiff,analyst,c,ml foundations,2026-02-19,68.3,74.5,84.3,1.0,3.0,14.0,1,2026-02-19,0,0,0,0,0,0,0,0,0,0,0,0,0,0,0,0,0,0,0.8984276480385386,-1.1779383920989426,1.0373723010618798,0.6062415855161165,0,0,1,0,0,0,0,0,0,1,0,0,0,0,0,0,0,0,1,0,0
L10419,it,edinburgh,technician,b,responsible ai,2026-01-18,42.5,148.7,50.3,2.0,1.0,17.0,0,2026-01-18,0,0,0,0,0,0,0,0,0,0,0,0,0,0,0,0,0,0,-0.6179886015674734,0.3161900693281495,-0.88194521586741,-0.7981790759111805,0,0,0,1,0,0,0,0,0,0,1,0,0,0,0,0,0,0,0,0,1
L10516,operations,london,manager,b,data literacy,2026-03-15,48.8,49.7,71.2,4.0,2.0,23.0,1,2026-03-15,0,0,0,0,0,0,0,0,0,0,0,0,0,0,0,0,0,0,-0.2477009127101915,-1.6773236460530112,0.2978705518920655,-0.095968745197532,0,0,0,0,1,0,0,0,0,0,0,0,1,0,0,0,0,1,0,0,0
L10104,customer support,manchester,specialist,b,python basics,2026-03-26,36.6,95.9,61.1,1.0,4.0,7.0,0,2026-03-26,0,0,0,0,0,0,0,0,0,0,0,0,0,0,0,0,0,0,-0.9647659609734993,-0.7470172455418027,-0.27227965166634127,1.308451916229765,1,0,0,0,0,0,0,0,0,0,0,0,0,1,0,0,0,0,0,1,0
L10593,sales,manchester,technician,b,ml foundations,2026-01-10,52.7,122.5,66.5,1.0,4.0,24.0,0,2026-01-10,0,0,0,0,0,0,0,0,0,1,0,0,0,0,0,0,0,0,-0.01847520056044516,-0.21138628767171305,0.03255313043419293,1.308451916229765,0,0,0,0,0,1,0,0,0,0,0,0,0,1,0,0,0,0,1,0,0
L10478,it,unknown,technician,a,ai awareness,2026-03-09,59.3,94.5,61.4,4.0,4.0,10.0,1,2026-03-09,0,0,0,0,0,0,0,0,0,0,0,0,0,0,1,0,0,0,0.3694452353852785,-0.775208348587597,-0.25534449710520063,1.308451916229765,0,0,0,1,0,0,0,0,0,0,0,0,0,0,0,1,1,0,0,0,0
L10107,operations,bristol,technician,a,data literacy,2026-01-27,59.8,231.1,91.7,1.0,1.0,17.0,1,2026-01-27,0,0,0,0,0,0,0,0,0,0,0,0,0,0,0,0,0,0,0.39883314719934854,1.9754378485948938,1.4551061135700196,-0.7981790759111805,0,0,0,0,1,0,0,0,1,0,0,0,0,0,0,0,0,1,0,0,0
L10199,sales,bristol,associate,a,data literacy,2026-01-30,62.1,158.0,83.1,2.0,1.0,13.0,1,2026-01-30,0,0,0,0,0,0,0,0,0,0,0,0,0,0,0,0,0,0,0.5340175415440708,0.5034595395609255,0.9696316828173165,-0.7981790759111805,0,0,0,0,0,1,0,0,1,0,0,0,0,0,0,0,0,1,0,0,0
L10356,finance,remote,specialist,a,data literacy,2026-01-12,62.6,102.3,33.6,4.0,1.0,4.0,0,2026-01-12,0,0,0,0,0,0,0,0,0,0,0,0,0,0,0,0,0,0,0.5634054533581407,-0.6181436316181722,-1.824668819770914,-0.7981790759111805,0,1,0,0,0,0,0,0,0,0,0,0,0,0,1,0,0,1,0,0,0
L10565,operations,remote,technician,c,data literacy,2026-01-28,44.1,154.9,67.2,2.0,4.0,3.0,1,2026-01-28,0,0,0,0,0,0,0,0,0,0,0,0,0,0,0,0,0,0,-0.5239472837624493,0.441036382816667,0.07206849107685494,1.308451916229765,0,0,0,0,1,0,0,0,0,0,0,0,0,0,1,0,0,1,0,0,0
L10449,sales,manchester,coordinator,b,ml foundations,2026-03-02,53.4,111.0,89.0,2.0,3.0,10.0,1,2026-03-02,0,1,0,0,0,0,0,1,0,0,0,0,0,0,0,0,0,0,0.022667875979252593,-0.4429560626907368,1.3026897225197525,0.6062415855161165,0,0,0,0,0,1,0,0,0,0,0,0,0,1,0,0,0,0,1,0,0
L10521,finance,bristol,associate,b,data literacy,2026-03-15,39.2,149.2,32.2,2.0,2.0,18.0,0,2026-03-15,0,0,0,0,0,0,0,0,0,0,0,0,0,0,0,0,0,0,-0.8119488195403352,0.32625832041593317,-1.9036995410562376,-0.095968745197532,0,1,0,0,0,0,0,0,1,0,0,0,0,0,0,0,0,1,0,0,0
L10582,hr,remote,specialist,b,ml foundations,2026-03-13,64.9,185.0,77.3,1.0,5.0,14.0,1,2026-03-13,0,0,0,0,0,0,0,0,0,0,0,0,0,0,0,0,0,0,0.698589847702863,1.047145098301242,0.6422186946352613,2.0106622469434137,0,0,1,0,0,0,0,0,0,0,0,0,0,0,1,0,0,0,1,0,0
L10133,operations,bristol,associate,d,ai awareness,2026-01-11,62.7,105.1,49.5,2.0,3.0,16.0,0,2026-01-11,0,0,0,0,0,0,0,0,0,0,0,0,0,0,0,0,0,0,0.5692830357209548,-0.5617614255265839,-0.9271056280304519,0.6062415855161165,0,0,0,0,1,0,0,0,1,0,0,0,0,0,0,0,1,0,0,0,0
L10118,hr,birmingham,manager,a,ai awareness,2026-03-01,65.7,125.4,74.4,5.0,3.0,18.0,1,2026-03-01,0,0,0,0,0,0,0,0,0,0,0,0,0,0,0,0,0,0,0.7456105066053749,-0.15299043136256782,0.4785122005442341,0.6062415855161165,0,0,1,0,0,0,0,1,0,0,0,0,0,0,0,0,1,0,0,0,0
L10370,sales,manchester,coordinator,b,data literacy,2026-03-10,55.8,105.1,79.8,3.0,1.0,17.0,1,2026-03-10,0,0,0,0,0,0,0,0,0,0,0,0,0,0,0,0,0,0,0.16372985268678852,-0.5617614255265839,0.7833449826447679,-0.7981790759111805,0,0,0,0,0,1,0,0,0,0,0,0,0,1,0,0,0,1,0,0,0
L10302,sales,remote,associate,a,data literacy,2026-01-26,31.9,116.8,95.6,4.0,0.0,10.0,1,2026-01-26,0,0,0,0,0,0,0,0,0,0,0,0,0,0,0,0,0,0,-1.2410123320257576,-0.32616435007244665,1.6752631228648496,-1.5003894066248291,0,0,0,0,0,1,0,0,0,0,0,0,0,0,1,0,0,1,0,0,0
L10134,hr,unknown,specialist,a,ai awareness,2026-01-12,53.4,169.3,71.5,2.0,1.0,16.0,1,2026-01-12,0,1,0,0,0,0,0,1,0,0,0,0,0,0,1,0,0,0,0.022667875979252593,0.731002014144836,0.31480570645320616,-0.7981790759111805,0,0,1,0,0,0,0,0,0,0,0,0,0,0,0,1,1,0,0,0,0
L10446,finance,leeds,technician,b,ml foundations,2026-03-10,78.2,125.55,75.0,3.0,3.0,13.0,1,2026-03-10,0,0,0,1,0,0,0,0,1,0,0,0,0,0,0,0,0,0,1.4803083019571248,-0.1499699560362329,0.5123825096665154,0.6062415855161165,0,1,0,0,0,0,0,0,0,0,0,1,0,0,0,0,0,0,1,0,0
L10457,hr,manchester,technician,b,ai awareness,2026-01-21,47.0,94.5,91.8,4.0,0.0,13.0,1,2026-01-21,0,0,0,0,0,0,0,0,0,0,0,0,0,0,0,0,0,0,-0.35349739524084334,-0.775208348587597,1.4607511650903997,-1.5003894066248291,0,0,1,0,0,0,0,0,0,0,0,0,0,1,0,0,1,0,0,0,0
L10432,operations,birmingham,coordinator,d,responsible ai,2026-04-03,45.4,243.1,67.1,3.0,3.0,16.0,1,2026-04-03,0,0,0,0,0,0,0,0,0,0,0,0,0,0,0,0,0,0,-0.4475387130458674,2.217075874701701,0.0664234395564742,0.6062415855161165,0,0,0,0,1,0,0,1,0,0,0,0,0,0,0,0,0,0,0,0,1
L10005,hr,bristol,analyst,c,ml foundations,2026-02-16,32.8,122.3,62.8,3.0,1.0,12.0,1,2026-02-16,0,0,0,0,0,0,0,0,0,0,0,0,0,0,0,0,0,0,-1.1881140907604315,-0.21541358810682656,-0.176313775819877,-0.7981790759111805,0,0,1,0,0,0,0,0,1,0,0,0,0,0,0,0,0,0,1,0,0
L10278,it,remote,specialist,c,data literacy,2026-01-28,39.9,154.4,77.8,4.0,1.0,17.0,1,2026-01-28,0,0,0,0,0,0,0,0,0,0,0,0,0,0,0,0,0,0,-0.7708057430006374,0.4309681317288834,0.6704439522371626,-0.7981790759111805,0,0,0,1,0,0,0,0,0,0,0,0,0,0,1,0,0,1,0,0,0
L10424,finance,london,analyst,b,ml foundations,2026-02-19,84.7,138.5,43.8,2.0,0.0,11.0,1,2026-02-19,0,0,0,0,0,0,0,0,0,0,0,0,0,0,0,0,0,0,1.862351155540035,0.11079774713736346,-1.2488735646921272,-1.5003894066248291,0,1,0,0,0,0,0,0,0,0,0,0,1,0,0,0,0,0,1,0,0
L10282,sales,unknown,associate,d,python basics,2026-03-12,30.7,196.4,51.1,4.0,2.0,15.0,0,2026-03-12,0,0,0,0,0,0,0,0,0,0,0,0,0,0,1,0,0,0,-1.3115433203795255,1.2767012231027093,-0.8367848037043677,-0.095968745197532,0,0,0,0,0,1,0,0,0,0,0,0,0,0,0,1,0,0,0,1,0
L10315,hr,unknown,technician,b,ml foundations,2026-03-05,44.0,97.3,77.5,3.0,3.0,6.0,0,2026-03-05,0,0,0,0,0,0,0,0,0,0,0,0,0,0,1,0,0,0,-0.5298248661252634,-0.7188261424960086,0.653508797676022,0.6062415855161165,0,0,1,0,0,0,0,0,0,0,0,0,0,0,0,1,0,0,1,0,0
L10115,it,manchester,manager,a,ai awareness,2026-02-07,92.0,105.1,76.9,3.0,2.0,16.0,1,2026-02-07,0,0,0,0,0,0,0,0,0,0,0,0,0,0,0,0,0,0,2.291414668025457,-0.5617614255265839,0.6196384885537407,-0.095968745197532,0,0,0,1,0,0,0,0,0,0,0,0,0,1,0,0,1,0,0,0,0
L10416,finance,remote,analyst,a,data literacy,2026-01-06,81.1,59.8,44.0,3.0,4.0,9.0,0,2026-01-06,0,0,0,0,0,0,0,0,0,0,0,0,0,0,0,0,0,0,1.6507581904787303,-1.4739449740797816,-1.2375834616513666,1.308451916229765,0,1,0,0,0,0,0,0,0,0,0,0,0,0,1,0,0,1,0,0,0
L10075,sales,london,associate,a,ml foundations,2026-03-30,50.5,118.5,62.3,4.0,2.0,6.0,1,2026-03-30,0,0,0,0,0,0,0,0,0,0,0,0,0,0,0,0,0,0,-0.14778201254235332,-0.2919322963739822,-0.20453903342177832,-0.095968745197532,0,0,0,0,0,1,0,0,0,0,0,0,1,0,0,0,0,0,1,0,0
L10494,operations,leeds,coordinator,d,data literacy,2026-02-19,51.8,58.5,66.9,5.0,2.0,16.0,1,2026-02-19,0,0,0,0,0,0,0,0,0,0,0,0,0,0,0,0,0,0,-0.07137344182577149,-1.5001224269080191,0.05513333651571431,-0.095968745197532,0,0,0,0,1,0,0,0,0,0,0,1,0,0,0,0,0,1,0,0,0
L10462,hr,cardiff,associate,a,ai awareness,2026-03-04,30.1,90.2,80.8,3.0,2.0,14.0,1,2026-03-04,0,0,0,0,0,0,0,0,0,0,0,0,1,0,0,0,0,0,-1.3468088145564092,-0.8617953079425362,0.8397954978485705,-0.095968745197532,0,0,1,0,0,0,0,0,0,1,0,0,0,0,0,0,1,0,0,0,0
L10539,operations,london,coordinator,a,ai awareness,2026-02-23,93.2,66.1,59.1,1.0,2.0,13.0,0,2026-02-23,0,0,0,0,0,0,0,0,0,0,0,0,0,0,0,0,0,0,2.3619456563792247,-1.347085010373708,-0.38518068207394657,-0.095968745197532,0,0,0,0,1,0,0,0,0,0,0,0,1,0,0,0,1,0,0,0,0
L10333,it,unknown,specialist,b,data literacy,2026-02-20,44.8,245.3,45.3,3.0,1.0,20.0,0,2026-02-20,0,0,0,0,0,0,0,0,0,0,0,0,0,0,1,0,0,0,-0.4828042072227515,2.2613761794879497,-1.1641977918864232,-0.7981790759111805,0,0,0,1,0,0,0,0,0,0,0,0,0,0,0,1,0,1,0,0,0
L10208,operations,london,technician,a,data literacy,2026-01-25,59.1,147.3,66.5,3.0,1.0,6.0,1,2026-01-25,0,0,0,0,0,0,0,0,0,1,0,0,0,0,0,0,0,0,0.35769007065965075,0.2879989662823558,0.03255313043419293,-0.7981790759111805,0,0,0,0,1,0,0,0,0,0,0,0,1,0,0,0,0,1,0,0,0
L10206,it,bristol,technician,a,ai awareness,2026-02-07,43.4,177.1,91.9,5.0,3.0,10.0,1,2026-02-07,0,0,0,0,0,0,0,0,0,0,0,0,0,0,0,0,0,0,-0.5650903603021474,0.8880667311142605,1.4663962166107805,0.6062415855161165,0,0,0,1,0,0,0,0,1,0,0,0,0,0,0,0,1,0,0,0,0
L10073,customer support,manchester,technician,a,data literacy,2026-03-11,42.6,116.6,57.9,2.0,2.0,25.0,1,2026-03-11,0,0,0,0,0,0,0,0,0,0,0,0,0,0,0,0,0,0,-0.6121110192046593,-0.33019165050756016,-0.45292130031850986,-0.095968745197532,1,0,0,0,0,0,0,0,0,0,0,0,0,1,0,0,0,1,0,0,0
L10008,customer support,unknown,specialist,b,data literacy,2026-01-19,53.4,150.2,80.3,3.0,2.0,16.0,1,2026-01-19,0,0,0,0,0,0,0,1,0,0,0,0,0,0,1,0,0,0,0.022667875979252593,0.34639482259150045,0.8115702402466692,-0.095968745197532,1,0,0,0,0,0,0,0,0,0,0,0,0,0,0,1,0,1,0,0,0
L10222,operations,edinburgh,manager,a,python basics,2026-02-05,40.4,152.6,66.3,1.0,2.0,22.0,0,2026-02-05,0,0,0,0,0,0,0,0,0,0,0,0,0,0,0,0,0,0,-0.7414178311865675,0.39472242781286204,0.021263027393432242,-0.095968745197532,0,0,0,0,1,0,0,0,0,0,1,0,0,0,0,0,0,0,0,1,0
L10045,customer support,birmingham,manager,a,ai awareness,2026-02-18,42.4,112.1,74.8,3.0,4.0,18.0,1,2026-02-18,0,0,0,0,0,0,0,0,0,0,0,0,0,0,0,0,0,0,-0.6238661839302875,-0.42080591029761294,0.5010924066257547,1.308451916229765,1,0,0,0,0,0,0,1,0,0,0,0,0,0,0,0,1,0,0,0,0
L10262,it,birmingham,technician,c,python basics,2026-04-02,65.4,168.5,60.0,3.0,4.0,25.0,0,2026-04-02,0,0,0,0,0,0,0,0,0,0,0,0,0,0,0,0,0,0,0.727977759516933,0.714892812404382,-0.33437521839052425,1.308451916229765,0,0,0,1,0,0,0,1,0,0,0,0,0,0,0,0,0,0,0,1,0
L10027,unknown,manchester,manager,a,data literacy,2026-01-29,67.5,119.2,64.6,1.0,3.0,16.0,1,2026-01-29,0,0,0,0,0,0,0,0,0,0,0,0,0,1,0,0,0,0,0.8514069891360267,-0.27783674485108506,-0.0747028484530324,0.6062415855161165,0,0,0,0,0,0,1,0,0,0,0,0,0,1,0,0,0,1,0,0,0
L10003,finance,manchester,analyst,b,python basics,2026-03-24,53.4,125.5,85.9,5.0,2.0,19.0,1,2026-03-24,0,0,0,0,0,0,0,1,0,0,0,0,0,0,0,0,0,0,0.022667875979252593,-0.1509767811450112,1.1276931253879645,-0.095968745197532,0,1,0,0,0,0,0,0,0,0,0,0,0,1,0,0,0,0,0,1,0
L10323,customer support,london,technician,c,ml foundations,2026-01-07,48.9,186.2,82.5,3.0,2.0,14.0,0,2026-01-07,0,0,0,0,0,0,0,0,0,0,0,0,1,0,0,0,0,0,-0.2418233303473774,1.0713089009119225,0.9357613736950352,-0.095968745197532,1,0,0,0,0,0,0,0,0,0,0,0,1,0,0,0,0,0,1,0,0
L10016,customer support,unknown,coordinator,c,data literacy,2026-03-02,53.4,131.1,60.5,1.0,2.0,19.0,0,2026-03-02,0,0,0,0,0,0,0,1,0,0,0,0,0,0,1,0,0,0,0.022667875979252593,-0.038212368961834546,-0.30614996078862294,-0.095968745197532,1,0,0,0,0,0,0,0,0,0,0,0,0,0,0,1,0,1,0,0,0
L10239,operations,bristol,manager,a,ai awareness,2026-01-19,68.6,143.4,72.6,2.0,2.0,6.0,1,2026-01-19,0,0,0,0,0,0,0,0,0,0,0,0,0,0,0,0,0,0,0.9160603951269803,0.20946660779764326,0.37690127317738875,-0.095968745197532,0,0,0,0,1,0,0,0,1,0,0,0,0,0,0,0,1,0,0,0,0
L10041,operations,remote,specialist,c,data literacy,2026-01-07,62.8,154.4,59.4,1.0,1.0,14.0,0,2026-01-07,0,0,0,0,0,0,0,0,0,0,0,0,1,0,0,0,0,0,0.5751606180837685,0.4309681317288834,-0.3682455275128059,-0.7981790759111805,0,0,0,0,1,0,0,0,0,0,0,0,0,0,1,0,0,1,0,0,0
L10176,operations,london,specialist,a,ai awareness,2026-02-11,53.4,53.4,76.7,3.0,2.0,3.0,1,2026-02-11,0,1,0,0,0,0,0,1,0,0,0,0,0,0,0,0,0,0,0.022667875979252593,-1.6028185880034123,0.6083483855129801,-0.095968745197532,0,0,0,0,1,0,0,0,0,0,0,0,1,0,0,0,1,0,0,0,0
L10272,finance,remote,coordinator,c,ai awareness,2026-01-23,68.4,239.9,53.1,1.0,1.0,13.0,1,2026-01-23,0,0,0,0,0,0,0,0,0,0,0,0,0,0,0,0,0,0,0.904305230401353,2.152639067739886,-0.7238837732967623,-0.7981790759111805,0,1,0,0,0,0,0,0,0,0,0,0,0,0,1,0,1,0,0,0,0
L10479,finance,birmingham,specialist,b,data literacy,2026-01-20,69.4,144.4,23.7,2.0,1.0,9.0,0,2026-01-20,0,0,0,0,0,0,0,0,0,0,0,0,0,0,0,0,0,0,0.9630810540294931,0.22960310997321054,-2.38352892028856,-0.7981790759111805,0,1,0,0,0,0,0,1,0,0,0,0,0,0,0,0,0,1,0,0,0
L10079,finance,unknown,coordinator,a,responsible ai,2026-03-21,33.9,81.9,35.4,4.0,3.0,12.0,0,2026-03-21,0,0,0,0,0,0,0,0,0,0,0,0,0,0,1,0,0,0,-1.1234606847694775,-1.0289282759997447,-1.7230578924040694,0.6062415855161165,0,1,0,0,0,0,0,0,0,0,0,0,0,0,0,1,0,0,0,0,1
L10402,customer support,bristol,specialist,c,ai awareness,2026-01-06,49.7,182.6,47.4,3.0,5.0,15.0,0,2026-01-06,0,0,0,0,0,0,0,0,0,0,0,0,0,0,0,0,0,0,-0.19480267144486516,0.9988174930798805,-1.0456517099584377,2.0106622469434137,1,0,0,0,0,0,0,0,1,0,0,0,0,0,0,0,1,0,0,0,0
L10164,operations,remote,specialist,c,data literacy,2026-03-10,86.6,155.8,81.6,3.0,0.0,18.0,1,2026-03-10,0,0,0,0,0,0,0,0,0,0,0,0,0,0,0,0,0,0,1.9740252204335005,0.4591592347746777,0.8849559100116126,-1.5003894066248291,0,0,0,0,1,0,0,0,0,0,0,0,0,0,1,0,0,1,0,0,0
L10407,unknown,birmingham,manager,d,data literacy,2026-02-20,56.7,83.6,89.0,2.0,3.0,16.0,1,2026-02-20,0,0,0,0,0,0,0,0,0,0,0,0,0,1,0,0,0,0,0.21662809395211485,-0.9946962223012804,1.3026897225197525,0.6062415855161165,0,0,0,0,0,0,1,1,0,0,0,0,0,0,0,0,0,1,0,0,0
L10059,hr,cardiff,manager,a,python basics,2026-01-05,42.0,182.3,64.1,4.0,0.0,16.0,1,2026-01-05,0,0,0,0,0,0,0,0,0,0,0,0,0,0,0,0,0,0,-0.6473765133815433,0.9927765424272107,-0.10292810605493373,-1.5003894066248291,0,0,1,0,0,0,0,0,0,1,0,0,0,0,0,0,0,0,0,1,0
L10480,sales,manchester,analyst,c,python basics,2026-02-28,44.8,146.1,87.4,5.0,1.0,17.0,1,2026-02-28,0,0,0,0,0,0,0,0,0,0,0,0,0,0,0,0,0,0,-0.4828042072227515,0.2638351636716747,1.2123688981936684,-0.7981790759111805,0,0,0,0,0,1,0,0,0,0,0,0,0,1,0,0,0,0,0,1,0
L10393,sales,remote,associate,b,responsible ai,2026-01-11,45.6,248.1,60.5,2.0,1.0,15.0,0,2026-01-11,0,0,0,0,0,0,0,0,0,0,0,0,0,0,0,0,0,0,-0.43578354832023924,2.3177583855795376,-0.30614996078862294,-0.7981790759111805,0,0,0,0,0,1,0,0,0,0,0,0,0,0,1,0,0,0,0,0,1
L10493,unknown,unknown,analyst,b,python basics,2026-03-16,71.5,62.6,66.3,2.0,2.0,14.0,1,2026-03-16,0,0,0,0,0,0,0,0,0,0,0,0,1,1,1,0,0,0,1.0865102836485867,-1.4175627679881935,0.021263027393432242,-0.095968745197532,0,0,0,0,0,0,1,0,0,0,0,0,0,0,0,1,0,0,0,1,0
L10533,finance,remote,specialist,c,responsible ai,2026-01-21,53.4,229.8,81.0,3.0,1.0,11.0,1,2026-01-21,0,0,0,0,0,0,0,1,0,0,0,0,0,0,0,0,0,0,0.022667875979252593,1.9492603957666566,0.8510856008893313,-0.7981790759111805,0,1,0,0,0,0,0,0,0,0,0,0,0,0,1,0,0,0,0,0,1
L10183,operations,remote,associate,a,ml foundations,2026-01-18,39.2,76.8,57.6,5.0,4.0,18.0,0,2026-01-18,0,0,0,0,0,0,0,0,0,0,0,0,0,0,0,0,0,0,-0.8119488195403352,-1.1316244370951378,-0.4698564548796505,1.308451916229765,0,0,0,0,1,0,0,0,0,0,0,0,0,0,1,0,0,0,1,0,0
L10320,operations,bristol,associate,a,python basics,2026-03-25,34.4,141.7,58.6,3.0,2.0,17.0,1,2026-03-25,0,0,0,0,0,0,0,0,0,0,0,0,0,0,0,0,0,0,-1.0940727729554074,0.17523455409917854,-0.4134059396758479,-0.095968745197532,0,0,0,0,1,0,0,0,1,0,0,0,0,0,0,0,0,0,0,1,0
L10177,operations,remote,manager,a,ml foundations,2026-03-11,46.2,103.1,80.9,1.0,2.0,19.0,1,2026-03-11,0,0,0,0,0,0,0,0,0,0,0,0,0,0,0,0,0,0,-0.4005180541433552,-0.6020344298777185,0.8454405493689513,-0.095968745197532,0,0,0,0,1,0,0,0,0,0,0,0,0,0,1,0,0,0,1,0,0
L10550,operations,cardiff,specialist,d,ml foundations,2026-02-23,65.9,150.3,77.0,5.0,2.0,13.0,1,2026-02-23,0,0,0,0,0,0,0,0,0,0,0,0,0,0,0,0,0,0,0.7573656713310031,0.3484084728090576,0.6252835400741207,-0.095968745197532,0,0,0,0,1,0,0,0,0,1,0,0,0,0,0,0,0,0,1,0,0
L10093,it,london,analyst,a,ai awareness,2026-01-09,56.0,220.9,76.8,3.0,1.0,14.0,1,2026-01-09,0,0,0,0,0,0,0,0,0,0,0,0,0,0,0,0,0,0,0.17548501741241668,1.7700455264041077,0.61399343703336,-0.7981790759111805,0,0,0,1,0,0,0,0,0,0,0,0,1,0,0,0,1,0,0,0,0
L10168,operations,leeds,manager,b,ai awareness,2026-02-08,56.3,139.7,53.0,4.0,4.0,15.0,0,2026-02-08,0,0,0,0,0,0,0,0,0,0,0,0,0,0,0,0,0,0,0.19311776450085852,0.13496154974804397,-0.7295288248171428,1.308451916229765,0,0,0,0,1,0,0,0,0,0,0,1,0,0,0,0,1,0,0,0,0
L10201,finance,manchester,coordinator,b,responsible ai,2026-02-25,53.7,125.55,55.4,5.0,3.0,11.0,1,2026-02-25,0,0,0,1,0,0,0,0,1,0,0,0,0,0,0,0,0,0,0.040300623067694843,-0.1499699560362329,-0.5940475883280165,0.6062415855161165,0,1,0,0,0,0,0,0,0,0,0,0,0,1,0,0,0,0,0,0,1
L10082,customer support,london,analyst,a,ml foundations,2026-01-31,36.3,119.7,72.4,4.0,1.0,22.0,1,2026-01-31,0,0,0,0,0,0,0,0,0,0,0,0,0,0,0,0,0,0,-0.9823987080619415,-0.2677684937633014,0.36561117013662886,-0.7981790759111805,1,0,0,0,0,0,0,0,0,0,0,0,1,0,0,0,0,0,1,0,0
L10158,customer support,remote,manager,b,ml foundations,2026-02-07,48.7,243.4,82.7,4.0,1.0,23.0,1,2026-02-07,0,0,0,0,0,0,0,0,0,0,0,0,0,0,0,0,0,0,-0.2535784950730052,2.2231168253543716,0.9470514767357959,-0.7981790759111805,1,0,0,0,0,0,0,0,0,0,0,0,0,0,1,0,0,0,1,0,0
L10085,it,manchester,analyst,a,python basics,2026-02-22,17.6,53.2,50.1,4.0,0.0,13.0,1,2026-02-22,0,0,0,0,0,0,0,0,0,0,0,0,0,0,0,0,0,0,-2.081506609908159,-1.6068458884385257,-0.8932353189081703,-1.5003894066248291,0,0,0,1,0,0,0,0,0,0,0,0,0,1,0,0,0,0,0,1,0
L10191,operations,bristol,coordinator,b,data literacy,2026-03-17,42.8,182.5,55.1,2.0,1.0,12.0,0,2026-03-17,0,0,0,0,0,0,0,0,0,0,0,0,0,0,0,0,0,0,-0.6003558544790315,0.9968038428623239,-0.6109827428891571,-0.7981790759111805,0,0,0,0,1,0,0,0,1,0,0,0,0,0,0,0,0,1,0,0,0
L10153,sales,london,analyst,a,ai awareness,2026-01-19,62.8,181.8,33.0,5.0,1.0,25.0,0,2026-01-19,0,0,0,0,0,0,0,0,0,0,0,0,0,0,0,0,0,0,0.5751606180837685,0.982708291339427,-1.8585391288931956,-0.7981790759111805,0,0,0,0,0,1,0,0,0,0,0,0,1,0,0,0,1,0,0,0,0
L10154,sales,leeds,associate,d,data literacy,2026-03-12,48.5,158.0,43.7,3.0,5.0,17.0,0,2026-03-12,0,0,0,0,0,0,0,0,0,0,0,0,0,0,0,0,0,0,-0.2653336597986333,0.5034595395609255,-1.254518616212507,2.0106622469434137,0,0,0,0,0,1,0,0,0,0,0,1,0,0,0,0,0,1,0,0,0
L10130,it,edinburgh,associate,b,python basics,2026-01-12,67.4,180.3,71.3,1.0,2.0,13.0,1,2026-01-12,0,0,0,0,0,0,0,0,0,0,0,0,0,0,0,0,0,0,0.8455294067732131,0.9525035380760761,0.30351560341244543,-0.095968745197532,0,0,0,1,0,0,0,0,0,0,1,0,0,0,0,0,0,0,0,1,0
L10405,operations,london,technician,b,python basics,27/02/2026,66.2,176.0,54.1,1.0,0.0,26.0,1,,1,0,0,0,0,0,0,0,0,0,0,0,0,0,0,0,0,0,0.7749984184194448,0.8659165787211366,-0.6674332580929597,-1.5003894066248291,0,0,0,0,1,0,0,0,0,0,0,0,1,0,0,0,0,0,0,1,0
L10397,sales,unknown,coordinator,a,ai awareness,2026-02-12,39.6,63.4,59.7,3.0,3.0,9.0,0,2026-02-12,0,0,0,0,0,0,0,0,0,0,0,0,0,0,1,0,0,0,-0.7884384900890793,-1.4014535662477394,-0.3513103729516649,0.6062415855161165,0,0,0,0,0,1,0,0,0,0,0,0,0,0,0,1,1,0,0,0,0
L10372,operations,remote,technician,b,responsible ai,2026-03-30,64.3,176.5,55.3,4.0,1.0,11.0,1,2026-03-30,0,0,0,0,0,0,0,0,0,0,0,0,0,0,0,0,0,0,0.6633243535259785,0.8759848298089202,-0.5996926398483968,-0.7981790759111805,0,0,0,0,1,0,0,0,0,0,0,0,0,0,1,0,0,0,0,0,1
L10487,it,leeds,associate,c,python basics,2026-03-17,49.2,94.8,87.8,2.0,5.0,18.0,1,2026-03-17,0,0,0,0,0,0,0,0,0,0,0,0,0,0,0,0,0,0,-0.22419058325893518,-0.7691673979349268,1.234949104275189,2.0106622469434137,0,0,0,1,0,0,0,0,0,0,0,1,0,0,0,0,0,0,0,1,0
L10452,sales,bristol,technician,c,data literacy,2026-02-11,76.9,178.4,45.9,3.0,0.0,5.0,1,2026-02-11,0,0,0,0,0,0,0,0,0,0,0,0,0,0,0,0,0,0,1.403899731240543,0.9142441839424982,-1.1303274827641416,-1.5003894066248291,0,0,0,0,0,1,0,0,1,0,0,0,0,0,0,0,0,1,0,0,0
L10010,hr,london,specialist,a,responsible ai,2026-02-03,52.6,186.3,66.5,1.0,4.0,20.0,0,2026-02-03,0,0,1,0,0,0,0,0,0,1,0,0,0,0,0,0,0,0,-0.024352782923259243,1.0733225511294797,0.03255313043419293,1.308451916229765,0,0,1,0,0,0,0,0,0,0,0,0,1,0,0,0,0,0,0,0,1
L10086,customer support,leeds,associate,a,ai awareness,2026-02-15,100.0,238.1,67.9,2.0,5.0,14.0,1,2026-02-15,0,0,0,0,0,0,0,0,0,0,0,0,0,0,0,0,0,0,2.7616212570505767,2.116393363823865,0.11158385171951696,2.0106622469434137,1,0,0,0,0,0,0,0,0,0,0,1,0,0,0,0,1,0,0,0,0
L10035,operations,bristol,manager,c,data literacy,2026-02-03,55.1,154.6,73.3,3.0,5.0,20.0,1,2026-02-03,0,0,0,0,0,0,0,0,0,0,0,0,0,0,0,0,0,0,0.12258677614709076,0.4349954321639966,0.41641663382005073,2.0106622469434137,0,0,0,0,1,0,0,0,1,0,0,0,0,0,0,0,0,1,0,0,0
L10588,sales,birmingham,analyst,c,ml foundations,2026-01-17,47.0,103.2,90.0,2.0,1.0,17.0,1,2026-01-17,0,0,0,0,0,0,0,0,0,0,0,0,0,0,0,0,0,0,-0.35349739524084334,-0.6000207796601615,1.359140237723555,-0.7981790759111805,0,0,0,0,0,1,0,1,0,0,0,0,0,0,0,0,0,0,1,0,0
L10381,customer support,cardiff,technician,c,data literacy,2026-02-23,51.6,190.5,61.7,1.0,3.0,15.0,0,2026-02-23,0,0,0,0,0,0,0,0,0,0,0,0,0,0,0,0,0,0,-0.08312860655139924,1.157895860266862,-0.2384093425440596,0.6062415855161165,1,0,0,0,0,0,0,0,0,1,0,0,0,0,0,0,0,1,0,0,0
L10028,operations,leeds,specialist,d,data literacy,2026-03-07,64.6,84.0,83.2,4.0,1.0,6.0,1,2026-03-07,0,0,0,0,0,0,0,0,0,0,0,0,0,0,0,0,0,0,0.6809571006144204,-0.9866416214310534,0.9752767343376972,-0.7981790759111805,0,0,0,0,1,0,0,0,0,0,0,1,0,0,0,0,0,1,0,0,0
L10311,operations,unknown,technician,c,python basics,2026-03-28,53.4,119.0,54.2,4.0,3.0,20.0,0,2026-03-28,0,1,0,0,0,0,0,1,0,0,0,0,0,0,1,0,0,0,0.022667875979252593,-0.2818640452861986,-0.6617882065725794,0.6062415855161165,0,0,0,0,1,0,0,0,0,0,0,0,0,0,0,1,0,0,0,1,0
L10303,operations,birmingham,manager,a,python basics,2026-03-11,53.4,84.1,66.5,4.0,2.0,7.0,1,2026-03-11,0,0,0,0,0,0,0,1,0,1,0,0,0,0,0,0,0,0,0.022667875979252593,-0.9846279712134968,0.03255313043419293,-0.095968745197532,0,0,0,0,1,0,0,1,0,0,0,0,0,0,0,0,0,0,0,1,0
L10117,finance,london,manager,b,ml foundations,2026-02-06,52.6,91.6,44.0,5.0,1.0,9.0,0,2026-02-06,0,0,0,0,0,0,0,0,0,0,0,0,0,0,0,0,0,0,-0.024352782923259243,-0.8336042048967423,-1.2375834616513666,-0.7981790759111805,0,1,0,0,0,0,0,0,0,0,0,0,1,0,0,0,0,0,1,0,0
L10198,operations,unknown,manager,d,ai awareness,2026-03-06,77.2,247.8,100.0,2.0,1.0,13.0,1,2026-03-06,0,0,0,0,0,0,0,0,0,0,0,0,0,0,1,0,0,0,1.4215324783289849,2.3117174349268677,1.9236453897615815,-0.7981790759111805,0,0,0,0,1,0,0,0,0,0,0,0,0,0,0,1,1,0,0,0,0
L10281,finance,remote,technician,b,ml foundations,2026-02-23,36.9,185.3,58.5,5.0,3.0,13.0,1,2026-02-23,0,0,0,0,0,0,0,0,0,0,0,0,0,0,0,0,0,0,-0.9471332138850574,1.0531860489539124,-0.4190509911962282,0.6062415855161165,0,1,0,0,0,0,0,0,0,0,0,0,0,0,1,0,0,0,1,0,0
L10558,operations,london,associate,d,data literacy,2026-02-13,57.2,125.1,94.6,1.0,3.0,17.0,1,2026-02-13,0,0,0,0,0,0,0,0,0,0,0,0,0,0,0,0,0,0,0.24601600576618485,-0.15903138201523825,1.618812607661047,0.6062415855161165,0,0,0,0,1,0,0,0,0,0,0,0,1,0,0,0,0,1,0,0,0
L10353,operations,birmingham,manager,b,python basics,2026-03-27,60.0,155.3,60.5,3.0,1.0,22.0,0,2026-03-27,0,0,0,0,0,0,0,0,0,0,0,0,0,0,0,0,0,0,0.4105883119249767,0.44909098368689404,-0.30614996078862294,-0.7981790759111805,0,0,0,0,1,0,0,1,0,0,0,0,0,0,0,0,0,0,0,1,0
L10029,finance,unknown,coordinator,c,ml foundations,2026-02-07,53.4,87.0,69.9,3.0,1.0,15.0,1,2026-02-07,0,0,0,0,0,0,0,1,0,0,0,0,0,0,1,0,0,0,0.022667875979252593,-0.9262321149043515,0.22448488212712223,-0.7981790759111805,0,1,0,0,0,0,0,0,0,0,0,0,0,0,0,1,0,0,1,0,0
L10335,sales,london,coordinator,a,data literacy,2026-02-22,24.8,83.9,100.0,2.0,3.0,21.0,1,2026-02-22,0,0,0,0,0,0,0,0,0,0,0,0,0,0,0,0,0,0,-1.6583206797855514,-0.98865527164861,1.9236453897615815,0.6062415855161165,0,0,0,0,0,1,0,0,0,0,0,0,1,0,0,0,0,1,0,0,0
L10435,operations,edinburgh,manager,b,ai awareness,2026-01-20,56.2,170.3,46.2,2.0,2.0,12.0,0,2026-01-20,0,0,0,0,0,0,0,0,0,0,0,0,0,0,0,0,0,0,0.18724018213804486,0.7511385163204033,-1.1133923282030005,-0.095968745197532,0,0,0,0,1,0,0,0,0,0,1,0,0,0,0,0,1,0,0,0,0
L10454,sales,remote,manager,b,data literacy,2026-02-04,34.2,168.9,73.8,1.0,2.0,16.0,0,2026-02-04,0,0,0,0,0,0,0,0,0,0,0,0,0,0,0,0,0,0,-1.1058279376810352,0.722947413274609,0.44464189142195204,-0.095968745197532,0,0,0,0,0,1,0,0,0,0,0,0,0,0,1,0,0,1,0,0,0
L10011,hr,birmingham,specialist,c,python basics,2026-01-23,66.3,91.1,100.0,2.0,1.0,7.0,1,2026-01-23,0,0,0,0,0,0,0,0,0,0,0,0,0,0,0,0,0,0,0.7808760007822585,-0.8436724559845259,1.9236453897615815,-0.7981790759111805,0,0,1,0,0,0,0,1,0,0,0,0,0,0,0,0,0,0,0,1,0
L10142,unknown,unknown,specialist,c,ml foundations,2026-03-22,34.1,140.4,35.9,4.0,2.0,6.0,0,2026-03-22,0,0,0,0,0,0,0,0,0,0,0,0,0,1,1,0,0,0,-1.1117055200438493,0.1490571012709414,-1.694832634802168,-0.095968745197532,0,0,0,0,0,0,1,0,0,0,0,0,0,0,0,1,0,0,1,0,0
L10394,it,london,specialist,a,responsible ai,2026-01-16,25.8,124.7,65.7,5.0,5.0,14.0,1,2026-01-16,0,0,0,0,0,0,0,0,0,0,0,0,0,0,0,0,0,0,-1.5995448561574113,-0.16708598288546497,-0.01260728172884902,2.0106622469434137,0,0,0,1,0,0,0,0,0,0,0,0,1,0,0,0,0,0,0,0,1
L10545,customer support,manchester,technician,a,responsible ai,2026-03-23,26.8,73.6,69.5,3.0,1.0,20.0,1,2026-03-23,0,0,0,0,0,0,0,0,0,0,1,0,0,0,0,0,0,0,-1.5407690325292713,-1.1960612440569534,0.20190467604560086,-0.7981790759111805,1,0,0,0,0,0,0,0,0,0,0,0,0,1,0,0,0,0,0,0,1
L10508,operations,leeds,technician,d,ml foundations,2026-01-06,43.0,96.1,83.1,5.0,4.0,10.0,1,2026-01-06,0,0,0,0,0,0,0,0,0,0,0,0,0,0,0,0,0,0,-0.5886006897534033,-0.7429899451066895,0.9696316828173165,1.308451916229765,0,0,0,0,1,0,0,0,0,0,0,1,0,0,0,0,0,0,1,0,0
L10285,unknown,remote,associate,b,data literacy,2026-01-13,42.2,190.5,63.4,2.0,3.0,12.0,0,2026-01-13,0,0,0,0,0,0,0,0,0,0,0,0,0,1,0,0,0,0,-0.6356213486559151,1.157895860266862,-0.14244346669759533,0.6062415855161165,0,0,0,0,0,0,1,0,0,0,0,0,0,0,1,0,0,1,0,0,0
L10517,finance,unknown,analyst,b,python basics,2026-02-14,100.0,121.6,66.5,2.0,1.0,22.0,1,2026-02-14,0,0,0,0,0,0,0,0,0,1,0,0,0,0,1,0,0,0,2.7616212570505767,-0.22950913962972372,0.03255313043419293,-0.7981790759111805,0,1,0,0,0,0,0,0,0,0,0,0,0,0,0,1,0,0,0,1,0
L10067,customer support,birmingham,manager,a,data literacy,2026-03-26,79.6,253.9,66.5,4.0,2.0,22.0,1,2026-03-26,0,0,1,0,0,0,0,0,0,1,0,0,0,0,0,0,0,0,1.5625944550365205,2.434550098197828,0.03255313043419293,-0.095968745197532,1,0,0,0,0,0,0,1,0,0,0,0,0,0,0,0,0,1,0,0,0
L10523,sales,london,specialist,a,data literacy,2026-03-30,30.6,84.4,75.3,5.0,2.0,11.0,1,2026-03-30,0,0,0,0,0,0,0,0,0,0,0,0,0,0,0,0,0,0,-1.3174209027423394,-0.9785870205608264,0.529317664227656,-0.095968745197532,0,0,0,0,0,1,0,0,0,0,0,0,1,0,0,0,0,1,0,0,0
L10338,it,unknown,analyst,b,ml foundations,2026-03-31,32.2,108.7,45.3,5.0,4.0,9.0,0,2026-03-31,0,0,0,0,0,0,0,0,0,0,0,0,0,0,1,0,0,0,-1.2233795849373152,-0.4892700176945415,-1.1641977918864232,1.308451916229765,0,0,0,1,0,0,0,0,0,0,0,0,0,0,0,1,0,0,1,0,0
L10324,customer support,remote,coordinator,d,data literacy,2026-02-11,45.4,90.7,48.7,2.0,4.0,21.0,0,2026-02-11,0,0,0,0,0,0,0,0,0,0,0,0,0,0,0,0,0,0,-0.4475387130458674,-0.8517270568547526,-0.9722660401934939,1.308451916229765,1,0,0,0,0,0,0,0,0,0,0,0,0,0,1,0,0,1,0,0,0
L10451,it,remote,technician,b,ai awareness,2026-02-25,90.5,179.8,57.5,2.0,2.0,12.0,1,2026-02-25,0,0,0,0,0,0,0,0,0,0,0,0,0,0,0,0,0,0,2.203250932583247,0.9424352869882925,-0.47550150640003086,-0.095968745197532,0,0,0,1,0,0,0,0,0,0,0,0,0,0,1,0,1,0,0,0,0
L10375,finance,remote,coordinator,a,ai awareness,2026-03-10,72.6,139.9,62.3,4.0,0.0,13.0,1,2026-03-10,0,0,0,0,0,0,0,0,0,0,0,0,0,0,0,0,0,0,1.1511636896395403,0.13898885018315776,-0.20453903342177832,-1.5003894066248291,0,1,0,0,0,0,0,0,0,0,0,0,0,0,1,0,1,0,0,0,0
L10329,finance,birmingham,coordinator,b,python basics,2026-02-16,56.9,54.9,40.2,1.0,1.0,13.0,0,2026-02-16,0,0,0,0,0,0,0,0,0,0,0,0,0,0,0,0,0,0,0.2283832586777426,-1.5726138347400613,-1.4520954194258164,-0.7981790759111805,0,1,0,0,0,0,0,1,0,0,0,0,0,0,0,0,0,0,0,1,0
L10298,finance,remote,manager,d,data literacy,2026-02-21,65.3,85.2,75.0,3.0,1.0,10.0,1,2026-02-21,0,0,0,0,0,0,0,0,0,0,0,0,0,0,0,0,0,0,0.7221001771541186,-0.9624778188203726,0.5123825096665154,-0.7981790759111805,0,1,0,0,0,0,0,0,0,0,0,0,0,0,1,0,0,1,0,0,0
L10314,operations,unknown,coordinator,a,ml foundations,2026-01-28,24.6,97.7,55.1,5.0,4.0,7.0,0,2026-01-28,0,0,0,0,0,0,0,0,0,0,0,0,0,0,1,0,0,0,-1.6700758445111794,-0.7107715416257816,-0.6109827428891571,1.308451916229765,0,0,0,0,1,0,0,0,0,0,0,0,0,0,0,1,0,0,1,0,0
L10248,customer support,london,specialist,b,ai awareness,2026-01-21,52.7,113.7,86.3,2.0,2.0,16.0,1,2026-01-21,0,0,0,0,0,0,0,0,0,0,0,0,0,0,0,0,0,0,-0.01847520056044516,-0.38858750681670506,1.150273331469485,-0.095968745197532,1,0,0,0,0,0,0,0,0,0,0,0,1,0,0,0,1,0,0,0,0
L10483,sales,manchester,technician,b,responsible ai,2026-02-20,54.9,227.8,57.2,5.0,0.0,14.0,1,2026-02-20,0,0,0,0,0,0,0,0,0,0,0,0,0,0,0,0,0,0,0.1108316114214626,1.908987391415522,-0.4924366609611715,-1.5003894066248291,0,0,0,0,0,1,0,0,0,0,0,0,0,1,0,0,0,0,0,0,1
L10263,sales,manchester,analyst,d,ai awareness,2026-01-24,59.0,159.9,86.0,1.0,1.0,11.0,1,2026-01-24,0,0,0,0,0,0,0,0,0,0,0,0,0,0,0,0,0,0,0.3518124882968367,0.5417188936945034,1.1333381769083444,-0.7981790759111805,0,0,0,0,0,1,0,0,0,0,0,0,0,1,0,0,1,0,0,0,0
L10433,finance,leeds,specialist,b,ml foundations,2026-02-14,55.0,242.0,100.0,3.0,0.0,15.0,1,2026-02-14,0,0,0,0,0,0,0,0,0,0,0,0,0,0,0,0,0,0,0.11670919378427667,2.1949257223085774,1.9236453897615815,-1.5003894066248291,0,1,0,0,0,0,0,0,0,0,0,1,0,0,0,0,0,0,1,0,0
L10386,customer support,remote,coordinator,b,ai awareness,2026-03-12,55.2,153.4,82.9,3.0,3.0,10.0,1,2026-03-12,0,0,0,0,0,0,0,0,0,0,0,0,0,0,0,0,0,0,0.12846435850990484,0.4108316295533161,0.9583415797765565,0.6062415855161165,1,0,0,0,0,0,0,0,0,0,0,0,0,0,1,0,1,0,0,0,0
L10473,it,unknown,analyst,a,ai awareness,2026-02-25,53.4,178.2,53.6,1.0,2.0,17.0,0,2026-02-25,0,0,0,0,0,0,0,1,0,0,0,0,0,0,1,0,0,0,0.022667875979252593,0.9102168835073844,-0.695658515694861,-0.095968745197532,0,0,0,1,0,0,0,0,0,0,0,0,0,0,0,1,1,0,0,0,0
L10305,customer support,remote,specialist,c,ml foundations,2026-01-05,51.3,141.3,57.4,1.0,1.0,16.0,1,2026-01-05,0,0,0,0,0,0,0,0,0,0,0,0,0,0,0,0,0,0,-0.1007613536398415,0.16717995322895207,-0.48114655792041117,-0.7981790759111805,1,0,0,0,0,0,0,0,0,0,0,0,0,0,1,0,0,0,1,0,0
L10341,sales,leeds,specialist,b,python basics,2026-02-22,47.6,180.0,69.2,5.0,1.0,20.0,1,2026-02-22,0,0,0,0,0,0,0,0,0,0,0,0,0,0,0,0,0,0,-0.31823190106395927,0.9464625874234057,0.18496952148446022,-0.7981790759111805,0,0,0,0,0,1,0,0,0,0,0,1,0,0,0,0,0,0,0,1,0
L10019,hr,bristol,analyst,c,ml foundations,2026-01-28,53.4,183.1,79.0,5.0,2.0,12.0,1,2026-01-28,0,0,0,0,0,0,0,1,0,0,0,0,0,0,0,0,0,0,0.022667875979252593,1.0088857441676642,0.7381845704817259,-0.095968745197532,0,0,1,0,0,0,0,0,1,0,0,0,0,0,0,0,0,0,1,0,0
L10587,operations,london,specialist,a,ml foundations,2026-01-19,62.8,181.4,70.6,5.0,0.0,8.0,1,2026-01-19,0,0,0,0,0,0,0,0,0,0,0,0,0,0,0,0,0,0,0.5751606180837685,0.9746536904692,0.26400024276978346,-1.5003894066248291,0,0,0,0,1,0,0,0,0,0,0,0,1,0,0,0,0,0,1,0,0
L10121,finance,unknown,specialist,b,ai awareness,2026-03-16,52.7,159.4,90.7,2.0,2.0,14.0,1,2026-03-16,0,0,0,0,0,0,0,0,0,0,0,0,1,0,1,0,0,0,-0.01847520056044516,0.5316506426067198,1.398655598366217,-0.095968745197532,0,1,0,0,0,0,0,0,0,0,0,0,0,0,0,1,1,0,0,0,0
L10484,operations,unknown,analyst,b,ai awareness,2026-01-26,58.9,94.5,82.1,3.0,1.0,18.0,1,2026-01-26,0,0,0,0,0,0,0,0,0,0,0,0,0,0,1,0,0,0,0.3459349059340226,-0.775208348587597,0.9131811676135139,-0.7981790759111805,0,0,0,0,1,0,0,0,0,0,0,0,0,0,0,1,1,0,0,0,0
L10506,operations,leeds,manager,b,responsible ai,2026-02-27,53.4,148.9,65.1,3.0,1.0,20.0,1,2026-02-27,0,0,0,0,0,0,0,1,0,0,0,0,0,0,0,0,0,0,0.022667875979252593,0.3202173697632633,-0.04647759085113109,-0.7981790759111805,0,0,0,0,1,0,0,0,0,0,0,1,0,0,0,0,0,0,0,0,1
L10532,customer support,leeds,analyst,a,ai awareness,2026-02-21,12.7,93.8,18.4,2.0,3.0,12.0,0,2026-02-21,0,0,0,0,0,0,0,0,0,0,0,0,0,0,0,0,0,0,-2.3695081456860456,-0.7893039001104941,-2.682716650868714,0.6062415855161165,1,0,0,0,0,0,0,0,0,0,0,1,0,0,0,0,1,0,0,0,0
L10136,operations,unknown,manager,d,ml foundations,2026-01-09,32.1,86.3,70.2,3.0,3.0,17.0,0,2026-01-09,0,0,0,0,0,0,0,0,0,0,0,0,0,0,1,0,0,0,-1.2292571673001293,-0.9403276664272487,0.24142003668826287,0.6062415855161165,0,0,0,0,1,0,0,0,0,0,0,0,0,0,0,1,0,0,1,0,0
L10498,hr,remote,manager,a,ai awareness,2026-02-09,63.0,91.0,83.3,3.0,4.0,7.0,1,2026-02-09,0,0,0,0,0,0,0,0,0,0,0,0,0,0,0,0,0,0,0.5869157828093967,-0.8456861062020825,0.9809217858580772,1.308451916229765,0,0,1,0,0,0,0,0,0,0,0,0,0,0,1,0,1,0,0,0,0
L10202,customer support,birmingham,specialist,a,python basics,2026-02-13,40.3,113.3,62.6,1.0,3.0,16.0,1,2026-02-13,0,0,0,0,0,0,0,0,0,0,0,0,0,0,0,0,0,0,-0.7472954135493816,-0.39664210768693214,-0.18760387886063729,0.6062415855161165,1,0,0,0,0,0,0,1,0,0,0,0,0,0,0,0,0,0,0,1,0
L10084,sales,birmingham,manager,b,responsible ai,2026-02-09,50.5,235.1,70.6,2.0,3.0,30.0,0,2026-02-09,0,0,0,0,0,0,0,0,0,0,0,0,0,0,0,0,0,0,-0.14778201254235332,2.055983857297163,0.26400024276978346,0.6062415855161165,0,0,0,0,0,1,0,1,0,0,0,0,0,0,0,0,0,0,0,0,1
L10113,it,manchester,manager,b,responsible ai,2026-03-18,77.9,237.5,22.1,4.0,2.0,21.0,0,2026-03-18,0,0,0,0,0,0,0,0,0,0,0,0,0,0,0,0,0,0,1.4626755548686832,2.1043114625185244,-2.473849744614644,-0.095968745197532,0,0,0,1,0,0,0,0,0,0,0,0,0,1,0,0,0,0,0,0,1
L10184,hr,remote,associate,b,ml foundations,2026-03-17,53.4,112.6,61.6,5.0,1.0,21.0,1,2026-03-17,0,0,0,0,0,0,0,1,0,0,0,0,0,0,0,0,0,0,0.022667875979252593,-0.4107376592098293,-0.24405439406443993,-0.7981790759111805,0,0,1,0,0,0,0,0,0,0,0,0,0,0,1,0,0,0,1,0,0
L10043,it,birmingham,coordinator,c,data literacy,2026-02-18,58.8,150.5,52.0,1.0,3.0,23.0,0,2026-02-18,0,0,0,0,0,0,0,0,0,0,0,0,0,0,0,0,0,0,0.34005732357120855,0.35243577324417086,-0.7859793400209454,0.6062415855161165,0,0,0,1,0,0,0,1,0,0,0,0,0,0,0,0,0,1,0,0,0
L10583,customer support,remote,technician,b,ai awareness,2026-02-08,53.2,109.0,80.1,5.0,1.0,8.0,1,2026-02-08,0,0,0,0,0,0,0,0,0,0,0,0,0,0,0,0,0,0,0.010912711253624842,-0.48322906704187135,0.8002801372059085,-0.7981790759111805,1,0,0,0,0,0,0,0,0,0,0,0,0,0,1,0,1,0,0,0,0
L10505,customer support,unknown,manager,a,ml foundations,2026-01-27,52.8,58.0,62.2,3.0,3.0,9.0,0,2026-01-27,0,0,0,0,0,0,0,0,0,0,0,0,0,0,1,0,0,0,-0.012597618197631492,-1.5101906779958028,-0.21018408494215826,0.6062415855161165,1,0,0,0,0,0,0,0,0,0,0,0,0,0,0,1,0,0,1,0,0
L10541,it,remote,specialist,b,data literacy,2026-01-31,35.4,83.0,51.5,2.0,4.0,13.0,0,2026-01-31,0,0,0,0,0,0,0,0,0,0,0,0,0,0,0,0,0,0,-1.0352969493272675,-1.0067781236066207,-0.8142045976228467,1.308451916229765,0,0,0,1,0,0,0,0,0,0,0,0,0,0,1,0,0,1,0,0,0
L10061,sales,remote,manager,c,data literacy,2026-01-17,86.8,177.4,66.5,3.0,1.0,21.0,1,2026-01-17,0,0,1,0,0,0,0,0,0,1,0,0,0,0,0,0,0,0,1.9857803851591285,0.8941076817669309,0.03255313043419293,-0.7981790759111805,0,0,0,0,0,1,0,0,0,0,0,0,0,0,1,0,0,1,0,0,0
L10087,it,remote,technician,c,ml foundations,2026-03-04,39.9,120.1,79.6,4.0,2.0,12.0,1,2026-03-04,0,0,0,0,0,0,0,0,0,0,0,0,0,0,0,0,0,0,-0.7708057430006374,-0.25971389289307467,0.7720548796040072,-0.095968745197532,0,0,0,1,0,0,0,0,0,0,0,0,0,0,1,0,0,0,1,0,0
L10544,hr,birmingham,coordinator,c,ai awareness,2026-01-22,40.0,130.8,51.8,2.0,3.0,11.0,0,2026-01-22,0,0,0,0,0,0,0,0,0,0,0,0,0,0,0,0,0,0,-0.7649281606378233,-0.044253319614504384,-0.7972694430617061,0.6062415855161165,0,0,1,0,0,0,0,1,0,0,0,0,0,0,0,0,1,0,0,0,0
L10226,sales,bristol,analyst,b,responsible ai,2026-03-16,35.1,188.2,91.6,5.0,2.0,14.0,1,2026-03-16,0,0,0,0,0,0,0,0,0,0,0,0,0,0,0,0,0,0,-1.0529296964157093,1.1115819052630571,1.4494610620496389,-0.095968745197532,0,0,0,0,0,1,0,0,1,0,0,0,0,0,0,0,0,0,0,0,1
L10470,finance,remote,coordinator,c,ml foundations,2026-02-05,58.1,167.9,100.0,5.0,2.0,12.0,1,2026-02-05,0,0,0,0,0,0,0,0,0,0,0,0,0,0,0,0,0,0,0.29891424703151076,0.7028109110990417,1.9236453897615815,-0.095968745197532,0,1,0,0,0,0,0,0,0,0,0,0,0,0,1,0,0,0,1,0,0
L10291,customer support,cardiff,analyst,c,data literacy,2026-01-13,67.5,147.8,100.0,1.0,2.0,9.0,1,2026-01-13,0,0,0,0,0,0,0,0,0,0,0,0,0,0,0,0,0,0,0.8514069891360267,0.2980672173701394,1.9236453897615815,-0.095968745197532,1,0,0,0,0,0,0,0,0,1,0,0,0,0,0,0,0,1,0,0,0
L10579,it,birmingham,associate,a,responsible ai,2026-03-27,72.0,84.7,66.5,3.0,2.0,7.0,0,2026-03-27,0,0,1,0,0,0,0,0,0,1,0,0,0,0,0,0,0,0,1.1158981954626568,-0.9725460699081563,0.03255313043419293,-0.095968745197532,0,0,0,1,0,0,0,1,0,0,0,0,0,0,0,0,0,0,0,0,1
L10111,customer support,london,manager,d,responsible ai,2026-03-29,75.0,104.7,85.2,3.0,3.0,11.0,1,2026-03-29,0,0,0,0,0,0,0,0,0,0,0,0,0,0,0,0,0,0,1.2922256663470768,-0.5698160263968106,1.0881777647453026,0.6062415855161165,1,0,0,0,0,0,0,0,0,0,0,0,1,0,0,0,0,0,0,0,1
L10033,operations,remote,associate,b,ai awareness,2026-03-27,28.0,175.7,92.1,2.0,0.0,10.0,1,2026-03-27,0,0,0,0,0,0,0,0,0,0,0,0,0,0,0,0,0,0,-1.4702380441755034,0.8598756280684662,1.4776863196515402,-1.5003894066248291,0,0,0,0,1,0,0,0,0,0,0,0,0,0,1,0,1,0,0,0,0
L10173,it,edinburgh,coordinator,d,ai awareness,2026-01-05,28.3,150.9,88.3,3.0,0.0,19.0,1,2026-01-05,0,0,0,0,0,0,0,0,0,0,0,0,0,0,0,0,0,0,-1.4526052970870613,0.3604903741143979,1.2631743618770903,-1.5003894066248291,0,0,0,1,0,0,0,0,0,0,1,0,0,0,0,0,1,0,0,0,0
L10000,customer support,birmingham,specialist,a,ml foundations,2026-02-05,53.4,123.3,64.2,5.0,3.0,13.0,1,2026-02-05,0,0,0,0,0,0,0,1,0,0,0,0,0,0,0,0,0,0,0.022667875979252593,-0.19527708593125928,-0.09728305453455298,0.6062415855161165,1,0,0,0,0,0,0,1,0,0,0,0,0,0,0,0,0,0,1,0,0
L10135,customer support,unknown,specialist,a,data literacy,2026-01-07,30.1,109.4,66.5,1.0,2.0,21.0,0,2026-01-07,0,0,0,0,0,0,0,0,0,1,0,0,0,0,1,0,0,0,-1.3468088145564092,-0.4751744661716443,0.03255313043419293,-0.095968745197532,1,0,0,0,0,0,0,0,0,0,0,0,0,0,0,1,0,1,0,0,0
L10465,sales,cardiff,manager,c,ai awareness,2026-02-04,53.4,230.4,72.1,2.0,2.0,21.0,1,2026-02-04,0,0,0,0,0,0,0,0,0,0,0,0,0,0,0,0,0,0,0.022667875979252593,1.961342297071997,0.3486760155754874,-0.095968745197532,0,0,0,0,0,1,0,0,0,1,0,0,0,0,0,0,1,0,0,0,0
L10358,finance,london,technician,a,data literacy,2026-03-04,45.4,125.7,41.3,5.0,1.0,15.0,0,2026-03-04,0,0,0,0,0,0,0,0,0,0,0,0,0,0,0,0,0,0,-0.4475387130458674,-0.1469494807098977,-1.3899998527016337,-0.7981790759111805,0,1,0,0,0,0,0,0,0,0,0,0,1,0,0,0,0,1,0,0,0
L10225,customer support,bristol,technician,a,data literacy,2026-03-04,64.2,105.4,49.5,2.0,3.0,30.0,0,2026-03-04,0,0,0,0,0,0,0,0,0,0,0,0,0,0,0,0,0,0,0.6574467711631649,-0.5557204748739135,-0.9271056280304519,0.6062415855161165,1,0,0,0,0,0,0,0,1,0,0,0,0,0,0,0,0,1,0,0,0
L10326,it,birmingham,manager,b,responsible ai,2026-02-06,56.4,180.1,85.4,1.0,3.0,3.0,1,2026-02-06,0,0,0,0,0,0,0,0,0,0,0,0,0,0,0,0,0,0,0.1989953468636726,0.9484762376409623,1.0994678677860632,0.6062415855161165,0,0,0,1,0,0,0,1,0,0,0,0,0,0,0,0,0,0,0,0,1
L10513,finance,leeds,analyst,c,python basics,2026-01-07,60.5,167.7,56.0,2.0,3.0,21.0,0,2026-01-07,0,0,0,0,0,0,0,0,0,0,0,0,0,0,0,0,0,0,0.4399762237390467,0.6987836106639279,-0.5601772792057348,0.6062415855161165,0,1,0,0,0,0,0,0,0,0,0,1,0,0,0,0,0,0,0,1,0
L10190,operations,unknown,analyst,b,data literacy,2026-01-15,53.4,150.4,66.5,2.0,3.0,24.0,1,2026-01-15,0,0,0,0,0,0,0,1,0,1,0,0,0,0,1,0,0,0,0.022667875979252593,0.35042212302661424,0.03255313043419293,0.6062415855161165,0,0,0,0,1,0,0,0,0,0,0,0,0,0,0,1,0,1,0,0,0
L10529,customer support,manchester,analyst,d,data literacy,2026-03-25,61.9,54.5,83.0,1.0,2.0,24.0,1,2026-03-25,0,0,0,0,0,0,0,0,0,0,0,0,0,0,0,0,0,0,0.5222623768184426,-1.5806684356102882,0.9639866312969365,-0.095968745197532,1,0,0,0,0,0,0,0,0,0,0,0,0,1,0,0,0,1,0,0,0
L10243,it,bristol,associate,b,data literacy,2026-03-20,43.0,188.7,50.8,5.0,3.0,11.0,1,2026-03-20,0,0,0,0,0,0,0,0,0,0,0,0,0,0,0,0,0,0,-0.5886006897534033,1.1216501563508408,-0.8537199582655087,0.6062415855161165,0,0,0,1,0,0,0,0,1,0,0,0,0,0,0,0,0,1,0,0,0
L10266,operations,remote,manager,a,responsible ai,2026-02-15,31.0,186.3,67.6,5.0,3.0,25.0,1,2026-02-15,0,0,0,0,0,0,0,0,0,0,0,0,0,0,0,0,0,0,-1.2939105732910834,1.0733225511294797,0.09464869715837551,0.6062415855161165,0,0,0,0,1,0,0,0,0,0,0,0,0,0,1,0,0,0,0,0,1
L10537,operations,manchester,analyst,a,python basics,2026-02-11,49.3,126.0,59.3,4.0,1.0,17.0,1,2026-02-11,0,0,0,0,0,0,0,0,0,0,0,0,0,0,0,0,0,0,-0.2183130008961215,-0.14090853005722756,-0.37389057903318623,-0.7981790759111805,0,0,0,0,1,0,0,0,0,0,0,0,0,1,0,0,0,0,0,1,0
L10048,it,bristol,technician,b,ml foundations,2026-02-05,55.5,88.7,68.1,2.0,1.0,5.0,0,2026-02-05,0,0,0,0,0,0,0,0,0,0,0,0,0,0,0,0,0,0,0.14609710559834668,-0.8920000612058872,0.12287395476027684,-0.7981790759111805,0,0,0,1,0,0,0,0,1,0,0,0,0,0,0,0,0,0,1,0,0
L10204,it,london,associate,b,ai awareness,2026-01-13,63.3,148.4,100.0,3.0,3.0,11.0,1,2026-01-13,0,0,0,0,0,0,0,0,0,0,0,0,0,0,0,0,0,0,0.6045485298978386,0.3101491186754797,1.9236453897615815,0.6062415855161165,0,0,0,1,0,0,0,0,0,0,0,0,1,0,0,0,1,0,0,0,0
L10102,customer support,london,specialist,a,python basics,2026-01-26,47.0,144.3,63.2,5.0,7.0,4.0,1,2026-01-26,0,0,0,0,0,0,0,0,0,0,0,0,0,0,0,0,0,0,-0.35349739524084334,0.22758945975565392,-0.15373356973835564,3.4150829083707106,1,0,0,0,0,0,0,0,0,0,0,0,1,0,0,0,0,0,0,1,0
L10066,customer support,cardiff,analyst,c,ai awareness,2026-04-01,55.2,125.2,66.7,4.0,0.0,11.0,0,2026-04-01,0,0,0,0,0,0,0,0,0,0,0,0,0,0,0,0,0,0,0.12846435850990484,-0.15701773179768133,0.04384323347495362,-1.5003894066248291,1,0,0,0,0,0,0,0,0,1,0,0,0,0,0,0,1,0,0,0,0
L10022,it,leeds,manager,d,data literacy,2026-02-14,68.5,154.9,56.8,3.0,2.0,12.0,0,2026-02-14,0,0,0,0,0,0,0,0,0,0,0,0,0,0,0,0,0,0,0.9101828127641667,0.441036382816667,-0.5150168670426929,-0.095968745197532,0,0,0,1,0,0,0,0,0,0,0,1,0,0,0,0,0,1,0,0,0
L10597,customer support,remote,associate,b,python basics,2026-01-23,59.7,129.2,60.0,1.0,1.0,13.0,1,2026-01-23,0,0,0,0,0,0,0,0,0,0,0,0,0,0,0,0,0,0,0.3929555648365349,-0.0764717230954125,-0.33437521839052425,-0.7981790759111805,1,0,0,0,0,0,0,0,0,0,0,0,0,0,1,0,0,0,0,1,0
L10463,operations,birmingham,manager,b,ml foundations,2026-03-30,77.3,113.1,80.7,5.0,2.0,21.0,1,2026-03-30,0,0,0,0,0,0,0,0,0,0,0,0,0,0,0,0,0,0,1.4274100606917985,-0.40066940812204566,0.8341504463281906,-0.095968745197532,0,0,0,0,1,0,0,1,0,0,0,0,0,0,0,0,0,0,1,0,0
L10510,finance,unknown,manager,a,data literacy,2026-03-22,62.0,172.0,58.0,5.0,5.0,15.0,1,2026-03-22,0,0,0,0,0,0,0,0,0,0,0,0,0,0,1,0,0,0,0.5281399591812567,0.7853705700188675,-0.44727624879812955,2.0106622469434137,0,1,0,0,0,0,0,0,0,0,0,0,0,0,0,1,0,1,0,0,0
L10332,operations,london,analyst,b,python basics,2026-04-03,67.2,122.8,61.5,3.0,3.0,16.0,1,2026-04-03,0,0,0,0,0,0,0,0,0,0,0,0,0,0,0,0,0,0,0.8337742420475849,-0.20534533701904292,-0.24969944558482027,0.6062415855161165,0,0,0,0,1,0,0,0,0,0,0,0,1,0,0,0,0,0,0,1,0
L10350,hr,remote,manager,a,ai awareness,2026-01-09,49.6,240.8,52.8,2.0,1.0,22.0,1,2026-01-09,0,0,0,0,0,0,0,0,0,0,0,0,0,0,0,0,0,0,-0.20068025380767926,2.1707619196978967,-0.7408189278579034,-0.7981790759111805,0,0,1,0,0,0,0,0,0,0,0,0,0,0,1,0,1,0,0,0,0
L10253,operations,london,specialist,b,ml foundations,2026-01-14,72.0,115.6,66.5,4.0,5.0,13.0,1,2026-01-14,0,0,0,0,0,0,0,0,0,1,0,0,0,0,0,0,0,0,1.1158981954626568,-0.35032815268312745,0.03255313043419293,2.0106622469434137,0,0,0,0,1,0,0,0,0,0,0,0,1,0,0,0,0,0,1,0,0
L10467,unknown,bristol,associate,c,data literacy,2026-02-16,32.4,176.7,70.7,4.0,6.0,17.0,1,2026-02-16,0,0,0,0,0,0,0,0,0,0,0,0,0,1,0,0,0,0,-1.2116244202116875,0.8800121302440335,0.2696452942901642,2.712872577657062,0,0,0,0,0,0,1,0,1,0,0,0,0,0,0,0,0,1,0,0,0
L10469,operations,cardiff,coordinator,a,data literacy,2026-01-29,100.0,144.8,77.4,4.0,2.0,22.0,1,2026-01-29,0,0,0,0,0,0,0,0,0,0,0,0,0,0,0,0,0,0,2.7616212570505767,0.23765771084343756,0.647863746155642,-0.095968745197532,0,0,0,0,1,0,0,0,0,1,0,0,0,0,0,0,0,1,0,0,0
L10161,it,remote,manager,a,ai awareness,2026-03-30,64.3,153.6,29.9,1.0,2.0,18.0,0,2026-03-30,0,0,0,0,0,0,0,0,0,0,0,0,0,0,0,0,0,0,0.6633243535259785,0.4148589299884293,-2.033535726024984,-0.095968745197532,0,0,0,1,0,0,0,0,0,0,0,0,0,0,1,0,1,0,0,0,0
L10374,sales,remote,manager,a,data literacy,2026-02-05,65.9,80.1,72.4,5.0,0.0,14.0,1,2026-02-05,0,0,0,0,0,0,0,0,0,0,0,0,0,0,0,0,0,0,0.7573656713310031,-1.065173979915766,0.36561117013662886,-1.5003894066248291,0,0,0,0,0,1,0,0,0,0,0,0,0,0,1,0,0,1,0,0,0
L10064,unknown,remote,associate,a,ai awareness,2026-02-13,73.0,126.3,77.0,5.0,2.0,12.0,1,2026-02-13,0,0,0,0,0,0,0,0,0,0,0,0,0,1,0,0,0,0,1.1746740190907967,-0.13486757940455743,0.6252835400741207,-0.095968745197532,0,0,0,0,0,0,1,0,0,0,0,0,0,0,1,0,1,0,0,0,0
L10420,hr,cardiff,manager,c,ml foundations,2026-02-24,25.2,157.3,53.9,5.0,2.0,17.0,1,2026-02-24,0,0,0,0,0,0,0,0,0,0,0,0,0,0,0,0,0,0,-1.6348103503342954,0.4893639880380286,-0.6787233611337204,-0.095968745197532,0,0,1,0,0,0,0,0,0,1,0,0,0,0,0,0,0,0,1,0,0
L10203,customer support,unknown,specialist,c,ml foundations,2026-01-17,62.9,249.8,52.6,3.0,3.0,11.0,1,2026-01-17,0,0,0,0,0,0,0,0,0,0,0,0,0,0,1,0,0,0,0.5810382004465826,2.351990439278002,-0.7521090308986638,0.6062415855161165,1,0,0,0,0,0,0,0,0,0,0,0,0,0,0,1,0,0,1,0,0
L10526,sales,manchester,coordinator,b,data literacy,2026-02-12,66.3,125.2,48.1,3.0,4.0,20.0,1,2026-02-12,0,0,0,0,0,0,0,0,0,0,0,0,0,0,0,0,0,0,0.7808760007822585,-0.15701773179768133,-1.0061363493157756,1.308451916229765,0,0,0,0,0,1,0,0,0,0,0,0,0,1,0,0,0,1,0,0,0
L10567,it,birmingham,specialist,a,ai awareness,2026-02-19,40.1,48.1,45.5,5.0,4.0,20.0,0,2026-02-19,0,0,0,0,0,0,0,0,0,0,0,0,0,0,0,0,0,0,-0.7590505782750093,-1.709542049533919,-1.1529076888456626,1.308451916229765,0,0,0,1,0,0,0,1,0,0,0,0,0,0,0,0,1,0,0,0,0
L10224,hr,birmingham,technician,c,responsible ai,2026-03-31,72.8,89.8,100.0,3.0,0.0,13.0,1,2026-03-31,0,0,0,0,0,0,0,0,0,0,0,0,0,0,0,0,0,0,1.1629188543651685,-0.8698499088127633,1.9236453897615815,-1.5003894066248291,0,0,1,0,0,0,0,1,0,0,0,0,0,0,0,0,0,0,0,0,1
L10209,finance,london,associate,a,ai awareness,2026-04-01,19.1,125.5,61.9,1.0,0.0,14.0,0,2026-04-01,0,0,0,0,0,0,0,0,0,0,0,0,0,0,0,0,0,0,-1.9933428744659494,-0.1509767811450112,-0.2271192395032993,-1.5003894066248291,0,1,0,0,0,0,0,0,0,0,0,0,1,0,0,0,1,0,0,0,0
L10573,operations,edinburgh,manager,b,responsible ai,2026-01-06,77.6,149.3,90.3,2.0,2.0,12.0,1,2026-01-06,0,0,0,0,0,0,0,0,0,0,0,0,0,0,0,0,0,0,1.4450428077802404,0.32827197063349034,1.3760753922846956,-0.095968745197532,0,0,0,0,1,0,0,0,0,0,1,0,0,0,0,0,0,0,0,0,1
L10497,customer support,birmingham,specialist,a,ml foundations,2026-03-28,66.7,120.2,64.6,5.0,3.0,9.0,0,2026-03-28,0,0,0,0,0,0,0,0,0,0,0,0,0,0,0,0,0,0,0.8043863302335149,-0.2577002426755178,-0.0747028484530324,0.6062415855161165,1,0,0,0,0,0,0,1,0,0,0,0,0,0,0,0,0,0,1,0,0
L10306,customer support,edinburgh,technician,c,ml foundations,28/02/2026,57.3,114.9,71.7,3.0,4.0,22.0,1,,1,0,0,0,0,0,0,0,0,0,0,0,0,0,0,0,0,0,0.25189358812899854,-0.36442370420602427,0.3260958094939668,1.308451916229765,1,0,0,0,0,0,0,0,0,0,1,0,0,0,0,0,0,0,1,0,0
L10169,operations,remote,coordinator,a,ai awareness,2026-01-17,56.6,72.5,36.6,5.0,5.0,18.0,0,2026-01-17,0,0,0,0,0,0,0,0,0,0,0,0,0,0,0,0,0,0,0.21075051158930078,-1.2182113964500771,-1.655317274159506,2.0106622469434137,0,0,0,0,1,0,0,0,0,0,0,0,0,0,1,0,1,0,0,0,0
L10366,operations,leeds,technician,c,responsible ai,2026-03-24,49.7,94.2,53.5,4.0,2.0,24.0,0,2026-03-24,0,0,0,0,0,0,0,0,0,0,0,0,0,0,0,0,0,0,-0.19480267144486516,-0.7812492992402671,-0.7013035672152415,-0.095968745197532,0,0,0,0,1,0,0,0,0,0,0,1,0,0,0,0,0,0,0,0,1
L10354,it,remote,specialist,b,data literacy,2026-01-23,54.8,118.1,53.8,5.0,1.0,14.0,0,2026-01-23,0,0,0,0,0,0,0,0,0,0,0,0,0,0,0,0,0,0,0.10495402905864851,-0.29998689724420924,-0.6843684126541008,-0.7981790759111805,0,0,0,1,0,0,0,0,0,0,0,0,0,0,1,0,0,1,0,0,0
L10584,sales,london,technician,a,ai awareness,2026-04-02,51.3,44.9,73.5,5.0,1.0,17.0,1,2026-04-02,0,0,0,0,0,0,0,0,0,0,0,0,0,0,0,0,0,0,-0.1007613536398415,-1.7739788564957342,0.42770673686081145,-0.7981790759111805,0,0,0,0,0,1,0,0,0,0,0,0,1,0,0,0,1,0,0,0,0
L10413,finance,london,technician,b,python basics,2026-03-30,58.6,55.7,44.9,3.0,2.0,6.0,0,2026-03-30,0,0,0,0,0,0,0,0,0,0,0,0,0,0,0,0,0,0,0.3283021588455808,-1.5565046329996075,-1.1867779979679443,-0.095968745197532,0,1,0,0,0,0,0,0,0,0,0,0,1,0,0,0,0,0,0,1,0
L10230,sales,london,technician,a,data literacy,2026-01-07,66.5,117.7,66.5,5.0,1.0,9.0,0,2026-01-07,0,0,0,0,0,0,0,0,0,1,0,0,0,0,0,0,0,0,0.7926311655078867,-0.308041498114436,0.03255313043419293,-0.7981790759111805,0,0,0,0,0,1,0,0,0,0,0,0,1,0,0,0,0,1,0,0,0
L10046,sales,birmingham,specialist,c,ai awareness,2026-03-03,64.2,122.7,53.0,2.0,2.0,17.0,1,2026-03-03,0,0,0,0,0,0,0,0,0,0,0,0,0,0,0,0,0,0,0.6574467711631649,-0.20735898723659954,-0.7295288248171428,-0.095968745197532,0,0,0,0,0,1,0,1,0,0,0,0,0,0,0,0,1,0,0,0,0
L10500,customer support,cardiff,specialist,b,data literacy,2026-01-05,75.2,82.6,55.4,3.0,2.0,12.0,0,2026-01-05,0,0,0,0,0,0,0,0,0,0,0,0,0,0,0,0,0,0,1.3039808310727048,-1.0148327244768478,-0.5940475883280165,-0.095968745197532,1,0,0,0,0,0,0,0,0,1,0,0,0,0,0,0,0,1,0,0,0
L10240,hr,london,coordinator,b,python basics,2026-03-15,60.3,82.8,66.5,2.0,0.0,8.0,1,2026-03-15,0,0,0,0,0,0,0,0,0,1,0,0,0,0,0,0,0,0,0.4282210590134185,-1.0108054240417341,0.03255313043419293,-1.5003894066248291,0,0,1,0,0,0,0,0,0,0,0,0,1,0,0,0,0,0,0,1,0
L10399,finance,birmingham,technician,c,ai awareness,2026-01-26,54.9,117.4,24.0,2.0,3.0,10.0,0,2026-01-26,0,0,0,0,0,0,0,0,0,0,0,0,0,0,0,0,0,0,0.1108316114214626,-0.31408244876710606,-2.366593765727419,0.6062415855161165,0,1,0,0,0,0,0,1,0,0,0,0,0,0,0,0,1,0,0,0,0
L10247,sales,bristol,analyst,a,data literacy,2026-01-18,67.9,113.0,89.9,4.0,1.0,27.0,1,2026-01-18,0,0,0,0,0,0,0,0,0,0,0,0,0,0,0,0,0,0,0.874917318587283,-0.4026830583396022,1.353495186203175,-0.7981790759111805,0,0,0,0,0,1,0,0,1,0,0,0,0,0,0,0,0,1,0,0,0
L10455,operations,cardiff,technician,c,data literacy,2026-01-24,39.4,125.55,66.6,4.0,6.0,8.0,0,2026-01-24,0,0,0,1,0,0,0,0,1,0,0,0,0,0,0,0,0,0,-0.8001936548147074,-0.1499699560362329,0.03819818195457288,2.712872577657062,0,0,0,0,1,0,0,0,0,1,0,0,0,0,0,0,0,1,0,0,0
L10205,hr,london,coordinator,a,ml foundations,2026-02-22,54.7,178.4,94.5,5.0,2.0,21.0,1,2026-02-22,0,0,0,0,0,0,0,0,0,0,0,0,0,0,0,0,0,0,0.09907644669583485,0.9142441839424982,1.6131675561406669,-0.095968745197532,0,0,1,0,0,0,0,0,0,0,0,0,1,0,0,0,0,0,1,0,0
L10108,operations,leeds,technician,c,ai awareness,2026-03-06,37.3,132.9,44.2,1.0,3.0,20.0,0,2026-03-06,0,0,0,0,0,0,0,0,0,0,0,0,0,0,0,0,0,0,-0.9236228844338015,-0.0019666650458132085,-1.2262933586106057,0.6062415855161165,0,0,0,0,1,0,0,0,0,0,0,1,0,0,0,0,1,0,0,0,0
L10290,operations,unknown,specialist,a,data literacy,2026-01-29,69.1,139.3,70.8,4.0,4.0,24.0,1,2026-01-29,0,0,0,0,0,0,0,0,0,0,0,0,0,0,1,0,0,0,0.9454483069410504,0.1269069488778175,0.2752903458105441,1.308451916229765,0,0,0,0,1,0,0,0,0,0,0,0,0,0,0,1,0,1,0,0,0
L10001,it,london,specialist,d,data literacy,2026-03-31,53.4,183.9,57.1,2.0,2.0,29.0,0,2026-03-31,0,0,0,0,0,0,0,1,0,0,0,0,0,0,0,0,0,0,0.022667875979252593,1.0249949459081182,-0.4980817124815518,-0.095968745197532,0,0,0,1,0,0,0,0,0,0,0,0,1,0,0,0,0,1,0,0,0
L10328,sales,london,technician,d,python basics,2026-01-16,85.8,113.6,53.7,4.0,3.0,12.0,1,2026-01-16,0,0,0,0,0,0,0,0,0,0,0,0,0,0,0,0,0,0,1.9270045615309885,-0.390601157034262,-0.6900134641744807,0.6062415855161165,0,0,0,0,0,1,0,0,0,0,0,0,1,0,0,0,0,0,0,1,0
L10507,customer support,leeds,coordinator,b,responsible ai,2026-01-20,58.4,184.5,58.1,2.0,1.0,17.0,0,2026-01-20,0,0,0,0,0,0,0,0,0,0,0,0,0,0,0,0,0,0,0.31654699411995263,1.0370768472134584,-0.4416311972777492,-0.7981790759111805,1,0,0,0,0,0,0,0,0,0,0,1,0,0,0,0,0,0,0,0,1
L10576,it,edinburgh,technician,c,python basics,2026-02-05,57.0,79.7,94.4,4.0,0.0,11.0,1,2026-02-05,0,0,0,0,0,0,0,0,0,0,0,0,0,0,0,0,0,0,0.2342608410405567,-1.0732285807859927,1.607522504620287,-1.5003894066248291,0,0,0,1,0,0,0,0,0,0,1,0,0,0,0,0,0,0,0,1,0
L10552,sales,unknown,specialist,c,ml foundations,2026-01-20,66.1,45.0,33.2,3.0,6.0,14.0,0,2026-01-20,0,0,0,0,0,0,0,0,0,0,0,0,0,0,1,0,0,0,0.7691208360566304,-1.7719652062781774,-1.847249025852435,2.712872577657062,0,0,0,0,0,1,0,0,0,0,0,0,0,0,0,1,0,0,1,0,0
L10403,hr,london,associate,a,data literacy,2026-03-31,40.9,150.0,52.9,2.0,1.0,31.0,0,2026-03-31,0,0,0,0,0,0,0,0,0,0,0,0,0,0,0,0,0,0,-0.7120299193724975,0.3423675221563872,-0.7351738763375231,-0.7981790759111805,0,0,1,0,0,0,0,0,0,0,0,0,1,0,0,0,0,1,0,0,0
L10536,operations,edinburgh,technician,d,data literacy,2026-01-20,71.0,126.8,63.4,1.0,0.0,14.0,0,2026-01-20,0,0,0,0,0,0,0,0,0,0,0,0,0,0,0,0,0,0,1.0571223718345166,-0.1247993283167738,-0.14244346669759533,-1.5003894066248291,0,0,0,0,1,0,0,0,0,0,1,0,0,0,0,0,0,1,0,0,0
L10261,finance,leeds,technician,b,ai awareness,2026-01-27,53.4,181.7,53.2,4.0,3.0,8.0,0,2026-01-27,0,0,0,0,0,0,0,1,0,0,0,0,0,0,0,0,0,0,0.022667875979252593,0.9806946411218699,-0.718238721776382,0.6062415855161165,0,1,0,0,0,0,0,0,0,0,0,1,0,0,0,0,1,0,0,0,0
L10388,it,manchester,associate,d,ai awareness,2026-03-23,79.3,81.8,62.3,4.0,1.0,22.0,1,2026-03-23,0,0,0,0,0,0,0,0,0,0,0,0,0,0,0,0,0,0,1.5449617079480786,-1.0309419262173014,-0.20453903342177832,-0.7981790759111805,0,0,0,1,0,0,0,0,0,0,0,0,0,1,0,0,1,0,0,0,0
L10144,sales,manchester,coordinator,c,ml foundations,2026-01-06,42.4,154.1,76.4,4.0,2.0,16.0,1,2026-01-06,0,0,0,0,0,0,0,0,0,0,0,0,0,0,0,0,0,0,-0.6238661839302875,0.42492718107621297,0.5914132309518394,-0.095968745197532,0,0,0,0,0,1,0,0,0,0,0,0,0,1,0,0,0,0,1,0,0
L10440,customer support,remote,coordinator,c,ml foundations,2026-01-10,56.6,201.2,41.4,3.0,5.0,6.0,0,2026-01-10,0,0,0,0,0,0,0,0,0,0,0,0,0,0,0,0,0,0,0.21075051158930078,1.3733564335454318,-1.3843548011812534,2.0106622469434137,1,0,0,0,0,0,0,0,0,0,0,0,0,0,1,0,0,0,1,0,0
L10186,operations,london,specialist,a,ai awareness,2026-02-04,66.3,238.8,36.4,1.0,0.0,12.0,0,2026-02-04,0,0,0,0,0,0,0,0,0,0,0,0,0,0,0,0,0,0,0.7808760007822585,2.130488915346762,-1.6666073772002667,-1.5003894066248291,0,0,0,0,1,0,0,0,0,0,0,0,1,0,0,0,1,0,0,0,0
L10052,hr,manchester,manager,a,data literacy,2026-03-13,59.6,90.6,48.4,4.0,4.0,14.0,1,2026-03-13,0,0,0,0,0,0,0,0,0,0,0,0,1,0,0,0,0,0,0.38707798247372077,-0.8537407070723095,-0.989201194754635,1.308451916229765,0,0,1,0,0,0,0,0,0,0,0,0,0,1,0,0,0,1,0,0,0
L10355,operations,remote,specialist,a,data literacy,2026-03-08,19.1,177.8,34.5,1.0,2.0,23.0,0,2026-03-08,0,0,0,0,0,0,0,0,0,0,0,0,0,0,0,0,0,0,-1.9933428744659494,0.9021622826371579,-1.7738633560874917,-0.095968745197532,0,0,0,0,1,0,0,0,0,0,0,0,0,0,1,0,0,1,0,0,0
L10245,customer support,london,analyst,a,ml foundations,2026-02-12,55.3,89.6,66.5,1.0,1.0,11.0,0,2026-02-12,0,0,0,0,0,0,0,0,0,1,0,0,0,0,0,0,0,0,0.1343419408727185,-0.8738772092478768,0.03255313043419293,-0.7981790759111805,1,0,0,0,0,0,0,0,0,0,0,0,1,0,0,0,0,0,1,0,0
L10058,operations,cardiff,associate,d,ai awareness,2026-01-10,71.5,126.3,81.2,3.0,3.0,6.0,1,2026-01-10,0,0,0,0,0,0,0,0,0,0,0,0,0,0,0,0,0,0,1.0865102836485867,-0.13486757940455743,0.8623757039300919,0.6062415855161165,0,0,0,0,1,0,0,0,0,1,0,0,0,0,0,0,1,0,0,0,0
L10434,operations,cardiff,specialist,b,ai awareness,2026-03-27,93.0,104.3,66.5,4.0,2.0,15.0,1,2026-03-27,0,0,0,0,0,0,0,0,0,1,0,0,0,0,0,0,0,0,2.350190491653597,-0.5778706272670376,0.03255313043419293,-0.095968745197532,0,0,0,0,1,0,0,0,0,1,0,0,0,0,0,0,1,0,0,0,0
L10575,sales,leeds,specialist,b,python basics,2026-02-03,48.6,87.0,66.4,3.0,6.0,7.0,1,2026-02-03,0,0,0,0,0,0,0,0,0,0,0,0,0,0,0,0,0,0,-0.2594560774358193,-0.9262321149043515,0.02690807891381299,2.712872577657062,0,0,0,0,0,1,0,0,0,0,0,1,0,0,0,0,0,0,0,1,0
L10182,it,birmingham,coordinator,a,responsible ai,2026-03-28,74.6,114.0,49.1,2.0,3.0,23.0,0,2026-03-28,0,0,0,0,0,0,0,0,0,0,0,0,0,0,0,0,0,0,1.2687153368958204,-0.38254655616403493,-0.9496858341119729,0.6062415855161165,0,0,0,1,0,0,0,1,0,0,0,0,0,0,0,0,0,0,0,0,1
L10492,finance,edinburgh,specialist,b,ai awareness,2026-01-08,42.9,120.9,64.6,3.0,1.0,7.0,0,2026-01-08,0,0,0,0,0,0,0,0,0,0,0,0,0,0,0,0,0,0,-0.5944782721162174,-0.2436046911526206,-0.0747028484530324,-0.7981790759111805,0,1,0,0,0,0,0,0,0,0,1,0,0,0,0,0,1,0,0,0,0
L10348,finance,remote,analyst,b,ml foundations,2026-01-07,29.4,115.2,67.9,3.0,1.0,17.0,0,2026-01-07,0,0,0,0,0,0,0,0,0,0,0,0,0,0,0,0,0,0,-1.3879518910961075,-0.35838275355335414,0.11158385171951696,-0.7981790759111805,0,1,0,0,0,0,0,0,0,0,0,0,0,0,1,0,0,0,1,0,0
L10443,operations,edinburgh,specialist,b,ml foundations,2026-03-02,37.2,114.0,75.5,4.0,1.0,12.0,1,2026-03-02,0,0,0,0,0,0,0,0,0,0,0,0,0,0,0,0,0,0,-0.9295004667966152,-0.38254655616403493,0.5406077672684168,-0.7981790759111805,0,0,0,0,1,0,0,0,0,0,1,0,0,0,0,0,0,0,1,0,0
L10360,sales,unknown,manager,c,ml foundations,2026-03-30,50.7,67.5,68.0,4.0,3.0,9.0,1,2026-03-30,0,0,0,0,0,0,0,0,0,0,0,0,0,0,1,0,0,0,-0.13602684781672517,-1.3188939073279136,0.11722890323989689,0.6062415855161165,0,0,0,0,0,1,0,0,0,0,0,0,0,0,0,1,0,0,1,0,0
L10049,operations,remote,associate,a,ml foundations,2026-03-07,79.9,116.9,75.0,5.0,4.0,13.0,1,2026-03-07,0,0,0,0,0,0,0,0,0,0,0,0,0,0,0,0,0,0,1.580227202124963,-0.3241506998548897,0.5123825096665154,1.308451916229765,0,0,0,0,1,0,0,0,0,0,0,0,0,0,1,0,0,0,1,0,0
L10312,operations,bristol,associate,b,ml foundations,2026-03-01,33.1,101.0,50.4,3.0,4.0,10.0,0,2026-03-01,0,0,0,0,0,0,0,0,0,0,1,0,0,0,0,0,0,0,-1.1704813436719892,-0.6443210844464097,-0.8763001643470297,1.308451916229765,0,0,0,0,1,0,0,0,1,0,0,0,0,0,0,0,0,0,1,0,0
L10137,it,manchester,associate,d,ai awareness,2026-01-11,57.4,77.8,73.0,5.0,0.0,22.0,1,2026-01-11,0,0,0,0,0,0,0,0,0,0,0,0,0,0,0,0,0,0,0.2577711704918126,-1.1114879349195705,0.3994814792589101,-1.5003894066248291,0,0,0,1,0,0,0,0,0,0,0,0,0,1,0,0,1,0,0,0,0
L10486,operations,edinburgh,coordinator,a,ml foundations,2026-01-22,40.8,151.9,42.6,3.0,0.0,1.0,0,2026-01-22,0,0,0,0,0,0,0,0,0,0,0,0,0,0,0,0,0,0,-0.7179075017353115,0.38062687628996517,-1.3166141829366902,-1.5003894066248291,0,0,0,0,1,0,0,0,0,0,1,0,0,0,0,0,0,0,1,0,0
L10275,hr,remote,manager,c,python basics,2026-03-03,50.6,124.2,72.0,2.0,2.0,12.0,1,2026-03-03,0,0,0,0,0,0,0,0,0,0,0,0,0,0,0,0,0,0,-0.14190443017953924,-0.17715423397324861,0.34303096405510747,-0.095968745197532,0,0,1,0,0,0,0,0,0,0,0,0,0,0,1,0,0,0,0,1,0
L10395,sales,manchester,specialist,c,data literacy,2026-02-25,70.1,165.5,50.5,1.0,0.0,19.0,0,2026-02-25,0,0,0,0,0,0,0,0,0,0,0,0,0,0,0,0,0,0,1.0042241305691904,0.6544833058776801,-0.8706551128266493,-1.5003894066248291,0,0,0,0,0,1,0,0,0,0,0,0,0,1,0,0,0,1,0,0,0
L10129,it,london,manager,b,data literacy,2026-03-18,53.4,110.3,95.5,4.0,0.0,10.0,1,2026-03-18,0,0,0,0,0,0,0,1,0,0,0,0,0,0,0,0,0,0,0.022667875979252593,-0.45705161421363394,1.6696180713444695,-1.5003894066248291,0,0,0,1,0,0,0,0,0,0,0,0,1,0,0,0,0,1,0,0,0
L10214,sales,london,manager,c,responsible ai,2026-03-27,100.0,108.0,37.3,3.0,4.0,14.0,0,2026-03-27,0,0,0,0,0,0,0,0,0,0,0,0,1,0,0,0,0,0,2.7616212570505767,-0.5033655692174387,-1.6158019135168444,1.308451916229765,0,0,0,0,0,1,0,0,0,0,0,0,1,0,0,0,0,0,0,0,1
L10274,operations,london,manager,c,ai awareness,2026-01-10,26.6,88.2,68.8,5.0,3.0,30.0,1,2026-01-10,0,0,0,0,0,0,0,0,0,0,0,0,0,0,0,0,0,0,-1.5525241972548993,-0.9020683122936708,0.16238931540293886,0.6062415855161165,0,0,0,0,1,0,0,0,0,0,0,0,1,0,0,0,1,0,0,0,0
L10012,it,unknown,coordinator,d,ai awareness,2026-02-22,48.9,77.7,81.8,3.0,0.0,15.0,1,2026-02-22,0,0,0,0,0,0,0,0,0,0,0,0,0,0,1,0,0,0,-0.2418233303473774,-1.1135015851371273,0.8962460130523732,-1.5003894066248291,0,0,0,1,0,0,0,0,0,0,0,0,0,0,0,1,1,0,0,0,0
L10234,it,unknown,specialist,b,python basics,2026-01-20,60.7,80.7,72.4,1.0,3.0,2.0,0,2026-01-20,0,0,0,0,0,0,0,0,0,0,0,0,0,0,1,0,0,0,0.45173138846467487,-1.0530920786104254,0.36561117013662886,0.6062415855161165,0,0,0,1,0,0,0,0,0,0,0,0,0,0,0,1,0,0,0,1,0
L10477,operations,london,coordinator,a,responsible ai,2026-04-03,64.7,172.3,26.4,2.0,1.0,19.0,0,2026-04-03,0,0,0,0,0,0,0,0,0,0,0,0,0,0,0,0,0,0,0.6868346829772348,0.7914115206715379,-2.231112529238293,-0.7981790759111805,0,0,0,0,1,0,0,0,0,0,0,0,1,0,0,0,0,0,0,0,1
L10472,customer support,leeds,specialist,b,responsible ai,2026-01-25,53.4,114.7,77.8,4.0,2.0,5.0,1,2026-01-25,0,0,0,0,0,0,0,1,0,0,0,0,0,0,0,0,0,0,0.022667875979252593,-0.3684510046411378,0.6704439522371626,-0.095968745197532,1,0,0,0,0,0,0,0,0,0,0,1,0,0,0,0,0,0,0,0,1
L10187,finance,edinburgh,manager,a,ml foundations,2026-02-21,45.3,253.8,71.5,5.0,1.0,25.0,1,2026-02-21,0,0,0,0,0,0,0,0,0,0,0,0,0,0,0,0,0,0,-0.4534162954086815,2.4325364479802714,0.31480570645320616,-0.7981790759111805,0,1,0,0,0,0,0,0,0,0,1,0,0,0,0,0,0,0,1,0,0
L10417,operations,bristol,associate,b,responsible ai,2026-02-18,69.0,98.7,94.2,2.0,1.0,14.0,1,2026-02-18,0,0,0,0,0,0,0,0,0,0,0,0,0,0,0,0,0,0,0.9395707245782368,-0.6906350394502143,1.5962324015795264,-0.7981790759111805,0,0,0,0,1,0,0,0,1,0,0,0,0,0,0,0,0,0,0,0,1
L10347,sales,london,coordinator,b,responsible ai,2026-02-03,41.0,131.6,67.8,4.0,3.0,25.0,1,2026-02-03,0,0,0,0,0,0,0,0,0,0,0,0,0,0,0,0,0,0,-0.7061523370096834,-0.028144117874050904,0.10593880019913621,0.6062415855161165,0,0,0,0,0,1,0,0,0,0,0,0,1,0,0,0,0,0,0,0,1
L10241,sales,birmingham,technician,b,ai awareness,2026-02-23,56.4,68.2,62.7,4.0,1.0,10.0,0,2026-02-23,0,0,0,0,0,0,0,0,0,0,0,0,0,0,0,0,0,0,0.1989953468636726,-1.3047983558050165,-0.18195882734025695,-0.7981790759111805,0,0,0,0,0,1,0,1,0,0,0,0,0,0,0,0,1,0,0,0,0
L10296,sales,manchester,coordinator,b,responsible ai,2026-03-30,17.0,168.1,60.0,4.0,7.0,10.0,0,2026-03-30,0,0,0,0,0,0,0,0,0,0,0,0,0,0,0,0,0,0,-2.1167721040850433,0.7068382115341549,-0.33437521839052425,3.4150829083707106,0,0,0,0,0,1,0,0,0,0,0,0,0,1,0,0,0,0,0,0,1
L10571,customer support,birmingham,associate,d,python basics,2026-02-10,86.3,90.1,60.4,5.0,1.0,20.0,1,2026-02-10,0,0,0,0,0,0,0,0,0,0,0,0,0,0,0,0,0,0,1.9563924733450586,-0.8638089581600932,-0.31179501230900325,-0.7981790759111805,1,0,0,0,0,0,0,1,0,0,0,0,0,0,0,0,0,0,0,1,0
L10436,operations,london,manager,b,python basics,2026-02-10,37.3,176.1,100.0,1.0,4.0,14.0,1,2026-02-10,0,0,0,0,0,0,0,0,0,0,0,0,0,0,0,0,0,0,-0.9236228844338015,0.8679302289386932,1.9236453897615815,1.308451916229765,0,0,0,0,1,0,0,0,0,0,0,0,1,0,0,0,0,0,0,1,0
L10534,hr,birmingham,manager,a,ml foundations,2026-03-05,63.7,64.0,100.0,3.0,1.0,16.0,1,2026-03-05,0,0,0,0,0,0,0,0,0,0,0,0,0,0,0,0,0,0,0.6280588593490949,-1.389371664942399,1.9236453897615815,-0.7981790759111805,0,0,1,0,0,0,0,1,0,0,0,0,0,0,0,0,0,0,1,0,0
L10577,it,birmingham,technician,b,responsible ai,2026-02-20,53.4,53.0,66.0,3.0,0.0,15.0,1,2026-02-20,0,0,0,0,0,0,0,1,0,0,0,0,0,0,0,0,0,0,0.022667875979252593,-1.6108731888736392,0.004327872832291611,-1.5003894066248291,0,0,0,1,0,0,0,1,0,0,0,0,0,0,0,0,0,0,0,0,1
L10125,hr,edinburgh,specialist,a,data literacy,2026-03-13,73.8,126.6,77.8,1.0,4.0,14.0,1,2026-03-13,0,0,0,0,0,0,0,0,0,0,0,0,1,0,0,0,0,0,1.2216946779933084,-0.12882662875188733,0.6704439522371626,1.308451916229765,0,0,1,0,0,0,0,0,0,0,1,0,0,0,0,0,0,1,0,0,0
L10056,sales,birmingham,coordinator,b,ai awareness,2026-02-03,26.4,177.0,85.9,3.0,2.0,20.0,1,2026-02-03,0,0,0,0,0,0,0,0,0,0,0,0,0,0,0,0,0,0,-1.5642793619805275,0.8860530808967039,1.1276931253879645,-0.095968745197532,0,0,0,0,0,1,0,1,0,0,0,0,0,0,0,0,1,0,0,0,0
L10501,it,edinburgh,specialist,d,ml foundations,2026-03-21,26.8,122.8,33.9,2.0,3.0,6.0,0,2026-03-21,0,0,0,0,0,0,0,0,0,0,0,0,0,0,0,0,0,0,-1.5407690325292713,-0.20534533701904292,-1.8077336652097733,0.6062415855161165,0,0,0,1,0,0,0,0,0,0,1,0,0,0,0,0,0,0,1,0,0
L10382,sales,manchester,coordinator,b,ml foundations,2026-03-19,65.3,122.1,40.7,4.0,0.0,10.0,0,2026-03-19,0,0,0,0,0,0,0,0,0,0,0,0,0,0,0,0,0,0,0.7221001771541186,-0.21944088854194008,-1.4238701618239151,-1.5003894066248291,0,0,0,0,0,1,0,0,0,0,0,0,0,1,0,0,0,0,1,0,0
