customer_id,signup_date,last_login_date,region,sector,plan_type,contract_type,acquisition_channel,monthly_fee_gbp,tenure_months,usage_minutes_30d,active_days_30d,support_tickets_90d,invoices_late_6m,satisfaction_score,renewal_month,account_notes,cancellation_reason,account_closed_date,retention_offer_after_churn,churned,signup_month,signup_quarter,days_since_last_login,tenure_band,usage_per_active_day,fee_per_usage_minute,ticket_rate_per_tenure,low_usage_high_tickets_flag,monthly_contract_low_satisfaction_flag,account_note_length,mentions_price_issue,mentions_support_issue,late_payment_rate,days_to_renewal,satisfaction_x_support_load
CUST-1001,2022-09-21,2024-12-29,Midlands,Education,Basic,Monthly,Sales-led,55.75,27,112.0,5,1,0,4.9,4,Healthy adoption in team; users asked for reporting improvements.,,,,0,9,3,2,established,22.4,0.49776785714285715,0.037037037037037035,0,1,65,0,0,0.0,91,5.1
CUST-1002,2021-02-22,2024-12-20,North West,Healthcare,Basic,Monthly,Sales-led,49.21,46,293.7,9,3,0,6.8,3,Invoice query raised; finance contact requested clarification.,,,,0,2,1,11,long_term,32.63333333333333,0.16755192373169903,0.06521739130434782,0,0,62,1,0,0.0,60,9.600000000000001
CUST-1003,2021-01-21,2024-12-31,Northern Ireland,Professional Services,Basic,Monthly,Self-serve,36.68,47,122.8,8,1,4,7.1,7,Multiple support contacts; wants faster response time.,business_closed,2025-02-01,none,1,1,1,0,long_term,15.35,0.2986970684039088,0.02127659574468085,0,0,54,0,1,0.0851063829787234,182,2.9000000000000004
CUST-1004,2020-07-08,2024-12-10,Wales,Technology,Basic,Monthly,Sales-led,43.12,53,172.7,0,2,1,7.2,3,Support issue around onboarding and admin setup.,support,2025-02-07,success_call,1,7,3,21,long_term,,0.24968152866242038,0.03773584905660377,0,0,48,0,1,0.018867924528301886,60,5.6
CUST-1005,2020-01-07,2024-12-24,London,Professional Services,Basic,Annual,Self-serve,34.46,59,253.8,12,2,0,7.7,2,Healthy adoption in team; users asked for reporting improvements.,,,,0,1,1,7,long_term,21.150000000000002,0.13577620173364854,0.03389830508474576,0,0,65,0,0,0.0,32,4.6
CUST-1006,2022-01-01,2024-12-27,South West,Professional Services,Standard,Monthly,Sales-led,83.66,35,226.6,16,5,1,5.0,11,Customer happy with product but needs integration advice.,business_closed,2025-01-13,discount,1,1,1,4,established,14.1625,0.36919682259488085,0.14285714285714285,0,1,57,0,0,0.02857142857142857,305,25.0
CUST-1007,2023-12-11,2024-12-16,Midlands,Retail,Enterprise,Annual,Sales-led,353.82,12,703.1,30,1,2,9.3,9,Invoice query raised; finance contact requested clarification.,,,,0,12,4,15,growing,23.436666666666667,0.5032285592376617,0.08333333333333333,0,0,62,1,0,0.16666666666666666,244,0.6999999999999993
CUST-1008,2020-11-17,2024-12-27,Midlands,Professional Services,Standard,Monthly,Renewal upgrade,85.52,49,196.0,9,4,1,8.4,12,Customer mentioned price sensitivity and asked about lower plan options.,,,,0,11,4,4,long_term,21.77777777777778,0.43632653061224486,0.08163265306122448,0,0,72,1,0,0.02040816326530612,335,6.399999999999999
CUST-1009,2021-10-04,2024-12-16,London,Healthcare,Standard,Monthly,Sales-led,102.83,38,252.9,9,7,0,6.8,6,Customer happy with product but needs integration advice.,competitor,2025-03-30,discount,1,10,4,15,long_term,28.1,0.40660340055357846,0.18421052631578946,0,0,57,0,0,0.0,152,22.400000000000002
CUST-1010,2023-09-27,2024-12-26,North West,Education,Basic,Monthly,Sales-led,33.38,15,158.4,4,3,1,5.8,12,Invoice query raised; finance contact requested clarification.,business_closed,2025-03-19,success_call,1,9,3,5,growing,39.6,0.21073232323232324,0.2,0,1,62,1,0,0.06666666666666667,335,12.600000000000001
CUST-1011,2023-02-01,2024-12-06,South East,Retail,Premium,Monthly,Sales-led,182.56,22,405.8,15,3,1,6.2,11,Customer mentioned price sensitivity and asked about lower plan options.,,,,0,2,1,25,established,27.053333333333335,0.44987678659438146,0.13636363636363635,0,0,72,1,0,0.045454545454545456,305,11.399999999999999
CUST-1012,2020-01-06,2024-12-25,South West,Professional Services,Standard,Monthly,Renewal upgrade,93.14,59,151.5,8,1,0,6.6,6,Low usage noted in recent month; customer did not attend webinar.,,,,0,1,1,6,long_term,18.9375,0.6147854785478548,0.01694915254237288,0,0,65,0,0,0.0,152,3.4000000000000004
CUST-1013,2021-12-31,2024-12-28,Wales,Professional Services,Premium,Monthly,Self-serve,195.88,36,538.0,18,1,0,10.0,3,Customer mentioned price sensitivity and asked about lower plan options.,,,,0,12,4,3,established,29.88888888888889,0.36408921933085503,0.027777777777777776,0,0,72,1,0,0.0,60,0.0
CUST-1014,2020-07-28,2024-12-23,Midlands,Healthcare,Enterprise,Monthly,Self-serve,352.88,53,178.7,10,3,3,6.9,2,Healthy adoption in team; users asked for reporting improvements.,,,,0,7,3,8,long_term,17.869999999999997,1.9747062115277,0.05660377358490566,0,0,65,0,0,0.05660377358490566,32,9.299999999999999
CUST-1015,2020-12-26,2024-12-23,North West,Professional Services,Standard,Monthly,Renewal upgrade,113.83,48,410.1,25,3,0,7.2,6,Manager requested renewal details and training resources.,,,,0,12,4,8,long_term,16.404,0.27756644720799806,0.0625,0,0,57,0,0,0.0,152,8.399999999999999
CUST-1016,2020-12-25,2024-12-09,South East,Manufacturing,Basic,Annual,Sales-led,39.93,48,93.6,3,2,0,4.1,5,Support issue around onboarding and admin setup.,,,,0,12,4,22,long_term,31.2,0.42660256410256414,0.041666666666666664,0,0,48,0,1,0.0,121,11.8
CUST-1017,2022-06-13,2024-12-28,Scotland,Retail,Basic,Monthly,Renewal upgrade,49.67,30,192.7,2,1,0,8.7,5,Customer mentioned price sensitivity and asked about lower plan options.,,,,0,6,2,3,established,96.35,0.25775817332641415,0.03333333333333333,0,0,72,1,0,0.0,121,1.3000000000000007
CUST-1018,2020-10-17,2024-12-14,London,Retail,Standard,Annual,Sales-led,87.23,50,217.0,3,5,0,5.8,6,Invoice query raised; finance contact requested clarification.,,,,0,10,4,17,long_term,72.33333333333333,0.4019815668202765,0.1,0,0,62,1,0,0.0,152,21.0
CUST-1019,2021-01-02,2024-12-26,Midlands,Healthcare,Enterprise,Monthly,Self-serve,344.04,47,390.6,19,3,1,9.0,7,Healthy adoption in team; users asked for reporting improvements.,,,,0,1,1,5,long_term,20.557894736842105,0.8807987711213517,0.06382978723404255,0,0,65,0,0,0.02127659574468085,182,3.0
CUST-1020,2020-11-25,2024-12-21,Wales,Healthcare,Standard,Annual,Self-serve,95.85,49,270.0,11,0,0,7.4,2,Invoice query raised; finance contact requested clarification.,,,,0,11,4,10,long_term,24.545454545454547,0.355,0.0,0,0,62,1,0,0.0,32,0.0
CUST-1021,2021-06-05,2024-12-16,Midlands,Professional Services,Premium,Annual,Self-serve,170.29,42,375.0,19,0,0,7.5,1,Healthy adoption in team; users asked for reporting improvements.,,,,0,6,2,15,long_term,19.736842105263158,0.45410666666666666,0.0,0,0,65,0,0,0.0,1,0.0
CUST-1022,2022-08-15,2024-12-30,South East,Professional Services,Standard,Annual,Renewal upgrade,84.41,28,122.4,3,1,1,7.6,9,Low usage noted in recent month; customer did not attend webinar.,price,2025-03-15,success_call,1,8,3,1,established,40.800000000000004,0.6896241830065359,0.03571428571428571,0,0,65,0,0,0.03571428571428571,244,2.4000000000000004
CUST-1023,2021-08-06,2024-12-27,South West,Technology,Basic,Annual,Sales-led,32.04,40,64.1,6,5,0,10.0,7,Customer happy with product but needs integration advice.,,,,0,8,3,4,long_term,10.683333333333332,0.4998439937597504,0.125,1,0,57,0,0,0.0,182,0.0
CUST-1024,2021-04-23,2024-12-26,South West,Professional Services,Standard,Monthly,Renewal upgrade,70.92,44,96.3,3,7,2,6.6,5,Manager requested renewal details and training resources.,business_closed,2025-02-06,none,1,4,2,5,long_term,32.1,0.7364485981308412,0.1590909090909091,1,0,57,0,0,0.045454545454545456,121,23.800000000000004
CUST-1025,2022-01-25,2024-12-30,Midlands,Education,Standard,Annual,Self-serve,86.32,35,109.9,1,1,0,7.9,10,Manager requested renewal details and training resources.,,,,0,1,1,1,established,109.9,0.7854413102820745,0.02857142857142857,0,0,57,0,0,0.0,274,2.0999999999999996
CUST-1026,2022-06-16,2024-12-28,London,Education,Premium,Monthly,Self-serve,186.53,30,120.7,3,0,1,,11,Invoice query raised; finance contact requested clarification.,,,,0,6,2,3,established,40.233333333333334,1.5454018227009114,0.0,0,0,62,1,0,0.03333333333333333,305,0.0
CUST-1027,2020-01-23,2024-12-30,North West,Retail,Standard,Annual,Renewal upgrade,79.82,59,158.8,2,1,0,5.3,10,Customer mentioned price sensitivity and asked about lower plan options.,,,,0,1,1,1,long_term,79.4,0.5026448362720403,0.01694915254237288,0,0,72,1,0,0.0,274,4.7
CUST-1028,2023-07-23,2024-12-14,London,Healthcare,Basic,Annual,Sales-led,32.58,17,118.6,13,1,0,6.0,12,Invoice query raised; finance contact requested clarification.,,,,0,7,3,17,growing,9.123076923076923,0.27470489038785834,0.058823529411764705,0,0,62,1,0,0.0,335,4.0
CUST-1029,2023-08-30,2024-12-23,London,Public Sector,Premium,Monthly,Renewal upgrade,200.49,16,218.1,8,3,1,3.5,9,Customer happy with product but needs integration advice.,competitor,2025-02-12,none,1,8,3,8,growing,27.2625,0.9192572214580468,0.1875,0,1,57,0,0,0.0625,244,19.5
CUST-1030,2022-05-29,2024-12-27,Wales,Public Sector,Basic,Annual,Self-serve,41.36,31,103.8,7,0,0,10.0,5,Invoice query raised; finance contact requested clarification.,,,,0,5,2,4,established,14.828571428571427,0.3984585741811175,0.0,0,0,62,1,0,0.0,121,0.0
CUST-1031,2022-04-18,2024-12-05,Midlands,Retail,Enterprise,Monthly,Partner,352.85,32,,5,0,1,10.0,2,Manager requested renewal details and training resources.,,,,0,4,2,26,established,,,0.0,0,0,57,0,0,0.03125,32,0.0
CUST-1032,2022-10-11,2024-12-29,South West,Retail,Basic,Annual,Sales-led,56.71,26,146.7,2,3,0,7.9,11,Manager requested renewal details and training resources.,,,,0,10,4,2,established,73.35,0.3865712338104976,0.11538461538461539,0,0,57,0,0,0.0,305,6.299999999999999
CUST-1033,2021-10-05,2024-12-28,South East,Retail,Basic,Annual,Self-serve,56.95,38,268.3,10,1,0,8.5,11,Low usage noted in recent month; customer did not attend webinar.,,,,0,10,4,3,long_term,26.830000000000002,0.21226239284383153,0.02631578947368421,0,0,65,0,0,0.0,305,1.5
CUST-1034,2021-06-17,2024-12-13,South East,Education,Standard,Monthly,Partner,80.73,42,150.2,10,2,3,4.2,1,Customer happy with product but needs integration advice.,competitor,2025-01-25,success_call,1,6,2,18,long_term,15.02,0.5374833555259655,0.047619047619047616,0,1,57,0,0,0.07142857142857142,1,11.6
CUST-1035,2021-05-29,2024-12-31,North West,Manufacturing,Standard,Annual,Self-serve,96.23,43,212.3,6,2,0,7.5,5,Multiple support contacts; wants faster response time.,,,,0,5,2,0,long_term,35.38333333333333,0.4532736693358455,0.046511627906976744,0,0,54,0,1,0.0,121,5.0
CUST-1036,2020-08-21,2024-12-13,London,Retail,Standard,Annual,Sales-led,79.58,52,230.1,6,1,1,10.0,3,Invoice query raised; finance contact requested clarification.,,,,0,8,3,18,long_term,38.35,0.3458496305953933,0.019230769230769232,0,0,62,1,0,0.019230769230769232,60,0.0
CUST-1037,2023-05-13,2024-12-28,London,Retail,Standard,Monthly,Sales-led,128.36,19,111.7,5,1,1,7.5,6,Customer mentioned price sensitivity and asked about lower plan options.,support,2025-01-20,success_call,1,5,2,3,established,22.34,1.149149507609669,0.05263157894736842,0,0,72,1,0,0.05263157894736842,152,2.5
CUST-1038,2021-04-13,2024-12-28,North West,Technology,Enterprise,Monthly,Renewal upgrade,329.86,44,213.2,11,4,1,6.2,1,Healthy adoption in team; users asked for reporting improvements.,support,2025-02-26,discount,1,4,2,3,long_term,19.38181818181818,1.5471857410881802,0.09090909090909091,0,0,65,0,0,0.022727272727272728,1,15.2
CUST-1039,2021-02-19,2024-12-28,South East,Professional Services,Standard,Monthly,Sales-led,86.43,46,130.1,12,2,0,4.9,8,Multiple support contacts; wants faster response time.,,,,0,2,1,3,long_term,10.841666666666667,0.6643351268255189,0.043478260869565216,0,1,54,0,1,0.0,213,10.2
CUST-1040,2023-11-08,2024-12-29,Wales,Healthcare,Standard,Annual,Partner,86.51,13,341.1,15,3,3,9.1,7,Manager requested renewal details and training resources.,,,,0,11,4,2,growing,22.740000000000002,0.25362063910876576,0.23076923076923078,0,0,57,0,0,0.23076923076923078,182,2.700000000000001
CUST-1041,2022-01-09,2024-12-27,North West,Manufacturing,Standard,Monthly,Renewal upgrade,81.04,35,282.7,14,2,0,8.0,6,Low usage noted in recent month; customer did not attend webinar.,,,,0,1,1,4,established,20.192857142857143,0.2866643084541918,0.05714285714285714,0,0,65,0,0,0.0,152,4.0
CUST-1042,2022-06-26,2024-12-23,Northern Ireland,Professional Services,Basic,Annual,Sales-led,65.23,30,106.9,7,2,0,4.8,7,,,,,0,6,2,8,established,15.271428571428572,0.6101964452759588,0.06666666666666667,0,0,0,0,0,0.0,182,10.4
CUST-1043,2020-12-24,2024-12-28,Midlands,Professional Services,Standard,Annual,Sales-led,128.07,48,210.2,4,1,0,6.7,1,Customer mentioned price sensitivity and asked about lower plan options.,,,,0,12,4,3,long_term,52.55,0.6092768791627022,0.020833333333333332,0,0,72,1,0,0.0,1,3.3
CUST-1044,2021-02-09,2024-12-14,South East,Professional Services,Basic,Monthly,Partner,43.29,46,189.8,4,2,1,5.5,10,Manager requested renewal details and training resources.,,,,0,2,1,17,long_term,47.45,0.2280821917808219,0.043478260869565216,0,1,57,0,0,0.021739130434782608,274,9.0
CUST-1045,2022-11-29,2024-12-29,Northern Ireland,Technology,Standard,Monthly,Sales-led,83.15,25,220.5,4,2,0,7.7,7,Customer happy with product but needs integration advice.,,,,0,11,4,2,established,55.125,0.37709750566893424,0.08,0,0,57,0,0,0.0,182,4.6
CUST-1046,2021-10-20,2024-12-26,Midlands,Professional Services,Basic,Annual,Self-serve,22.16,38,201.8,3,0,0,8.6,2,Invoice query raised; finance contact requested clarification.,,,,0,10,4,5,long_term,67.26666666666667,0.10981169474727452,0.0,0,0,62,1,0,0.0,32,0.0
CUST-1047,2020-08-03,2024-12-31,North West,Retail,Enterprise,Annual,Partner,346.07,52,175.3,10,1,0,7.2,9,,,,,0,8,3,0,long_term,17.53,1.9741585852823729,0.019230769230769232,0,0,0,0,0,0.0,244,2.8
CUST-1048,2023-05-04,2024-12-21,South East,Professional Services,Standard,Monthly,Self-serve,95.2,19,402.7,17,4,2,8.6,3,Healthy adoption in team; users asked for reporting improvements.,,,,0,5,2,10,established,23.688235294117646,0.2364042711696052,0.21052631578947367,0,0,65,0,0,0.10526315789473684,60,5.600000000000001
CUST-1049,2021-08-11,2024-12-25,Wales,Professional Services,Premium,Monthly,Self-serve,171.18,40,156.1,7,2,0,,10,Healthy adoption in team; users asked for reporting improvements.,,,,0,8,3,6,long_term,22.3,1.096604740550929,0.05,0,0,65,0,0,0.0,274,10.0
CUST-1050,2022-09-02,2024-12-19,London,Manufacturing,Standard,Monthly,Partner,101.66,27,133.7,0,3,0,8.9,12,Low usage noted in recent month; customer did not attend webinar.,,,,0,9,3,12,established,,0.7603590127150337,0.1111111111111111,0,0,65,0,0,0.0,335,3.299999999999999
CUST-1051,2021-05-13,2024-12-30,London,Retail,Basic,Annual,Self-serve,53.74,43,77.9,11,2,0,6.8,11,Low usage noted in recent month; customer did not attend webinar.,competitor,2025-03-12,discount,1,5,2,1,long_term,7.081818181818182,0.6898587933247753,0.046511627906976744,0,0,65,0,0,0.0,305,6.4
CUST-1052,2022-03-29,2024-12-31,London,Education,Premium,Monthly,Sales-led,182.88,33,198.6,4,4,2,10.0,12,Customer mentioned price sensitivity and asked about lower plan options.,low_usage,2025-01-04,none,1,3,1,0,established,49.65,0.9208459214501511,0.12121212121212122,0,0,72,1,0,0.06060606060606061,335,0.0
CUST-1053,2023-02-06,2024-12-17,Midlands,Education,Standard,Annual,Self-serve,95.21,22,376.4,23,3,1,7.1,2,Manager requested renewal details and training resources.,,,,0,2,1,14,established,16.36521739130435,0.2529489904357067,0.13636363636363635,0,0,57,0,0,0.045454545454545456,32,8.700000000000001
CUST-1054,2023-07-16,2024-12-27,Wales,Public Sector,Premium,Monthly,Renewal upgrade,165.78,17,252.3,4,1,0,6.9,3,Multiple support contacts; wants faster response time.,low_usage,2025-02-28,none,1,7,3,4,growing,63.075,0.6570749108204518,0.058823529411764705,0,0,54,0,1,0.0,60,3.0999999999999996
CUST-1055,2020-10-29,2024-12-07,Midlands,Professional Services,Standard,Annual,Self-serve,106.99,50,208.1,5,5,0,5.5,10,Healthy adoption in team; users asked for reporting improvements.,,,,0,10,4,24,long_term,41.62,0.5141278231619414,0.1,0,0,65,0,0,0.0,274,22.5
CUST-1056,2022-09-08,2024-12-19,Midlands,Public Sector,Standard,Monthly,Self-serve,99.15,27,272.5,2,2,0,7.8,5,,,,,0,9,3,12,established,136.25,0.36385321100917434,0.07407407407407407,0,0,0,0,0,0.0,121,4.4
CUST-1057,2023-08-28,2024-12-30,North West,Manufacturing,Premium,Monthly,Sales-led,189.66,16,369.3,16,0,0,6.4,7,Manager requested renewal details and training resources.,,,,0,8,3,1,growing,23.08125,0.5135662063363119,0.0,0,0,57,0,0,0.0,182,0.0
CUST-1058,2022-07-27,2024-12-30,Scotland,Professional Services,Standard,Annual,Sales-led,108.48,29,326.9,9,1,2,8.3,10,Low usage noted in recent month; customer did not attend webinar.,,,,0,7,3,1,established,36.32222222222222,0.3318446007953503,0.034482758620689655,0,0,65,0,0,0.06896551724137931,274,1.6999999999999993
CUST-1059,2020-07-27,2024-12-20,London,Public Sector,Standard,Annual,Sales-led,81.94,53,71.1,0,1,0,4.7,8,Customer happy with product but needs integration advice.,,,,0,7,3,11,long_term,,1.1524613220815754,0.018867924528301886,0,0,57,0,0,0.0,213,5.3
CUST-1060,2020-10-04,2024-12-18,London,Public Sector,Premium,Monthly,Sales-led,161.79,50,314.8,7,1,0,8.8,7,Customer happy with product but needs integration advice.,,,,0,10,4,13,long_term,44.971428571428575,0.5139453621346887,0.02,0,0,57,0,0,0.0,182,1.1999999999999993
CUST-1061,2020-10-23,2024-12-20,Wales,Retail,Premium,Monthly,Renewal upgrade,169.93,50,272.6,14,3,1,5.5,10,,,,,0,10,4,11,long_term,19.47142857142857,0.6233675715333822,0.06,0,1,0,0,0,0.02,274,13.5
CUST-1062,2020-06-04,2024-12-21,North West,Technology,Enterprise,Monthly,Sales-led,336.32,54,164.3,9,7,1,,3,Customer mentioned price sensitivity and asked about lower plan options.,,,,0,6,2,10,long_term,18.255555555555556,2.0469872185027387,0.12962962962962962,0,0,72,1,0,0.018518518518518517,60,35.0
CUST-1063,2023-01-05,2024-12-10,Scotland,Healthcare,Standard,Monthly,Partner,108.06,23,237.5,17,2,2,8.2,6,Support issue around onboarding and admin setup.,,,,0,1,1,21,established,13.970588235294118,0.45498947368421055,0.08695652173913043,0,0,48,0,1,0.08695652173913043,152,3.6000000000000014
CUST-1064,2023-11-10,2024-12-12,Midlands,Manufacturing,Standard,Monthly,Sales-led,103.22,13,325.4,10,0,1,10.0,5,Invoice query raised; finance contact requested clarification.,,,,0,11,4,19,growing,32.54,0.3172095881991395,0.0,0,0,62,1,0,0.07692307692307693,121,0.0
CUST-1065,2022-01-24,2024-12-26,Wales,Technology,Premium,Annual,Sales-led,192.19,35,185.0,8,4,0,5.6,3,Customer mentioned price sensitivity and asked about lower plan options.,,,,0,1,1,5,established,23.125,1.0388648648648648,0.11428571428571428,0,0,72,1,0,0.0,60,17.6
CUST-1066,2022-05-24,2024-12-19,Scotland,Healthcare,Standard,Monthly,Self-serve,103.76,31,292.3,7,3,0,,10,Customer happy with product but needs integration advice.,,,,0,5,2,12,established,41.75714285714286,0.3549777625726993,0.0967741935483871,0,0,57,0,0,0.0,274,15.0
CUST-1067,2023-02-03,2024-12-24,Scotland,Public Sector,Premium,Annual,Sales-led,181.5,22,295.3,10,1,0,7.3,11,Low usage noted in recent month; customer did not attend webinar.,,,,0,2,1,7,established,29.53,0.6146291906535726,0.045454545454545456,0,0,65,0,0,0.0,305,2.7
CUST-1068,2021-08-29,2024-12-30,South East,Retail,Standard,Monthly,Partner,113.4,40,27.3,0,2,1,5.5,10,Customer mentioned price sensitivity and asked about lower plan options.,support,2025-01-31,none,1,8,3,1,long_term,,4.153846153846154,0.05,0,1,72,1,0,0.025,274,9.0
CUST-1069,2021-11-20,2024-12-09,London,Public Sector,Basic,Monthly,Renewal upgrade,54.64,37,139.9,7,0,1,6.6,5,Customer mentioned price sensitivity and asked about lower plan options.,support,2025-02-19,none,1,11,4,22,long_term,19.985714285714288,0.39056468906361685,0.0,0,0,72,1,0,0.02702702702702703,121,0.0
CUST-1070,2022-05-09,2024-12-30,North West,Manufacturing,Premium,Annual,Renewal upgrade,179.82,31,289.5,16,2,0,9.4,9,Multiple support contacts; wants faster response time.,,,,0,5,2,1,established,18.09375,0.621139896373057,0.06451612903225806,0,0,54,0,1,0.0,244,1.1999999999999993
CUST-1071,2021-03-20,2024-12-17,London,Retail,Basic,Monthly,Sales-led,66.77,45,120.9,9,3,0,6.5,9,Customer mentioned price sensitivity and asked about lower plan options.,competitor,2025-03-28,discount,1,3,1,14,long_term,13.433333333333334,0.5522746071133168,0.06666666666666667,0,0,72,1,0,0.0,244,10.5
CUST-1072,2020-03-31,2024-12-30,North West,Healthcare,Basic,Annual,Partner,50.38,57,196.2,4,3,0,10.0,1,Customer mentioned price sensitivity and asked about lower plan options.,,,,0,3,1,1,long_term,49.05,0.2567787971457697,0.05263157894736842,0,0,72,1,0,0.0,1,0.0
CUST-1073,2022-04-08,2024-12-29,Northern Ireland,Retail,Standard,Monthly,Sales-led,95.35,32,176.4,11,5,1,7.2,3,Customer mentioned price sensitivity and asked about lower plan options.,support,2025-01-17,success_call,1,4,2,2,established,16.036363636363635,0.5405328798185941,0.15625,0,0,72,1,0,0.03125,60,14.0
CUST-1074,2023-04-15,2024-12-17,South East,Professional Services,Premium,Annual,Renewal upgrade,168.95,20,685.5,27,4,0,7.7,9,,,,,0,4,2,14,established,25.38888888888889,0.24646243617797226,0.2,0,0,0,0,0,0.0,244,9.2
CUST-1075,2020-04-16,2024-12-28,London,Professional Services,Premium,Annual,Self-serve,187.44,56,206.8,7,1,0,7.5,2,Multiple support contacts; wants faster response time.,,,,0,4,2,3,long_term,29.542857142857144,0.9063829787234042,0.017857142857142856,0,0,54,0,1,0.0,32,2.5
CUST-1076,2020-11-12,2024-12-26,South East,Healthcare,Basic,Annual,Sales-led,63.84,49,107.3,1,4,0,5.7,8,Healthy adoption in team; users asked for reporting improvements.,,,,0,11,4,5,long_term,107.3,0.5949673811742777,0.08163265306122448,1,0,65,0,0,0.0,213,17.2
CUST-1077,2021-01-18,2024-12-24,South East,Professional Services,Basic,Monthly,Sales-led,48.39,47,213.8,6,1,1,9.0,1,Invoice query raised; finance contact requested clarification.,,,,0,1,1,7,long_term,35.63333333333333,0.22633302151543497,0.02127659574468085,0,0,62,1,0,0.02127659574468085,1,1.0
CUST-1078,2023-03-20,2024-11-27,Wales,Professional Services,Enterprise,Monthly,Sales-led,364.69,21,223.8,16,1,1,5.3,12,Customer happy with product but needs integration advice.,price,2025-01-20,success_call,1,3,1,34,established,13.9875,1.6295352993744414,0.047619047619047616,0,1,57,0,0,0.047619047619047616,335,4.7
CUST-1079,2022-01-06,2024-12-30,Scotland,Public Sector,Basic,Monthly,Sales-led,25.36,35,136.0,7,3,0,5.3,8,Healthy adoption in team; users asked for reporting improvements.,,,,0,1,1,1,established,19.428571428571427,0.1864705882352941,0.08571428571428572,0,1,65,0,0,0.0,213,14.100000000000001
CUST-1080,2022-02-19,2024-12-29,Midlands,Manufacturing,Basic,Annual,Renewal upgrade,48.33,34,150.6,7,1,0,7.0,11,Customer mentioned price sensitivity and asked about lower plan options.,,,,0,2,1,2,established,21.514285714285712,0.3209163346613546,0.029411764705882353,0,0,72,1,0,0.0,305,3.0
CUST-1081,2022-07-31,2024-12-25,Wales,Public Sector,Standard,Monthly,Partner,98.52,29,277.3,10,2,0,9.1,11,Manager requested renewal details and training resources.,,,,0,7,3,6,established,27.73,0.3552830869094843,0.06896551724137931,0,0,57,0,0,0.0,305,1.8000000000000007
CUST-1082,2021-02-07,2024-12-29,North West,Retail,Standard,Monthly,Renewal upgrade,90.28,46,104.5,14,1,1,9.2,11,Customer mentioned price sensitivity and asked about lower plan options.,,,,0,2,1,2,long_term,7.464285714285714,0.8639234449760765,0.021739130434782608,0,0,72,1,0,0.021739130434782608,305,0.8000000000000007
CUST-1083,2022-11-07,2024-12-28,Midlands,Technology,Premium,Monthly,Sales-led,207.61,25,335.8,19,2,1,10.0,8,,,,,0,11,4,3,established,17.673684210526318,0.6182549136390709,0.08,0,0,0,0,0,0.04,213,0.0
CUST-1084,2020-02-14,2024-12-31,London,Education,Premium,Monthly,Self-serve,178.21,58,283.7,8,0,0,9.4,10,Manager requested renewal details and training resources.,,,,0,2,1,0,long_term,35.4625,0.6281635530489955,0.0,0,0,57,0,0,0.0,274,0.0
CUST-1085,2020-06-15,2024-12-30,London,Professional Services,Premium,Monthly,Sales-led,174.11,54,496.1,19,1,2,8.4,8,Invoice query raised; finance contact requested clarification.,,,,0,6,2,1,long_term,26.110526315789475,0.3509574682523685,0.018518518518518517,0,0,62,1,0,0.037037037037037035,213,1.5999999999999996
CUST-1086,2023-04-06,2024-12-22,London,Professional Services,Basic,Monthly,Self-serve,49.31,20,156.7,5,1,1,8.7,11,Multiple support contacts; wants faster response time.,,,,0,4,2,9,established,31.339999999999996,0.31467772814294837,0.05,0,0,54,0,1,0.05,305,1.3000000000000007
CUST-1087,2022-08-18,2024-12-19,Midlands,Manufacturing,Standard,Monthly,Sales-led,74.97,28,108.8,5,2,0,5.7,5,Customer happy with product but needs integration advice.,,,,0,8,3,12,established,21.759999999999998,0.6890625,0.07142857142857142,0,1,57,0,0,0.0,121,8.6
CUST-1088,2020-09-14,2024-12-27,North West,Professional Services,Standard,Annual,Sales-led,89.88,51,243.2,7,4,0,4.7,12,Support issue around onboarding and admin setup.,,,,0,9,3,4,long_term,34.74285714285714,0.3695723684210526,0.0784313725490196,0,0,48,0,1,0.0,335,21.2
CUST-1089,2021-10-02,2024-12-27,London,Education,Basic,Monthly,Self-serve,60.8,38,167.5,8,3,1,7.7,8,Support issue around onboarding and admin setup.,,,,0,10,4,4,long_term,20.9375,0.36298507462686563,0.07894736842105263,0,0,48,0,1,0.02631578947368421,213,6.8999999999999995
CUST-1090,2020-03-16,2024-12-31,North West,Technology,Basic,Monthly,Sales-led,41.45,57,254.5,16,1,2,6.1,2,Low usage noted in recent month; customer did not attend webinar.,,,,0,3,1,0,long_term,15.90625,0.16286836935166996,0.017543859649122806,0,0,65,0,0,0.03508771929824561,32,3.9000000000000004
CUST-1091,2022-09-07,2024-12-15,London,Professional Services,Standard,Annual,Self-serve,89.05,27,125.8,0,4,0,6.9,4,Healthy adoption in team; users asked for reporting improvements.,,,,0,9,3,16,established,,0.7078696343402225,0.14814814814814814,0,0,65,0,0,0.0,91,12.399999999999999
CUST-1092,2023-01-08,2024-12-18,Wales,Professional Services,Basic,Annual,Self-serve,64.71,23,67.2,0,0,0,7.9,1,Low usage noted in recent month; customer did not attend webinar.,,,,0,1,1,13,established,,0.9629464285714284,0.0,0,0,65,0,0,0.0,1,0.0
CUST-1093,2021-02-10,2024-12-08,North West,Technology,Standard,Monthly,Sales-led,115.08,46,212.3,7,4,0,7.7,1,Invoice query raised; finance contact requested clarification.,low_usage,2025-01-20,discount,1,2,1,23,long_term,30.32857142857143,0.5420631182289213,0.08695652173913043,0,0,62,1,0,0.0,1,9.2
CUST-1094,2021-05-26,2024-12-19,North West,Education,Premium,Annual,Renewal upgrade,185.2,43,586.8,22,1,0,10.0,11,,,,,0,5,2,12,long_term,26.672727272727272,0.3156100886162236,0.023255813953488372,0,0,0,0,0,0.0,305,0.0
CUST-1095,2020-12-11,2024-12-30,South East,Professional Services,Basic,Annual,Self-serve,43.54,48,229.9,17,2,0,9.2,11,Customer mentioned price sensitivity and asked about lower plan options.,,,,0,12,4,1,long_term,13.523529411764706,0.18938668986515875,0.041666666666666664,0,0,72,1,0,0.0,305,1.6000000000000014
CUST-1096,2021-07-22,2024-12-11,Wales,Technology,Standard,Annual,Partner,96.13,41,315.4,17,1,0,8.8,7,Support issue around onboarding and admin setup.,,,,0,7,3,20,long_term,18.552941176470586,0.3047875713379835,0.024390243902439025,0,0,48,0,1,0.0,182,1.1999999999999993
CUST-1097,2021-02-01,2024-12-23,South East,Technology,Premium,Annual,Self-serve,169.35,46,117.7,8,1,0,7.1,4,Support issue around onboarding and admin setup.,,,,0,2,1,8,long_term,14.7125,1.4388275276125742,0.021739130434782608,0,0,48,0,1,0.0,91,2.9000000000000004
CUST-1098,2020-12-26,2024-12-07,London,Education,Premium,Annual,Partner,167.06,48,259.3,9,1,0,8.4,12,Low usage noted in recent month; customer did not attend webinar.,,,,0,12,4,24,long_term,28.811111111111114,0.6442730428075588,0.020833333333333332,0,0,65,0,0,0.0,335,1.5999999999999996
CUST-1099,2021-09-20,2024-12-26,London,Manufacturing,Premium,Monthly,Partner,166.47,39,393.8,15,0,2,7.5,10,Healthy adoption in team; users asked for reporting improvements.,,,,0,9,3,5,long_term,26.253333333333334,0.42272727272727273,0.0,0,0,65,0,0,0.05128205128205128,274,0.0
CUST-1100,2023-06-08,2024-12-30,South West,Retail,Standard,Monthly,Renewal upgrade,91.58,18,224.7,3,0,1,7.8,12,Multiple support contacts; wants faster response time.,competitor,2025-03-19,discount,1,6,2,1,growing,74.89999999999999,0.4075656430796618,0.0,0,0,54,0,1,0.05555555555555555,335,0.0
CUST-1101,2023-01-18,2024-12-26,South West,Professional Services,Premium,Annual,Self-serve,166.58,23,98.8,7,1,0,10.0,1,Multiple support contacts; wants faster response time.,,,,0,1,1,5,established,14.114285714285714,1.6860323886639679,0.043478260869565216,0,0,54,0,1,0.0,1,0.0
CUST-1102,2021-03-10,2024-12-22,Wales,Education,Basic,Annual,Sales-led,30.24,45,167.4,9,2,1,7.6,12,Support issue around onboarding and admin setup.,,,,0,3,1,9,long_term,18.6,0.18064516129032257,0.044444444444444446,0,0,48,0,1,0.022222222222222223,335,4.800000000000001
CUST-1103,2023-10-08,2024-12-26,South East,Retail,Standard,Monthly,Sales-led,101.63,14,255.6,15,1,0,8.9,2,Manager requested renewal details and training resources.,,,,0,10,4,5,growing,17.04,0.39761345852895147,0.07142857142857142,0,0,57,0,0,0.0,32,1.0999999999999996
CUST-1104,2020-11-02,2024-12-26,South West,Manufacturing,Basic,Monthly,Self-serve,51.82,49,13.9,0,2,1,5.6,7,Manager requested renewal details and training resources.,low_usage,2025-01-08,discount,1,11,4,5,long_term,,3.7280575539568344,0.04081632653061224,0,1,57,0,0,0.02040816326530612,182,8.8
CUST-1105,2023-08-22,2024-12-17,Midlands,Public Sector,Standard,Annual,Sales-led,119.41,16,210.9,8,4,0,8.9,11,Customer mentioned price sensitivity and asked about lower plan options.,low_usage,2025-02-05,success_call,1,8,3,14,growing,26.3625,0.5661925082977715,0.25,0,0,72,1,0,0.0,305,4.399999999999999
CUST-1106,2021-03-27,2024-12-01,Midlands,Professional Services,Standard,Monthly,Sales-led,90.98,45,116.3,5,5,0,7.9,6,Multiple support contacts; wants faster response time.,,,,0,3,1,30,long_term,23.259999999999998,0.782287188306105,0.1111111111111111,1,0,54,0,1,0.0,152,10.499999999999998
CUST-1107,2022-02-27,2024-12-26,North West,Education,Basic,Annual,Sales-led,52.55,34,251.3,14,3,0,8.9,1,Invoice query raised; finance contact requested clarification.,,,,0,2,1,5,established,17.95,0.2091126144050935,0.08823529411764706,0,0,62,1,0,0.0,1,3.299999999999999
CUST-1108,2020-10-23,2024-12-07,South East,Retail,Premium,Monthly,Self-serve,182.75,50,174.8,1,3,0,7.8,11,Support issue around onboarding and admin setup.,price,2025-01-01,none,1,10,4,24,long_term,174.8,1.0454805491990846,0.06,0,0,48,0,1,0.0,305,6.6000000000000005
CUST-1109,2023-01-17,2024-12-22,London,Technology,Standard,Annual,Sales-led,95.95,23,272.6,14,3,0,9.4,1,Low usage noted in recent month; customer did not attend webinar.,,,,0,1,1,9,established,19.47142857142857,0.3519809244314013,0.13043478260869565,0,0,65,0,0,0.0,1,1.799999999999999
CUST-1110,2021-04-08,2024-12-21,South West,Retail,Basic,Annual,Self-serve,57.93,44,165.1,7,3,1,9.0,10,,,,,0,4,2,10,long_term,23.585714285714285,0.35087825560266506,0.06818181818181818,0,0,0,0,0,0.022727272727272728,274,3.0
CUST-1111,2023-06-27,2024-12-29,North West,Manufacturing,Basic,Annual,Partner,58.3,18,129.4,1,1,0,8.2,7,Healthy adoption in team; users asked for reporting improvements.,price,2025-01-30,none,1,6,2,2,growing,129.4,0.4505409582689335,0.05555555555555555,0,0,65,0,0,0.0,182,1.8000000000000007
CUST-1112,2020-05-01,2024-12-25,London,Education,Standard,Annual,Partner,102.93,56,538.7,13,3,1,8.4,3,Support issue around onboarding and admin setup.,,,,0,5,2,6,long_term,41.43846153846154,0.19107109708557637,0.05357142857142857,0,0,48,0,1,0.017857142857142856,60,4.799999999999999
CUST-1113,2022-01-02,2024-12-28,South East,Healthcare,Standard,Annual,Sales-led,95.93,35,162.3,6,2,0,9.0,2,Customer mentioned price sensitivity and asked about lower plan options.,,,,0,1,1,3,established,27.05,0.5910659272951325,0.05714285714285714,0,0,72,1,0,0.0,32,2.0
CUST-1114,2020-08-19,2024-12-27,Scotland,Manufacturing,Standard,Annual,Self-serve,94.71,52,229.7,15,3,0,6.3,12,Invoice query raised; finance contact requested clarification.,,,,0,8,3,4,long_term,15.313333333333333,0.4123204179364388,0.057692307692307696,0,0,62,1,0,0.0,335,11.100000000000001
CUST-1115,2023-07-21,2024-12-31,London,Public Sector,Basic,Annual,Self-serve,32.59,17,164.9,13,4,0,6.1,10,Customer happy with product but needs integration advice.,,,,0,7,3,0,growing,12.684615384615386,0.19763493026076412,0.23529411764705882,0,0,57,0,0,0.0,274,15.600000000000001
CUST-1116,2021-08-31,2024-12-25,Northern Ireland,Education,Premium,Monthly,Self-serve,169.33,40,241.1,11,1,1,7.8,6,Multiple support contacts; wants faster response time.,,,,0,8,3,6,long_term,21.918181818181818,0.70232268768146,0.025,0,0,54,0,1,0.025,152,2.2
CUST-1117,2022-09-11,2024-12-27,Midlands,Public Sector,Enterprise,Annual,Self-serve,341.54,27,700.5,30,5,0,6.4,2,Customer mentioned price sensitivity and asked about lower plan options.,,,,0,9,3,4,established,23.35,0.48756602426837975,0.18518518518518517,0,0,72,1,0,0.0,32,18.0
CUST-1118,2023-07-08,2024-12-26,Midlands,Technology,Standard,Monthly,Sales-led,85.51,17,255.7,10,1,1,9.2,3,Customer happy with product but needs integration advice.,support,2025-03-30,none,1,7,3,5,growing,25.57,0.3344153304653892,0.058823529411764705,0,0,57,0,0,0.058823529411764705,60,0.8000000000000007
CUST-1119,2022-02-21,2024-12-29,North West,Healthcare,Standard,Annual,Renewal upgrade,104.28,34,171.6,11,2,0,6.2,3,Low usage noted in recent month; customer did not attend webinar.,,,,0,2,1,2,established,15.6,0.6076923076923078,0.058823529411764705,0,0,65,0,0,0.0,60,7.6
CUST-1120,2020-03-24,2024-12-31,Wales,Education,Premium,Annual,Sales-led,193.36,57,505.3,18,2,1,8.0,12,Low usage noted in recent month; customer did not attend webinar.,,,,0,3,1,0,long_term,28.072222222222223,0.3826637641005344,0.03508771929824561,0,0,65,0,0,0.017543859649122806,335,4.0
CUST-1121,2020-11-18,2024-12-23,Scotland,Professional Services,Enterprise,Monthly,Partner,338.1,49,375.1,13,6,1,6.8,8,Multiple support contacts; wants faster response time.,,,,0,11,4,8,long_term,28.853846153846156,0.9013596374300187,0.12244897959183673,0,0,54,0,1,0.02040816326530612,213,19.200000000000003
CUST-1122,2020-11-06,2024-12-31,Wales,Public Sector,Standard,Monthly,Self-serve,102.4,49,149.8,3,1,1,7.6,3,Manager requested renewal details and training resources.,,,,0,11,4,0,long_term,49.93333333333334,0.6835781041388518,0.02040816326530612,0,0,57,0,0,0.02040816326530612,60,2.4000000000000004
CUST-1123,2023-08-27,2024-12-30,London,Education,Premium,Monthly,Sales-led,166.59,16,403.5,8,1,0,8.3,7,Healthy adoption in team; users asked for reporting improvements.,,,,0,8,3,1,growing,50.4375,0.4128624535315985,0.0625,0,0,65,0,0,0.0,182,1.6999999999999993
CUST-1124,2023-08-19,2024-12-27,North West,Healthcare,Enterprise,Annual,Partner,345.34,16,137.2,11,3,0,7.2,2,Customer mentioned price sensitivity and asked about lower plan options.,,,,0,8,3,4,growing,12.47272727272727,2.517055393586006,0.1875,0,0,72,1,0,0.0,32,8.399999999999999
CUST-1125,2021-11-27,2024-12-24,London,Professional Services,Premium,Monthly,Sales-led,170.72,37,117.4,2,2,1,7.0,8,Manager requested renewal details and training resources.,,,,0,11,4,7,long_term,58.7,1.4541737649063031,0.05405405405405406,0,0,57,0,0,0.02702702702702703,213,6.0
CUST-1126,2023-07-23,2024-12-29,North West,Technology,Standard,Monthly,Partner,106.22,17,71.2,0,4,0,6.1,10,Healthy adoption in team; users asked for reporting improvements.,low_usage,2025-01-28,none,1,7,3,2,growing,,1.4918539325842697,0.23529411764705882,1,0,65,0,0,0.0,274,15.600000000000001
CUST-1127,2020-12-25,2024-12-31,South East,Healthcare,Basic,Annual,Self-serve,40.85,48,45.5,0,0,0,,12,Healthy adoption in team; users asked for reporting improvements.,,,,0,12,4,0,long_term,,0.8978021978021978,0.0,0,0,65,0,0,0.0,335,0.0
CUST-1128,2022-09-18,2024-12-26,London,Manufacturing,Basic,Annual,Sales-led,61.14,27,294.0,11,3,0,9.5,12,Healthy adoption in team; users asked for reporting improvements.,,,,0,9,3,5,established,26.727272727272727,0.20795918367346938,0.1111111111111111,0,0,65,0,0,0.0,335,1.5
CUST-1129,2021-07-26,2024-12-09,London,Professional Services,Standard,Monthly,Sales-led,96.05,41,211.0,15,3,0,4.4,3,Support issue around onboarding and admin setup.,business_closed,2025-02-17,success_call,1,7,3,22,long_term,14.066666666666666,0.4552132701421801,0.07317073170731707,0,1,48,0,1,0.0,60,16.799999999999997
CUST-1130,2020-12-17,2024-12-24,Scotland,Technology,Standard,Monthly,Partner,91.2,48,75.3,11,2,0,7.0,2,Customer mentioned price sensitivity and asked about lower plan options.,,,,0,12,4,7,long_term,6.845454545454545,1.2111553784860558,0.041666666666666664,0,0,72,1,0,0.0,32,6.0
CUST-1131,2020-12-31,2024-12-26,London,Professional Services,Standard,Annual,Sales-led,83.96,47,216.9,2,4,0,6.7,1,Manager requested renewal details and training resources.,,,,0,12,4,5,long_term,108.45,0.3870908252650991,0.0851063829787234,0,0,57,0,0,0.0,1,13.2
CUST-1132,2021-09-04,2024-12-30,South West,Retail,Standard,Annual,Renewal upgrade,102.04,39,343.7,12,2,2,8.3,11,Customer happy with product but needs integration advice.,,,,0,9,3,1,long_term,28.641666666666666,0.29688681990107657,0.05128205128205128,0,0,57,0,0,0.05128205128205128,305,3.3999999999999986
CUST-1133,2021-05-10,2024-12-23,Scotland,Public Sector,Standard,Annual,Partner,109.74,43,146.9,2,2,0,5.4,5,Support issue around onboarding and admin setup.,,,,0,5,2,8,long_term,73.45,0.7470388019060584,0.046511627906976744,0,0,48,0,1,0.0,121,9.2
CUST-1134,2020-11-04,2024-12-31,South East,Technology,Premium,Monthly,Partner,182.28,49,185.4,11,2,1,6.6,2,Healthy adoption in team; users asked for reporting improvements.,,,,0,11,4,0,long_term,16.854545454545455,0.9831715210355987,0.04081632653061224,0,0,65,0,0,0.02040816326530612,32,6.800000000000001
CUST-1135,2021-05-02,2024-12-16,Scotland,Retail,Basic,Monthly,Sales-led,75.87,43,357.2,15,1,1,8.2,4,Low usage noted in recent month; customer did not attend webinar.,competitor,2025-01-26,discount,1,5,2,15,long_term,23.813333333333333,0.21240201567749162,0.023255813953488372,0,0,65,0,0,0.023255813953488372,91,1.8000000000000007
CUST-1136,2020-07-06,2024-11-30,London,Healthcare,Basic,Monthly,Partner,66.16,53,126.8,3,0,0,9.6,2,Customer mentioned price sensitivity and asked about lower plan options.,,,,0,7,3,31,long_term,42.266666666666666,0.5217665615141955,0.0,0,0,72,1,0,0.0,32,0.0
CUST-1137,2023-11-16,2024-12-15,South West,Public Sector,Premium,Annual,Renewal upgrade,175.31,13,105.4,5,0,0,8.4,1,Customer happy with product but needs integration advice.,,,,0,11,4,16,growing,21.080000000000002,1.6632827324478177,0.0,0,0,57,0,0,0.0,1,0.0
CUST-1138,2021-07-08,2024-12-31,North West,Technology,Premium,Monthly,Sales-led,175.18,41,164.9,5,2,0,5.9,1,Manager requested renewal details and training resources.,support,2025-01-09,success_call,1,7,3,0,long_term,32.980000000000004,1.0623408126137053,0.04878048780487805,0,1,57,0,0,0.0,1,8.2
CUST-1139,2020-06-05,2024-12-24,Midlands,Healthcare,Enterprise,Monthly,Sales-led,354.64,54,97.4,10,3,1,6.1,12,Manager requested renewal details and training resources.,,,,0,6,2,7,long_term,9.74,3.641067761806981,0.05555555555555555,1,0,57,0,0,0.018518518518518517,335,11.700000000000001
CUST-1140,2022-04-20,2024-12-14,London,Education,Premium,Annual,Sales-led,168.94,32,354.6,16,2,0,9.7,8,Healthy adoption in team; users asked for reporting improvements.,,,,0,4,2,17,established,22.1625,0.4764241398759165,0.0625,0,0,65,0,0,0.0,213,0.6000000000000014
CUST-1141,2023-07-13,2024-12-15,North West,Public Sector,Premium,Annual,Self-serve,193.0,17,155.8,9,3,0,5.6,3,Support issue around onboarding and admin setup.,business_closed,2025-02-13,none,1,7,3,16,growing,17.311111111111114,1.238767650834403,0.17647058823529413,0,0,48,0,1,0.0,60,13.200000000000001
CUST-1142,2021-06-09,2024-12-31,North West,Public Sector,Standard,Annual,Partner,103.34,42,133.1,0,0,0,7.9,5,Healthy adoption in team; users asked for reporting improvements.,,,,0,6,2,0,long_term,,0.7764087152516905,0.0,0,0,65,0,0,0.0,121,0.0
CUST-1143,2023-05-19,2024-12-23,South West,Public Sector,Standard,Monthly,Self-serve,102.08,19,497.9,20,4,1,8.1,4,Low usage noted in recent month; customer did not attend webinar.,,,,0,5,2,8,established,24.895,0.2050210885720024,0.21052631578947367,0,0,65,0,0,0.05263157894736842,91,7.600000000000001
CUST-1144,2022-06-10,2024-12-10,Scotland,Education,Basic,Monthly,Self-serve,57.24,30,71.7,11,4,0,6.2,1,Healthy adoption in team; users asked for reporting improvements.,low_usage,2025-01-01,discount,1,6,2,21,established,6.5181818181818185,0.798326359832636,0.13333333333333333,1,0,65,0,0,0.0,1,15.2
CUST-1145,2022-12-15,2024-12-22,North West,Professional Services,Standard,Monthly,Sales-led,119.67,24,85.7,9,0,1,10.0,11,Customer happy with product but needs integration advice.,,,,0,12,4,9,established,9.522222222222222,1.3963827304550758,0.0,0,0,57,0,0,0.041666666666666664,305,0.0
CUST-1146,2021-03-08,2024-12-06,South East,Technology,Enterprise,Monthly,Sales-led,351.05,45,142.0,0,4,1,6.1,3,Support issue around onboarding and admin setup.,business_closed,2025-01-24,success_call,1,3,1,25,long_term,,2.4721830985915494,0.08888888888888889,0,0,48,0,1,0.022222222222222223,60,15.600000000000001
CUST-1147,2020-02-23,2024-12-20,South East,Technology,Standard,Annual,Sales-led,97.64,58,349.0,13,1,0,9.3,4,Low usage noted in recent month; customer did not attend webinar.,,,,0,2,1,11,long_term,26.846153846153847,0.27977077363896846,0.017241379310344827,0,0,65,0,0,0.0,91,0.6999999999999993
CUST-1148,2021-05-19,2024-12-18,Scotland,Public Sector,Standard,Monthly,Renewal upgrade,117.1,43,248.8,5,1,1,6.7,1,Low usage noted in recent month; customer did not attend webinar.,support,2025-03-18,discount,1,5,2,13,long_term,49.760000000000005,0.4706591639871382,0.023255813953488372,0,0,65,0,0,0.023255813953488372,1,3.3
CUST-1149,2023-09-11,2024-12-27,North West,Professional Services,Standard,Annual,Self-serve,110.61,15,164.8,13,1,0,8.7,7,Customer happy with product but needs integration advice.,,,,0,9,3,4,growing,12.676923076923078,0.6711771844660194,0.06666666666666667,0,0,57,0,0,0.0,182,1.3000000000000007
CUST-1150,2023-02-28,2024-12-03,London,Retail,Basic,Annual,Self-serve,45.15,22,117.5,6,0,0,9.3,3,Invoice query raised; finance contact requested clarification.,,,,0,2,1,28,established,19.583333333333332,0.3842553191489362,0.0,0,0,62,1,0,0.0,60,0.0
CUST-1151,2023-02-18,2024-12-22,Midlands,Public Sector,Basic,Annual,Partner,49.06,22,207.7,5,1,1,6.8,10,Low usage noted in recent month; customer did not attend webinar.,,,,0,2,1,9,established,41.54,0.23620606644198366,0.045454545454545456,0,0,65,0,0,0.045454545454545456,274,3.2
CUST-1152,2023-07-06,2024-12-14,South West,Professional Services,Basic,Monthly,Sales-led,51.34,17,161.3,7,0,0,8.1,6,Invoice query raised; finance contact requested clarification.,,,,0,7,3,17,growing,23.042857142857144,0.31828890266584003,0.0,0,0,62,1,0,0.0,152,0.0
CUST-1153,2021-06-28,2024-12-31,London,Technology,Enterprise,Monthly,Sales-led,353.34,42,236.1,0,5,1,5.5,10,Support issue around onboarding and admin setup.,,,,0,6,2,0,long_term,,1.496569250317662,0.11904761904761904,0,1,48,0,1,0.023809523809523808,274,22.5
CUST-1154,2021-04-15,2024-12-10,Scotland,Healthcare,Standard,Monthly,Sales-led,82.72,44,253.2,6,3,1,5.7,3,Invoice query raised; finance contact requested clarification.,,,,0,4,2,21,long_term,42.199999999999996,0.32669826224328596,0.06818181818181818,0,1,62,1,0,0.022727272727272728,60,12.899999999999999
CUST-1155,2023-09-12,2024-12-28,London,Manufacturing,Premium,Monthly,Renewal upgrade,160.49,15,116.3,5,2,0,9.0,9,Support issue around onboarding and admin setup.,,,,0,9,3,3,growing,23.259999999999998,1.3799656061908858,0.13333333333333333,0,0,48,0,1,0.0,244,2.0
CUST-1156,2022-04-14,2024-12-30,Wales,Technology,Premium,Monthly,Partner,168.35,32,135.9,9,0,0,7.2,12,Customer happy with product but needs integration advice.,,,,0,4,2,1,established,15.100000000000001,1.2387785136129505,0.0,0,0,57,0,0,0.0,335,0.0
CUST-1157,2021-03-11,2024-12-27,South East,Healthcare,Basic,Monthly,Self-serve,37.42,45,194.9,0,3,1,3.6,11,Manager requested renewal details and training resources.,support,2025-02-09,none,1,3,1,4,long_term,,0.19199589533093894,0.06666666666666667,0,1,57,0,0,0.022222222222222223,305,19.200000000000003
CUST-1158,2021-02-10,2024-12-26,Wales,Retail,Basic,Annual,Sales-led,41.27,46,194.6,6,2,1,10.0,9,Multiple support contacts; wants faster response time.,,,,0,2,1,5,long_term,32.43333333333333,0.21207605344295993,0.043478260869565216,0,0,54,0,1,0.021739130434782608,244,0.0
CUST-1159,2023-07-04,2024-12-26,Midlands,Manufacturing,Premium,Monthly,Sales-led,186.62,17,57.1,6,3,1,5.4,12,Support issue around onboarding and admin setup.,support,2025-01-06,discount,1,7,3,5,growing,9.516666666666667,3.2683012259194397,0.17647058823529413,1,1,48,0,1,0.058823529411764705,335,13.799999999999999
CUST-1160,2020-03-18,2024-12-30,Midlands,Education,Basic,Annual,Self-serve,46.97,57,168.6,1,2,0,7.3,9,Low usage noted in recent month; customer did not attend webinar.,,,,0,3,1,1,long_term,168.6,0.27858837485172006,0.03508771929824561,0,0,65,0,0,0.0,244,5.4
CUST-1161,2020-03-31,2024-12-30,London,Healthcare,Enterprise,Monthly,Self-serve,351.36,57,660.2,27,1,0,10.0,10,Healthy adoption in team; users asked for reporting improvements.,,,,0,3,1,1,long_term,24.451851851851853,0.5322023629203272,0.017543859649122806,0,0,65,0,0,0.0,274,0.0
CUST-1162,2022-12-13,2024-12-25,South West,Manufacturing,Basic,Monthly,Renewal upgrade,34.31,24,211.0,9,1,3,6.8,6,Customer happy with product but needs integration advice.,competitor,2025-03-12,none,1,12,4,6,established,23.444444444444443,0.16260663507109005,0.041666666666666664,0,0,57,0,0,0.125,152,3.2
CUST-1163,2020-01-02,2024-12-30,South East,Technology,Premium,Monthly,Partner,173.46,59,166.4,14,3,0,7.2,11,Customer mentioned price sensitivity and asked about lower plan options.,,,,0,1,1,1,long_term,11.885714285714286,1.0424278846153847,0.05084745762711865,0,0,72,1,0,0.0,305,8.399999999999999
CUST-1164,2020-09-06,2024-12-16,London,Healthcare,Premium,Monthly,Self-serve,186.05,51,142.6,5,5,0,5.0,7,Manager requested renewal details and training resources.,,,,0,9,3,15,long_term,28.52,1.3046984572230016,0.09803921568627451,0,1,57,0,0,0.0,182,25.0
CUST-1165,2023-12-17,2024-12-18,Scotland,Retail,Basic,Monthly,Partner,56.14,12,172.2,6,0,1,5.4,5,Customer mentioned price sensitivity and asked about lower plan options.,price,2025-03-09,success_call,1,12,4,13,growing,28.7,0.32601626016260166,0.0,0,1,72,1,0,0.08333333333333333,121,0.0
CUST-1166,2021-09-13,2024-12-22,South East,Healthcare,Basic,Annual,Renewal upgrade,40.31,39,293.5,15,1,0,8.2,4,Support issue around onboarding and admin setup.,,,,0,9,3,9,long_term,19.566666666666666,0.13734241908006814,0.02564102564102564,0,0,48,0,1,0.0,91,1.8000000000000007
CUST-1167,2022-11-28,2024-12-27,Midlands,Healthcare,Enterprise,Monthly,Self-serve,350.94,25,88.3,0,5,1,6.8,2,Manager requested renewal details and training resources.,business_closed,2025-03-20,none,1,11,4,4,established,,3.97440543601359,0.2,1,0,57,0,0,0.04,32,16.0
CUST-1168,2021-12-12,2024-12-31,Midlands,Professional Services,Basic,Monthly,Self-serve,75.39,36,165.8,6,0,0,8.6,3,Support issue around onboarding and admin setup.,,,,0,12,4,0,established,27.633333333333336,0.45470446320868513,0.0,0,0,48,0,1,0.0,60,0.0
CUST-1169,2020-05-12,2024-12-29,South East,Professional Services,Standard,Annual,Renewal upgrade,98.79,55,185.0,6,0,0,7.5,10,Manager requested renewal details and training resources.,,,,0,5,2,2,long_term,30.833333333333332,0.534,0.0,0,0,57,0,0,0.0,274,0.0
CUST-1170,2020-09-26,2024-12-31,South West,Manufacturing,Standard,Monthly,Sales-led,90.68,51,210.9,8,3,0,7.6,10,Healthy adoption in team; users asked for reporting improvements.,,,,0,9,3,0,long_term,26.3625,0.4299668089141774,0.058823529411764705,0,0,65,0,0,0.0,274,7.200000000000001
CUST-1171,2023-01-16,2024-12-28,South East,Retail,Basic,Annual,Renewal upgrade,46.91,23,71.2,6,1,0,4.8,12,Customer happy with product but needs integration advice.,,,,0,1,1,3,established,11.866666666666667,0.6588483146067415,0.043478260869565216,0,0,57,0,0,0.0,335,5.2
CUST-1172,2020-05-18,2024-12-15,North West,Technology,Premium,Monthly,Sales-led,180.11,55,388.6,18,2,0,9.2,7,Invoice query raised; finance contact requested clarification.,,,,0,5,2,16,long_term,21.58888888888889,0.463484302624807,0.03636363636363636,0,0,62,1,0,0.0,182,1.6000000000000014
CUST-1173,2022-05-18,2024-12-30,South East,Retail,Premium,Annual,Self-serve,177.19,31,510.8,17,4,0,8.8,9,Manager requested renewal details and training resources.,,,,0,5,2,1,established,30.04705882352941,0.34688723570869223,0.12903225806451613,0,0,57,0,0,0.0,244,4.799999999999997
CUST-1174,2021-05-23,2024-12-09,South West,Professional Services,Standard,Monthly,Partner,98.62,43,268.4,11,3,2,10.0,9,Customer mentioned price sensitivity and asked about lower plan options.,low_usage,2025-01-24,success_call,1,5,2,22,long_term,24.4,0.36743666169895683,0.06976744186046512,0,0,72,1,0,0.046511627906976744,244,0.0
CUST-1175,2021-06-24,2024-12-27,London,Public Sector,Premium,Monthly,Self-serve,161.68,42,485.6,25,2,0,9.0,9,Customer mentioned price sensitivity and asked about lower plan options.,,,,0,6,2,4,long_term,19.424,0.3329489291598023,0.047619047619047616,0,0,72,1,0,0.0,244,2.0
CUST-1176,2023-10-22,2024-12-31,London,Technology,Basic,Annual,Self-serve,37.45,14,135.1,2,1,0,6.4,3,Customer happy with product but needs integration advice.,,,,0,10,4,0,growing,67.55,0.27720207253886014,0.07142857142857142,0,0,57,0,0,0.0,60,3.5999999999999996
CUST-1177,2022-06-03,2024-12-31,North West,Retail,Basic,Annual,Self-serve,47.21,30,189.7,8,2,1,7.3,3,Multiple support contacts; wants faster response time.,,,,0,6,2,0,established,23.7125,0.24886663152345812,0.06666666666666667,0,0,54,0,1,0.03333333333333333,60,5.4
CUST-1178,2022-06-17,2024-12-24,South West,Retail,Standard,Monthly,Sales-led,97.02,30,270.5,10,3,2,6.6,5,Invoice query raised; finance contact requested clarification.,,,,0,6,2,7,established,27.05,0.3586691312384473,0.1,0,0,62,1,0,0.06666666666666667,121,10.200000000000001
CUST-1179,2021-05-26,2024-12-24,South West,Retail,Enterprise,Annual,Sales-led,342.21,43,361.3,14,3,0,8.8,8,Manager requested renewal details and training resources.,,,,0,5,2,7,long_term,25.807142857142857,0.9471630224190423,0.06976744186046512,0,0,57,0,0,0.0,213,3.599999999999998
CUST-1180,2021-07-10,2024-12-27,Midlands,Education,Basic,Monthly,Sales-led,46.88,41,124.7,0,4,1,6.7,10,Manager requested renewal details and training resources.,price,2025-01-30,none,1,7,3,4,long_term,,0.3759422614274258,0.0975609756097561,0,0,57,0,0,0.024390243902439025,274,13.2
CUST-1181,2022-09-28,2024-12-31,South West,Healthcare,Basic,Monthly,Self-serve,49.73,27,131.9,11,2,2,4.9,3,,business_closed,2025-02-23,success_call,1,9,3,0,established,11.990909090909092,0.3770280515542077,0.07407407407407407,0,1,0,0,0,0.07407407407407407,60,10.2
CUST-1182,2020-02-26,2024-12-22,South West,Retail,Standard,Monthly,Self-serve,109.67,58,366.3,12,0,2,5.8,6,Customer mentioned price sensitivity and asked about lower plan options.,,,,0,2,1,9,long_term,30.525000000000002,0.2993993993993994,0.0,0,1,72,1,0,0.034482758620689655,152,0.0
CUST-1183,2020-12-12,2024-12-27,North West,Professional Services,Premium,Annual,Sales-led,177.81,48,251.8,14,1,0,8.7,10,Invoice query raised; finance contact requested clarification.,,,,0,12,4,4,long_term,17.985714285714288,0.7061556791104051,0.020833333333333332,0,0,62,1,0,0.0,274,1.3000000000000007
CUST-1184,2022-05-26,2024-12-30,South East,Education,Basic,Monthly,Renewal upgrade,53.79,31,246.3,7,3,0,9.8,8,Manager requested renewal details and training resources.,,,,0,5,2,1,established,35.18571428571429,0.2183922046285018,0.0967741935483871,0,0,57,0,0,0.0,213,0.5999999999999979
CUST-1185,2022-06-29,2024-12-30,Midlands,Technology,Standard,Annual,Self-serve,92.5,30,213.0,6,4,0,7.5,11,Manager requested renewal details and training resources.,support,2025-01-29,success_call,1,6,2,1,established,35.5,0.43427230046948356,0.13333333333333333,0,0,57,0,0,0.0,305,10.0
CUST-1186,2020-05-14,2024-12-28,Wales,Manufacturing,Premium,Monthly,Self-serve,185.87,55,376.5,20,0,0,10.0,12,Support issue around onboarding and admin setup.,,,,0,5,2,3,long_term,18.825,0.49367861885790176,0.0,0,0,48,0,1,0.0,335,0.0
CUST-1187,2023-02-24,2024-12-30,South East,Education,Standard,Annual,Self-serve,103.51,22,231.2,13,2,1,,7,Support issue around onboarding and admin setup.,business_closed,2025-03-27,success_call,1,2,1,1,established,17.784615384615385,0.44770761245674745,0.09090909090909091,0,0,48,0,1,0.045454545454545456,182,10.0
CUST-1188,2022-03-03,2024-12-18,London,Professional Services,Basic,Annual,Sales-led,59.39,33,225.1,10,2,0,8.3,11,Multiple support contacts; wants faster response time.,,,,0,3,1,13,established,22.509999999999998,0.2638382940915149,0.06060606060606061,0,0,54,0,1,0.0,305,3.3999999999999986
CUST-1189,2020-12-13,2024-12-24,Midlands,Retail,Basic,Monthly,Partner,57.56,48,99.4,7,4,1,,10,Invoice query raised; finance contact requested clarification.,low_usage,2025-02-05,discount,1,12,4,7,long_term,14.200000000000001,0.5790744466800805,0.08333333333333333,1,0,62,1,0,0.020833333333333332,274,20.0
CUST-1190,2023-01-02,2024-12-19,South East,Retail,Standard,Monthly,Self-serve,106.06,23,218.2,8,1,0,8.4,8,Customer happy with product but needs integration advice.,,,,0,1,1,12,established,27.275,0.48606782768102663,0.043478260869565216,0,0,57,0,0,0.0,213,1.5999999999999996
CUST-1191,2023-12-17,2024-12-20,South West,Public Sector,Standard,Monthly,Sales-led,97.82,12,133.7,5,5,1,8.2,6,Manager requested renewal details and training resources.,business_closed,2025-03-25,none,1,12,4,11,growing,26.74,0.7316379955123411,0.4166666666666667,0,0,57,0,0,0.08333333333333333,152,9.000000000000004
CUST-1192,2021-09-10,2024-12-08,South East,Technology,Premium,Annual,Renewal upgrade,181.94,39,204.4,6,0,0,9.1,9,Customer happy with product but needs integration advice.,,,,0,9,3,23,long_term,34.06666666666667,0.8901174168297455,0.0,0,0,57,0,0,0.0,244,0.0
CUST-1193,2021-02-17,2024-12-28,London,Technology,Standard,Monthly,Partner,111.76,46,160.2,10,0,0,9.3,2,Support issue around onboarding and admin setup.,,,,0,2,1,3,long_term,16.02,0.6976279650436955,0.0,0,0,48,0,1,0.0,32,0.0
CUST-1194,2021-03-13,2024-12-28,Northern Ireland,Technology,Premium,Annual,Partner,171.18,45,232.1,7,2,0,7.2,3,Low usage noted in recent month; customer did not attend webinar.,,,,0,3,1,3,long_term,33.15714285714286,0.7375269280482551,0.044444444444444446,0,0,65,0,0,0.0,60,5.6
CUST-1195,2022-05-15,2024-12-26,London,Technology,Enterprise,Monthly,Renewal upgrade,341.46,31,416.6,23,2,0,8.4,6,Healthy adoption in team; users asked for reporting improvements.,,,,0,5,2,5,established,18.11304347826087,0.8196351416226595,0.06451612903225806,0,0,65,0,0,0.0,152,3.1999999999999993
CUST-1196,2020-03-10,2024-12-29,London,Technology,Standard,Annual,Renewal upgrade,101.18,57,174.0,6,2,0,7.5,2,,business_closed,2025-03-24,none,1,3,1,2,long_term,29.0,0.5814942528735633,0.03508771929824561,0,0,0,0,0,0.0,32,5.0
CUST-1197,2021-12-06,2024-12-25,Scotland,Professional Services,Standard,Monthly,Sales-led,103.98,36,206.8,8,1,0,8.0,11,Customer mentioned price sensitivity and asked about lower plan options.,,,,0,12,4,6,established,25.85,0.5028046421663442,0.027777777777777776,0,0,72,1,0,0.0,305,2.0
CUST-1198,2020-02-06,2024-12-22,Northern Ireland,Professional Services,Enterprise,Monthly,Self-serve,339.11,58,442.6,21,1,0,10.0,12,Customer happy with product but needs integration advice.,,,,0,2,1,9,long_term,21.076190476190476,0.7661771351107094,0.017241379310344827,0,0,57,0,0,0.0,335,0.0
CUST-1199,2020-02-26,2024-12-27,London,Retail,Basic,Annual,Self-serve,48.1,58,222.7,9,2,1,4.0,11,Low usage noted in recent month; customer did not attend webinar.,,,,0,2,1,4,long_term,24.744444444444444,0.21598563089357883,0.034482758620689655,0,0,65,0,0,0.017241379310344827,305,12.0
CUST-1200,2021-09-19,2024-12-17,South East,Education,Premium,Monthly,Sales-led,177.87,39,76.2,2,1,2,6.9,2,Customer mentioned price sensitivity and asked about lower plan options.,competitor,2025-03-11,success_call,1,9,3,14,long_term,38.1,2.334251968503937,0.02564102564102564,0,0,72,1,0,0.05128205128205128,32,3.0999999999999996
CUST-1201,2022-12-24,2024-12-28,Midlands,Professional Services,Premium,Annual,Sales-led,152.42,24,107.4,4,2,0,7.3,9,Low usage noted in recent month; customer did not attend webinar.,,,,0,12,4,3,established,26.85,1.4191806331471135,0.08333333333333333,0,0,65,0,0,0.0,244,5.4
CUST-1202,2023-07-13,2024-12-31,South West,Public Sector,Basic,Monthly,Sales-led,46.36,17,175.0,11,3,0,5.4,2,Healthy adoption in team; users asked for reporting improvements.,,,,0,7,3,0,growing,15.909090909090908,0.2649142857142857,0.17647058823529413,0,1,65,0,0,0.0,32,13.799999999999999
CUST-1203,2020-05-07,2024-12-08,North West,Manufacturing,Standard,Monthly,Self-serve,97.11,55,146.2,3,1,2,8.1,3,Manager requested renewal details and training resources.,,,,0,5,2,23,long_term,48.73333333333333,0.6642270861833106,0.01818181818181818,0,0,57,0,0,0.03636363636363636,60,1.9000000000000004
CUST-1204,2020-12-22,2024-12-16,London,Education,Basic,Annual,Partner,47.08,48,64.3,2,0,0,6.7,5,Customer mentioned price sensitivity and asked about lower plan options.,,,,0,12,4,15,long_term,32.15,0.7321928460342146,0.0,0,0,72,1,0,0.0,121,0.0
CUST-1205,2021-09-07,2024-12-24,London,Professional Services,Basic,Annual,Partner,65.99,39,122.0,5,0,0,7.5,6,Customer happy with product but needs integration advice.,,,,0,9,3,7,long_term,24.4,0.5409016393442623,0.0,0,0,57,0,0,0.0,152,0.0
CUST-1206,2022-04-18,2024-12-30,South East,Retail,Standard,Annual,Sales-led,84.41,32,275.3,14,3,0,10.0,2,Low usage noted in recent month; customer did not attend webinar.,,,,0,4,2,1,established,19.664285714285715,0.30661096985107156,0.09375,0,0,65,0,0,0.0,32,0.0
CUST-1207,2023-12-12,2024-12-29,London,Professional Services,Standard,Monthly,Sales-led,89.1,12,159.3,6,3,1,8.6,11,Support issue around onboarding and admin setup.,,,,0,12,4,2,growing,26.55,0.559322033898305,0.25,0,0,48,0,1,0.08333333333333333,305,4.200000000000001
CUST-1208,2022-09-26,2024-12-20,Wales,Public Sector,Premium,Monthly,Self-serve,147.65,27,226.1,16,4,1,7.9,12,Multiple support contacts; wants faster response time.,price,2025-02-25,none,1,9,3,11,established,14.13125,0.653029632905794,0.14814814814814814,0,0,54,0,1,0.037037037037037035,335,8.399999999999999
CUST-1209,2022-02-25,2024-11-24,London,Education,Enterprise,Monthly,Self-serve,343.23,34,225.3,8,3,1,7.9,1,Customer happy with product but needs integration advice.,,,,0,2,1,37,established,28.1625,1.5234354194407458,0.08823529411764706,0,0,57,0,0,0.029411764705882353,1,6.299999999999999
CUST-1210,2020-03-29,2024-12-21,North West,Public Sector,Premium,Annual,Renewal upgrade,174.25,57,173.1,6,5,1,6.3,6,Low usage noted in recent month; customer did not attend webinar.,,,,0,3,1,10,long_term,28.849999999999998,1.0066435586366262,0.08771929824561403,0,0,65,0,0,0.017543859649122806,152,18.5
CUST-1211,2020-04-27,2024-12-18,Wales,Retail,Basic,Monthly,Renewal upgrade,42.88,56,162.0,6,1,1,10.0,4,,,,,0,4,2,13,long_term,27.0,0.26469135802469135,0.017857142857142856,0,0,0,0,0,0.017857142857142856,91,0.0
CUST-1212,2020-08-11,2024-12-29,Scotland,Healthcare,Basic,Monthly,Renewal upgrade,62.29,52,52.0,0,2,1,8.1,9,Low usage noted in recent month; customer did not attend webinar.,low_usage,2025-03-19,success_call,1,8,3,2,long_term,,1.1978846153846154,0.038461538461538464,0,0,65,0,0,0.019230769230769232,244,3.8000000000000007
CUST-1213,2022-08-22,2024-12-19,London,Healthcare,Basic,Monthly,Renewal upgrade,59.33,28,90.8,0,0,1,6.4,11,Customer happy with product but needs integration advice.,,,,0,8,3,12,established,,0.6534140969162996,0.0,0,0,57,0,0,0.03571428571428571,305,0.0
CUST-1214,2021-04-28,2024-12-28,Midlands,Public Sector,Basic,Monthly,Renewal upgrade,49.93,44,,6,1,2,5.3,12,Multiple support contacts; wants faster response time.,competitor,2025-03-24,none,1,4,2,3,long_term,,,0.022727272727272728,0,1,54,0,1,0.045454545454545456,335,4.7
CUST-1215,2020-12-17,2024-12-14,Midlands,Public Sector,Enterprise,Monthly,Self-serve,344.55,48,111.0,9,4,1,7.4,7,Low usage noted in recent month; customer did not attend webinar.,,,,0,12,4,17,long_term,12.333333333333334,3.104054054054054,0.08333333333333333,1,0,65,0,0,0.020833333333333332,182,10.399999999999999
CUST-1216,2022-09-05,2024-12-22,Midlands,Retail,Standard,Monthly,Sales-led,111.31,27,191.5,8,2,0,7.7,6,Healthy adoption in team; users asked for reporting improvements.,,,,0,9,3,9,established,23.9375,0.5812532637075718,0.07407407407407407,0,0,65,0,0,0.0,152,4.6
CUST-1217,2023-04-05,2024-12-27,London,Technology,Basic,Annual,Sales-led,48.76,20,132.5,3,1,0,5.6,9,Customer happy with product but needs integration advice.,,,,0,4,2,4,established,44.166666666666664,0.368,0.05,0,0,57,0,0,0.0,244,4.4
CUST-1218,2021-10-02,2024-12-23,London,Professional Services,Premium,Annual,Self-serve,169.18,38,193.0,13,5,0,7.7,11,Customer mentioned price sensitivity and asked about lower plan options.,,,,0,10,4,8,long_term,14.846153846153847,0.8765803108808291,0.13157894736842105,0,0,72,1,0,0.0,305,11.5
CUST-1219,2023-07-11,2024-12-28,South West,Technology,Standard,Monthly,Sales-led,78.41,17,294.3,18,5,1,6.7,3,Support issue around onboarding and admin setup.,,,,0,7,3,3,growing,16.35,0.2664288141352361,0.29411764705882354,0,0,48,0,1,0.058823529411764705,60,16.5
CUST-1220,2022-12-07,2024-12-30,North West,Professional Services,Basic,Annual,Sales-led,43.7,24,280.6,16,4,1,8.1,7,Multiple support contacts; wants faster response time.,,,,0,12,4,1,established,17.5375,0.1557377049180328,0.16666666666666666,0,0,54,0,1,0.041666666666666664,182,7.600000000000001
CUST-1221,2022-11-11,2024-12-14,South East,Retail,Basic,Annual,Renewal upgrade,58.06,25,91.2,0,3,0,7.8,6,Invoice query raised; finance contact requested clarification.,price,2025-03-19,success_call,1,11,4,17,established,,0.6366228070175438,0.12,1,0,62,1,0,0.0,152,6.6000000000000005
CUST-1222,2023-06-20,2024-12-23,North West,Public Sector,Standard,Monthly,Sales-led,126.32,18,175.1,5,3,0,6.5,11,,support,2025-03-30,none,1,6,2,8,growing,35.019999999999996,0.7214163335237007,0.16666666666666666,0,0,0,0,0,0.0,305,10.5
CUST-1223,2020-09-25,2024-12-29,Wales,Professional Services,Premium,Monthly,Renewal upgrade,179.74,51,66.8,10,4,0,7.7,8,Support issue around onboarding and admin setup.,,,,0,9,3,2,long_term,6.68,2.6907185628742516,0.0784313725490196,1,0,48,0,1,0.0,213,9.2
CUST-1224,2023-01-12,2024-12-30,South West,Healthcare,Basic,Monthly,Partner,39.82,23,214.5,10,1,0,7.4,11,Customer happy with product but needs integration advice.,,,,0,1,1,1,established,21.45,0.18564102564102564,0.043478260869565216,0,0,57,0,0,0.0,305,2.5999999999999996
CUST-1225,2023-10-30,2024-12-24,South East,Healthcare,Enterprise,Monthly,Self-serve,334.78,14,251.6,9,2,0,7.4,1,Customer happy with product but needs integration advice.,,,,0,10,4,7,growing,27.955555555555556,1.33060413354531,0.14285714285714285,0,0,57,0,0,0.0,1,5.199999999999999
CUST-1226,2023-12-19,2024-12-31,South West,Retail,Premium,Annual,Partner,185.62,12,105.0,7,2,0,6.6,1,Healthy adoption in team; users asked for reporting improvements.,support,2025-01-30,discount,1,12,4,0,growing,15.0,1.767809523809524,0.16666666666666666,0,0,65,0,0,0.0,1,6.800000000000001
CUST-1227,2022-04-23,2024-12-29,London,Manufacturing,Premium,Annual,Sales-led,157.82,32,165.5,11,5,0,8.6,7,Multiple support contacts; wants faster response time.,,,,0,4,2,2,established,15.045454545454545,0.953595166163142,0.15625,0,0,54,0,1,0.0,182,7.000000000000002
CUST-1228,2023-01-06,2024-12-28,Scotland,Public Sector,Basic,Monthly,Self-serve,55.6,23,74.8,1,0,1,7.0,2,Multiple support contacts; wants faster response time.,competitor,2025-02-17,none,1,1,1,3,established,74.8,0.7433155080213905,0.0,0,0,54,0,1,0.043478260869565216,32,0.0
CUST-1229,2023-07-21,2024-12-17,Wales,Technology,Basic,Annual,Sales-led,58.81,17,104.5,5,3,0,9.2,4,Customer mentioned price sensitivity and asked about lower plan options.,,,,0,7,3,14,growing,20.9,0.5627751196172249,0.17647058823529413,1,0,72,1,0,0.0,91,2.400000000000002
CUST-1230,2023-05-29,2024-12-28,London,Retail,Premium,Monthly,Renewal upgrade,184.24,19,70.9,7,0,0,10.0,1,Invoice query raised; finance contact requested clarification.,,,,0,5,2,3,established,10.12857142857143,2.598589562764457,0.0,0,0,62,1,0,0.0,1,0.0
CUST-1231,2023-08-03,2024-12-16,London,Education,Standard,Annual,Sales-led,96.36,16,421.8,12,4,0,7.1,2,Manager requested renewal details and training resources.,,,,0,8,3,15,growing,35.15,0.22844950213371265,0.25,0,0,57,0,0,0.0,32,11.600000000000001
CUST-1232,2023-04-30,2024-12-15,North West,Retail,Standard,Annual,Sales-led,105.78,20,124.2,5,0,0,3.6,12,Customer happy with product but needs integration advice.,,,,0,4,2,16,established,24.84,0.8516908212560387,0.0,0,0,57,0,0,0.0,335,0.0
CUST-1233,2021-07-10,2024-12-08,South West,Retail,Premium,Monthly,Partner,181.05,41,220.0,4,2,1,9.1,5,Low usage noted in recent month; customer did not attend webinar.,,,,0,7,3,23,long_term,55.0,0.8229545454545455,0.04878048780487805,0,0,65,0,0,0.024390243902439025,121,1.8000000000000007
CUST-1234,2022-12-02,2024-12-27,Scotland,Professional Services,Basic,Monthly,Self-serve,39.66,24,177.5,3,1,1,7.1,10,Healthy adoption in team; users asked for reporting improvements.,price,2025-01-14,none,1,12,4,4,established,59.166666666666664,0.22343661971830983,0.041666666666666664,0,0,65,0,0,0.041666666666666664,274,2.9000000000000004
CUST-1235,2021-08-22,2024-12-30,South West,Technology,Premium,Annual,Self-serve,201.2,40,430.6,15,1,0,7.7,2,Customer mentioned price sensitivity and asked about lower plan options.,,,,0,8,3,1,long_term,28.706666666666667,0.4672549930329772,0.025,0,0,72,1,0,0.0,32,2.3
CUST-1236,2023-03-16,2024-12-27,Midlands,Technology,Enterprise,Annual,Self-serve,344.78,21,304.4,14,4,0,6.8,11,Low usage noted in recent month; customer did not attend webinar.,,,,0,3,1,4,established,21.74285714285714,1.1326544021024967,0.19047619047619047,0,0,65,0,0,0.0,305,12.8
CUST-1237,2023-03-28,2024-12-24,North West,Public Sector,Premium,Monthly,Sales-led,188.31,21,190.4,6,5,1,6.0,10,Invoice query raised; finance contact requested clarification.,competitor,2025-02-01,success_call,1,3,1,7,established,31.733333333333334,0.9890231092436974,0.23809523809523808,0,0,62,1,0,0.047619047619047616,274,20.0
CUST-1238,2023-09-26,2024-12-23,Midlands,Education,Standard,Monthly,Partner,69.98,15,199.0,5,3,1,9.1,9,Invoice query raised; finance contact requested clarification.,,,,0,9,3,8,growing,39.8,0.35165829145728644,0.2,0,0,62,1,0,0.06666666666666667,244,2.700000000000001
CUST-1239,2022-05-08,2024-12-30,London,Education,Premium,Monthly,Sales-led,194.32,31,120.4,5,2,1,7.4,3,Support issue around onboarding and admin setup.,support,2025-01-14,none,1,5,2,1,established,24.080000000000002,1.613953488372093,0.06451612903225806,0,0,48,0,1,0.03225806451612903,60,5.199999999999999
CUST-1240,2021-11-24,2024-12-27,London,Education,Standard,Annual,Sales-led,116.63,37,126.9,0,3,0,9.2,3,Invoice query raised; finance contact requested clarification.,,,,0,11,4,4,long_term,,0.9190701339637509,0.08108108108108109,0,0,62,1,0,0.0,60,2.400000000000002
CUST-1241,2020-08-29,2024-12-29,Midlands,Education,Premium,Annual,Sales-led,179.36,52,217.8,10,6,0,7.6,7,Support issue around onboarding and admin setup.,,,,0,8,3,2,long_term,21.78,0.8235078053259872,0.11538461538461539,0,0,48,0,1,0.0,182,14.400000000000002
CUST-1242,2022-07-20,2024-12-24,Midlands,Healthcare,Premium,Annual,Sales-led,185.71,29,64.1,7,1,0,7.0,12,Low usage noted in recent month; customer did not attend webinar.,low_usage,2025-01-15,discount,1,7,3,7,established,9.157142857142857,2.8971918876755076,0.034482758620689655,0,0,65,0,0,0.0,335,3.0
CUST-1243,2022-04-06,2024-12-28,South East,Professional Services,Premium,Annual,Sales-led,185.7,32,175.1,7,3,0,6.9,2,Support issue around onboarding and admin setup.,,,,0,4,2,3,established,25.014285714285712,1.0605368360936607,0.09375,0,0,48,0,1,0.0,32,9.299999999999999
CUST-1244,2022-01-21,2024-12-29,Scotland,Professional Services,Standard,Annual,Self-serve,91.29,35,170.9,6,1,0,8.8,1,Low usage noted in recent month; customer did not attend webinar.,,,,0,1,1,2,established,28.483333333333334,0.5341720304271504,0.02857142857142857,0,0,65,0,0,0.0,1,1.1999999999999993
CUST-1245,2022-09-14,2024-12-25,Scotland,Technology,Basic,Annual,Sales-led,55.57,27,394.2,17,1,0,10.0,7,Low usage noted in recent month; customer did not attend webinar.,,,,0,9,3,6,established,23.188235294117646,0.14096905124302386,0.037037037037037035,0,0,65,0,0,0.0,182,0.0
CUST-1246,2023-05-27,2024-12-28,Northern Ireland,Education,Basic,Monthly,Sales-led,39.3,19,258.1,2,1,3,8.7,7,Customer happy with product but needs integration advice.,,,,0,5,2,3,established,129.05,0.15226656334753969,0.05263157894736842,0,0,57,0,0,0.15789473684210525,182,1.3000000000000007
CUST-1247,2020-08-05,2024-12-31,Scotland,Technology,Standard,Annual,Self-serve,91.69,52,273.5,13,3,0,7.5,11,Manager requested renewal details and training resources.,,,,0,8,3,0,long_term,21.03846153846154,0.3352468007312614,0.057692307692307696,0,0,57,0,0,0.0,305,7.5
CUST-1248,2021-09-21,2024-12-18,North West,Professional Services,Standard,Monthly,Sales-led,112.52,39,289.5,24,1,1,8.3,7,Low usage noted in recent month; customer did not attend webinar.,,,,0,9,3,13,long_term,12.0625,0.38867012089810016,0.02564102564102564,0,0,65,0,0,0.02564102564102564,182,1.6999999999999993
CUST-1249,2022-11-20,2024-12-30,South East,Education,Standard,Monthly,Partner,110.7,25,109.0,4,3,1,7.7,1,Customer happy with product but needs integration advice.,,,,0,11,4,1,established,27.25,1.0155963302752293,0.12,1,0,57,0,0,0.04,1,6.8999999999999995
CUST-1250,2023-04-11,2024-12-31,North West,Retail,Standard,Annual,Renewal upgrade,90.52,20,233.6,9,1,1,7.3,5,Manager requested renewal details and training resources.,,,,0,4,2,0,established,25.955555555555556,0.3875,0.05,0,0,57,0,0,0.05,121,2.7
CUST-1251,2023-02-10,2024-12-26,Wales,Retail,Premium,Annual,Self-serve,170.2,22,361.9,17,3,0,6.5,6,Low usage noted in recent month; customer did not attend webinar.,competitor,2025-03-21,none,1,2,1,5,established,21.288235294117644,0.47029566178502347,0.13636363636363635,0,0,65,0,0,0.0,152,10.5
CUST-1252,2023-03-13,2024-12-29,Northern Ireland,Professional Services,Enterprise,Annual,Renewal upgrade,341.25,21,171.3,13,3,0,6.2,9,Customer mentioned price sensitivity and asked about lower plan options.,,,,0,3,1,2,established,13.176923076923078,1.9921190893169876,0.14285714285714285,0,0,72,1,0,0.0,244,11.399999999999999
CUST-1253,2023-06-02,2024-12-31,North West,Professional Services,Basic,Monthly,Sales-led,57.79,18,60.6,6,0,0,7.4,8,Invoice query raised; finance contact requested clarification.,business_closed,2025-02-20,success_call,1,6,2,0,growing,10.1,0.9536303630363036,0.0,0,0,62,1,0,0.0,213,0.0
CUST-1254,2023-11-05,2024-12-28,South East,Technology,Premium,Annual,Sales-led,167.0,13,297.9,3,4,0,8.7,1,Healthy adoption in team; users asked for reporting improvements.,,,,0,11,4,3,growing,99.3,0.5605908022826452,0.3076923076923077,0,0,65,0,0,0.0,1,5.200000000000003
CUST-1255,2022-06-06,2024-12-28,South East,Retail,Premium,Monthly,Partner,183.28,30,99.3,6,1,1,9.2,11,Invoice query raised; finance contact requested clarification.,,,,0,6,2,3,established,16.55,1.8457200402819738,0.03333333333333333,0,0,62,1,0,0.03333333333333333,305,0.8000000000000007
CUST-1256,2020-12-29,2024-11-30,Midlands,Manufacturing,Standard,Monthly,Partner,107.96,48,247.2,20,3,1,5.4,8,Invoice query raised; finance contact requested clarification.,low_usage,2025-01-10,none,1,12,4,31,long_term,12.36,0.4367313915857605,0.0625,0,1,62,1,0,0.020833333333333332,213,13.799999999999999
CUST-1257,2022-04-02,2024-12-14,Midlands,Healthcare,Basic,Monthly,Partner,47.94,32,240.5,12,1,1,7.0,11,Multiple support contacts; wants faster response time.,,,,0,4,2,17,established,20.041666666666668,0.19933471933471933,0.03125,0,0,54,0,1,0.03125,305,3.0
CUST-1258,2022-11-02,2024-12-23,London,Healthcare,Premium,Annual,Sales-led,191.12,25,148.6,1,1,0,7.3,9,Customer mentioned price sensitivity and asked about lower plan options.,,,,0,11,4,8,established,148.6,1.2861372812920593,0.04,0,0,72,1,0,0.0,244,2.7
CUST-1259,2020-05-27,2024-12-25,London,Education,Enterprise,Monthly,Partner,345.35,55,157.3,7,2,1,8.5,5,Healthy adoption in team; users asked for reporting improvements.,,,,0,5,2,6,long_term,22.47142857142857,2.195486331849968,0.03636363636363636,0,0,65,0,0,0.01818181818181818,121,3.0
CUST-1260,2023-01-10,2024-12-16,Scotland,Retail,Premium,Annual,Self-serve,176.43,23,420.7,12,3,0,7.6,2,Customer mentioned price sensitivity and asked about lower plan options.,,,,0,1,1,15,established,35.05833333333333,0.4193724744473497,0.13043478260869565,0,0,72,1,0,0.0,32,7.200000000000001
CUST-1261,2022-03-05,2024-12-19,London,Technology,Enterprise,Monthly,Sales-led,337.27,33,,15,1,1,7.3,12,Manager requested renewal details and training resources.,,,,0,3,1,12,established,,,0.030303030303030304,0,0,57,0,0,0.030303030303030304,335,2.7
CUST-1262,2023-09-28,2024-12-27,Midlands,Public Sector,Enterprise,Monthly,Sales-led,361.21,15,398.4,12,7,2,4.5,11,Multiple support contacts; wants faster response time.,,,,0,9,3,4,growing,33.199999999999996,0.9066516064257029,0.4666666666666667,0,1,54,0,1,0.13333333333333333,305,38.5
CUST-1263,2020-11-05,2024-12-15,South East,Public Sector,Standard,Annual,Renewal upgrade,89.8,49,193.0,8,3,0,,4,Invoice query raised; finance contact requested clarification.,,,,0,11,4,16,long_term,24.125,0.46528497409326425,0.061224489795918366,0,0,62,1,0,0.0,91,15.0
CUST-1264,2023-08-17,2024-12-22,London,Healthcare,Standard,Monthly,Sales-led,103.2,16,173.4,4,4,0,7.0,1,Customer happy with product but needs integration advice.,price,2025-01-15,success_call,1,8,3,9,growing,43.35,0.5951557093425606,0.25,0,0,57,0,0,0.0,1,12.0
CUST-1265,2021-10-16,2024-12-02,South West,Professional Services,Standard,Annual,Partner,98.14,38,223.1,7,0,0,,7,Invoice query raised; finance contact requested clarification.,,,,0,10,4,29,long_term,31.87142857142857,0.43989242492155983,0.0,0,0,62,1,0,0.0,182,0.0
CUST-1266,2022-04-17,2024-12-24,London,Technology,Enterprise,Annual,Self-serve,336.37,32,637.8,30,4,0,8.7,8,Customer mentioned price sensitivity and asked about lower plan options.,,,,0,4,2,7,established,21.259999999999998,0.5273910316713704,0.125,0,0,72,1,0,0.0,213,5.200000000000003
CUST-1267,2022-08-21,2024-12-16,South East,Healthcare,Basic,Monthly,Partner,41.69,28,212.8,9,1,0,9.8,7,Invoice query raised; finance contact requested clarification.,,,,0,8,3,15,established,23.644444444444446,0.19591165413533831,0.03571428571428571,0,0,62,1,0,0.0,182,0.1999999999999993
CUST-1268,2022-04-25,2024-12-03,London,Professional Services,Standard,Annual,Partner,115.59,32,149.5,4,0,0,6.6,9,Support issue around onboarding and admin setup.,,,,0,4,2,28,established,37.375,0.7731772575250836,0.0,0,0,48,0,1,0.0,244,0.0
CUST-1269,2023-08-12,2024-12-10,London,Healthcare,Premium,Annual,Renewal upgrade,181.42,16,278.6,7,4,0,6.4,6,Customer happy with product but needs integration advice.,,,,0,8,3,21,growing,39.800000000000004,0.6511844938980617,0.25,0,0,57,0,0,0.0,152,14.399999999999999
CUST-1270,2020-09-01,2024-12-17,London,Public Sector,Standard,Annual,Sales-led,86.89,51,186.0,0,0,0,10.0,9,Invoice query raised; finance contact requested clarification.,,,,0,9,3,14,long_term,,0.4671505376344086,0.0,0,0,62,1,0,0.0,244,0.0
CUST-1271,2022-12-01,2024-12-19,London,Manufacturing,Premium,Annual,Sales-led,182.66,25,193.0,3,0,0,8.4,7,Customer happy with product but needs integration advice.,,,,0,12,4,12,established,64.33333333333333,0.9464248704663212,0.0,0,0,57,0,0,0.0,182,0.0
CUST-1272,2023-11-24,2024-12-23,London,Public Sector,Standard,Annual,Self-serve,97.25,13,282.2,12,3,1,,1,Manager requested renewal details and training resources.,,,,0,11,4,8,growing,23.516666666666666,0.3446137491141035,0.23076923076923078,0,0,57,0,0,0.07692307692307693,1,15.0
CUST-1273,2020-11-17,2024-12-23,London,Public Sector,Enterprise,Annual,Self-serve,390.45,49,342.6,18,4,1,8.1,8,Low usage noted in recent month; customer did not attend webinar.,,,,0,11,4,8,long_term,19.033333333333335,1.1396672504378282,0.08163265306122448,0,0,65,0,0,0.02040816326530612,213,7.600000000000001
CUST-1274,2021-01-07,2024-12-30,Scotland,Retail,Premium,Monthly,Sales-led,182.42,47,129.2,3,2,0,7.5,7,Manager requested renewal details and training resources.,,,,0,1,1,1,long_term,43.06666666666666,1.411919504643963,0.0425531914893617,0,0,57,0,0,0.0,182,5.0
CUST-1275,2021-11-24,2024-12-25,Wales,Technology,Standard,Annual,Sales-led,94.43,37,223.3,15,4,0,6.9,4,Customer happy with product but needs integration advice.,,,,0,11,4,6,long_term,14.886666666666667,0.42288401253918495,0.10810810810810811,0,0,57,0,0,0.0,91,12.399999999999999
CUST-1276,2022-11-24,2024-12-26,North West,Healthcare,Premium,Annual,Sales-led,196.04,25,189.8,5,2,1,8.7,5,Manager requested renewal details and training resources.,,,,0,11,4,5,established,37.96,1.032876712328767,0.08,0,0,57,0,0,0.04,121,2.6000000000000014
CUST-1277,2023-11-01,2024-12-26,South East,Manufacturing,Standard,Annual,Sales-led,76.91,13,273.3,10,3,1,9.2,3,Manager requested renewal details and training resources.,,,,0,11,4,5,growing,27.330000000000002,0.28141236736187336,0.23076923076923078,0,0,57,0,0,0.07692307692307693,60,2.400000000000002
CUST-1278,2023-03-07,2024-12-31,North West,Professional Services,Standard,Annual,Sales-led,100.13,21,161.1,2,2,0,9.3,7,Healthy adoption in team; users asked for reporting improvements.,,,,0,3,1,0,established,80.55,0.6215394165114836,0.09523809523809523,0,0,65,0,0,0.0,182,1.3999999999999986
CUST-1279,2023-03-05,2024-12-28,Northern Ireland,Technology,Standard,Monthly,Renewal upgrade,122.93,21,173.9,11,2,0,5.9,3,Manager requested renewal details and training resources.,competitor,2025-03-12,success_call,1,3,1,3,established,15.80909090909091,0.7069005175388154,0.09523809523809523,0,1,57,0,0,0.0,60,8.2
CUST-1280,2021-10-06,2024-12-21,Northern Ireland,Retail,Premium,Annual,Sales-led,177.61,38,195.8,16,1,0,10.0,2,Customer happy with product but needs integration advice.,,,,0,10,4,10,long_term,12.2375,0.9070990806945863,0.02631578947368421,0,0,57,0,0,0.0,32,0.0
CUST-1281,2022-07-31,2024-12-27,London,Professional Services,Basic,Annual,Renewal upgrade,28.2,29,58.9,0,2,0,6.7,1,Invoice query raised; finance contact requested clarification.,business_closed,2025-01-02,discount,1,7,3,4,established,,0.47877758913412566,0.06896551724137931,0,0,62,1,0,0.0,1,6.6
CUST-1282,2020-11-04,2024-12-24,London,Healthcare,Basic,Monthly,Renewal upgrade,44.25,49,298.5,11,1,1,7.0,8,Customer mentioned price sensitivity and asked about lower plan options.,,,,0,11,4,7,long_term,27.136363636363637,0.14824120603015076,0.02040816326530612,0,0,72,1,0,0.02040816326530612,213,3.0
CUST-1283,2021-11-07,2024-12-29,South East,Professional Services,Premium,Monthly,Sales-led,196.45,37,220.6,14,1,1,7.5,2,Healthy adoption in team; users asked for reporting improvements.,,,,0,11,4,2,long_term,15.757142857142856,0.8905258386219401,0.02702702702702703,0,0,65,0,0,0.02702702702702703,32,2.5
CUST-1284,2020-10-02,2024-12-29,South East,Professional Services,Standard,Annual,Partner,103.51,50,468.8,13,2,0,10.0,6,Low usage noted in recent month; customer did not attend webinar.,,,,0,10,4,2,long_term,36.06153846153846,0.22079778156996588,0.04,0,0,65,0,0,0.0,152,0.0
CUST-1285,2020-02-09,2024-12-31,Scotland,Manufacturing,Standard,Monthly,Self-serve,88.93,58,196.3,10,4,0,8.1,1,Customer happy with product but needs integration advice.,,,,0,2,1,0,long_term,19.630000000000003,0.4530310748853795,0.06896551724137931,0,0,57,0,0,0.0,1,7.600000000000001
CUST-1286,2023-06-04,2024-12-21,North West,Healthcare,Basic,Annual,Partner,40.78,18,230.7,14,2,1,7.2,4,Healthy adoption in team; users asked for reporting improvements.,,,,0,6,2,10,growing,16.478571428571428,0.17676636324230605,0.1111111111111111,0,0,65,0,0,0.05555555555555555,91,5.6
CUST-1287,2023-03-20,2024-12-31,London,Technology,Standard,Monthly,Sales-led,92.28,21,133.8,6,2,1,8.4,4,Support issue around onboarding and admin setup.,,,,0,3,1,0,established,22.3,0.6896860986547084,0.09523809523809523,0,0,48,0,1,0.047619047619047616,91,3.1999999999999993
CUST-1288,2022-01-15,2024-12-29,South East,Retail,Premium,Monthly,Sales-led,183.33,35,156.0,8,2,0,7.8,6,Customer mentioned price sensitivity and asked about lower plan options.,competitor,2025-03-26,success_call,1,1,1,2,established,19.5,1.1751923076923079,0.05714285714285714,0,0,72,1,0,0.0,152,4.4
CUST-1289,2020-01-22,2024-12-30,Scotland,Public Sector,Basic,Annual,Sales-led,65.06,59,161.8,14,1,0,7.0,2,Customer mentioned price sensitivity and asked about lower plan options.,,,,0,1,1,1,long_term,11.557142857142859,0.40210135970333744,0.01694915254237288,0,0,72,1,0,0.0,32,3.0
CUST-1290,2020-05-11,2024-12-26,London,Healthcare,Standard,Annual,Self-serve,111.63,55,466.7,26,1,0,8.1,1,Healthy adoption in team; users asked for reporting improvements.,,,,0,5,2,5,long_term,17.95,0.2391900578530105,0.01818181818181818,0,0,65,0,0,0.0,1,1.9000000000000004
CUST-1291,2020-06-12,2024-12-29,Northern Ireland,Manufacturing,Enterprise,Annual,Renewal upgrade,354.47,54,179.0,7,3,0,8.1,10,Customer happy with product but needs integration advice.,,,,0,6,2,2,long_term,25.571428571428573,1.9802793296089387,0.05555555555555555,0,0,57,0,0,0.0,274,5.700000000000001
CUST-1292,2022-11-12,2024-12-14,London,Education,Basic,Annual,Partner,33.02,25,50.3,0,2,1,6.7,10,,competitor,2025-01-18,none,1,11,4,17,established,,0.6564612326043738,0.08,0,0,0,0,0,0.04,274,6.6
CUST-1293,2020-10-24,2024-12-27,South West,Education,Premium,Annual,Partner,163.06,50,415.9,13,2,0,6.6,1,Manager requested renewal details and training resources.,,,,0,10,4,4,long_term,31.99230769230769,0.3920654003366194,0.04,0,0,57,0,0,0.0,1,6.800000000000001
CUST-1294,2020-12-31,2024-12-27,London,Technology,Basic,Annual,Renewal upgrade,55.4,47,237.8,13,1,0,9.5,11,Healthy adoption in team; users asked for reporting improvements.,,,,0,12,4,4,long_term,18.292307692307695,0.23296888141295205,0.02127659574468085,0,0,65,0,0,0.0,305,0.5
CUST-1295,2023-06-11,2024-12-25,Northern Ireland,Healthcare,Premium,Annual,Partner,162.85,18,201.8,3,2,1,6.7,11,Multiple support contacts; wants faster response time.,competitor,2025-02-01,none,1,6,2,6,growing,67.26666666666667,0.8069871159563924,0.1111111111111111,0,0,54,0,1,0.05555555555555555,305,6.6
CUST-1296,2023-07-03,2024-12-25,South West,Professional Services,Premium,Annual,Sales-led,176.29,17,639.7,25,2,0,10.0,7,Support issue around onboarding and admin setup.,,,,0,7,3,6,growing,25.588,0.2755823042050961,0.11764705882352941,0,0,48,0,1,0.0,182,0.0
CUST-1297,2023-01-19,2024-12-31,South West,Manufacturing,Premium,Annual,Renewal upgrade,182.65,23,653.5,27,3,0,7.3,4,Healthy adoption in team; users asked for reporting improvements.,,,,0,1,1,0,established,24.203703703703702,0.27949502677888294,0.13043478260869565,0,0,65,0,0,0.0,91,8.100000000000001
CUST-1298,2021-03-27,2024-12-14,Midlands,Public Sector,Basic,Monthly,Self-serve,35.35,45,48.6,0,1,1,6.8,7,Healthy adoption in team; users asked for reporting improvements.,competitor,2025-02-04,success_call,1,3,1,17,long_term,,0.727366255144033,0.022222222222222223,0,0,65,0,0,0.022222222222222223,182,3.2
CUST-1299,2022-04-26,2024-12-26,Midlands,Professional Services,Standard,Monthly,Sales-led,86.71,32,132.1,6,3,0,6.2,9,Support issue around onboarding and admin setup.,price,2025-01-17,none,1,4,2,5,established,22.016666666666666,0.6563966691900075,0.09375,0,0,48,0,1,0.0,244,11.399999999999999
CUST-1300,2020-10-19,2024-12-16,Wales,Healthcare,Premium,Annual,Self-serve,177.87,50,247.2,20,0,0,7.0,10,Customer happy with product but needs integration advice.,,,,0,10,4,15,long_term,12.36,0.7195388349514563,0.0,0,0,57,0,0,0.0,274,0.0
CUST-1301,2023-06-06,2024-12-17,Midlands,Technology,Basic,Annual,Renewal upgrade,55.04,18,202.1,8,0,0,7.6,3,Manager requested renewal details and training resources.,,,,0,6,2,14,growing,25.2625,0.2723404255319149,0.0,0,0,57,0,0,0.0,60,0.0
CUST-1302,2020-05-03,2024-12-26,London,Public Sector,Basic,Annual,Sales-led,61.74,55,187.1,6,2,1,10.0,3,Manager requested renewal details and training resources.,,,,0,5,2,5,long_term,31.183333333333334,0.3299839657936932,0.03636363636363636,0,0,57,0,0,0.01818181818181818,60,0.0
CUST-1303,2022-12-22,2024-12-23,Scotland,Technology,Basic,Monthly,Self-serve,56.28,24,143.6,10,0,5,6.5,7,Support issue around onboarding and admin setup.,support,2025-01-11,none,1,12,4,8,established,14.36,0.3919220055710307,0.0,0,0,48,0,1,0.20833333333333334,182,0.0
CUST-1304,2022-01-16,2024-12-31,North West,Education,Enterprise,Annual,Sales-led,349.88,35,164.0,8,3,2,5.5,11,Multiple support contacts; wants faster response time.,support,2025-02-27,discount,1,1,1,0,established,20.5,2.1334146341463414,0.08571428571428572,0,0,54,0,1,0.05714285714285714,305,13.5
CUST-1305,2023-01-10,2024-12-31,Northern Ireland,Manufacturing,Premium,Monthly,Sales-led,170.05,23,284.6,17,0,0,5.9,9,Customer happy with product but needs integration advice.,,,,0,1,1,0,established,16.741176470588236,0.5975052705551651,0.0,0,1,57,0,0,0.0,244,0.0
CUST-1306,2021-10-20,2024-12-29,North West,Retail,Standard,Annual,Sales-led,86.15,38,294.7,12,1,0,5.8,7,Customer happy with product but needs integration advice.,,,,0,10,4,2,long_term,24.558333333333334,0.2923311842551748,0.02631578947368421,0,0,57,0,0,0.0,182,4.2
CUST-1307,2020-08-18,2024-12-23,North West,Technology,Premium,Annual,Partner,172.87,52,401.4,15,1,0,8.1,7,Manager requested renewal details and training resources.,,,,0,8,3,8,long_term,26.759999999999998,0.43066766317887395,0.019230769230769232,0,0,57,0,0,0.0,182,1.9000000000000004
CUST-1308,2023-01-01,2024-12-26,Wales,Healthcare,Standard,Annual,Renewal upgrade,103.92,23,111.9,0,5,0,5.7,1,Low usage noted in recent month; customer did not attend webinar.,low_usage,2025-02-24,success_call,1,1,1,5,established,,0.928686327077748,0.21739130434782608,1,0,65,0,0,0.0,1,21.5
CUST-1309,2022-07-10,2024-12-14,South East,Public Sector,Standard,Annual,Sales-led,103.04,29,197.3,1,2,0,7.5,2,Multiple support contacts; wants faster response time.,,,,0,7,3,17,established,197.3,0.522250380131779,0.06896551724137931,0,0,54,0,1,0.0,32,5.0
CUST-1310,2021-11-09,2024-12-26,London,Healthcare,Standard,Monthly,Sales-led,73.8,37,147.6,0,1,0,4.4,5,Customer happy with product but needs integration advice.,price,2025-01-08,success_call,1,11,4,5,long_term,,0.5,0.02702702702702703,0,1,57,0,0,0.0,121,5.6
CUST-1311,2021-06-28,2024-12-29,North West,Education,Standard,Monthly,Sales-led,89.57,42,95.6,5,2,1,6.9,2,Invoice query raised; finance contact requested clarification.,,,,0,6,2,2,long_term,19.119999999999997,0.9369246861924686,0.047619047619047616,0,0,62,1,0,0.023809523809523808,32,6.199999999999999
CUST-1312,2021-05-16,2024-12-23,North West,Manufacturing,Basic,Annual,Sales-led,63.45,43,146.8,0,2,1,8.8,2,Customer mentioned price sensitivity and asked about lower plan options.,price,2025-02-16,success_call,1,5,2,8,long_term,,0.4322207084468665,0.046511627906976744,0,0,72,1,0,0.023255813953488372,32,2.3999999999999986
CUST-1313,2021-12-03,2024-12-29,South East,Education,Premium,Annual,Self-serve,179.95,36,143.7,11,1,0,10.0,12,Invoice query raised; finance contact requested clarification.,,,,0,12,4,2,established,13.063636363636363,1.2522616562282534,0.027777777777777776,0,0,62,1,0,0.0,335,0.0
CUST-1314,2021-01-17,2024-12-26,South East,Technology,Premium,Monthly,Partner,162.0,47,99.6,4,2,0,4.6,10,Multiple support contacts; wants faster response time.,price,2025-01-22,discount,1,1,1,5,long_term,24.9,1.6265060240963856,0.0425531914893617,0,1,54,0,1,0.0,274,10.8
CUST-1315,2021-02-16,2024-12-16,South East,Healthcare,Standard,Monthly,Self-serve,127.27,46,275.6,10,2,2,6.2,2,Customer happy with product but needs integration advice.,,,,0,2,1,15,long_term,27.560000000000002,0.4617924528301886,0.043478260869565216,0,0,57,0,0,0.043478260869565216,32,7.6
CUST-1316,2021-02-10,2024-12-11,South East,Manufacturing,Standard,Monthly,Self-serve,98.65,46,151.1,3,4,0,5.8,11,Multiple support contacts; wants faster response time.,,,,0,2,1,20,long_term,50.36666666666667,0.6528788881535408,0.08695652173913043,0,1,54,0,1,0.0,305,16.8
CUST-1317,2020-01-19,2024-12-31,South East,Healthcare,Basic,Monthly,Self-serve,53.61,59,96.5,6,3,0,7.4,1,Low usage noted in recent month; customer did not attend webinar.,,,,0,1,1,0,long_term,16.083333333333332,0.5555440414507772,0.05084745762711865,1,0,65,0,0,0.0,1,7.799999999999999
CUST-1318,2023-09-16,2024-12-22,Wales,Healthcare,Enterprise,Monthly,Sales-led,353.79,15,456.2,15,6,0,6.0,7,Support issue around onboarding and admin setup.,,,,0,9,3,9,growing,30.413333333333334,0.7755151249451996,0.4,0,0,48,0,1,0.0,182,24.0
CUST-1319,2020-12-11,2024-12-15,South East,Healthcare,Enterprise,Monthly,Sales-led,344.59,48,348.7,10,2,1,10.0,11,Low usage noted in recent month; customer did not attend webinar.,,,,0,12,4,16,long_term,34.87,0.9882133639231431,0.041666666666666664,0,0,65,0,0,0.020833333333333332,305,0.0
CUST-1320,2020-08-29,2024-12-31,South West,Professional Services,Enterprise,Annual,Renewal upgrade,340.27,52,84.5,8,5,0,6.7,11,Customer happy with product but needs integration advice.,,,,0,8,3,0,long_term,10.5625,4.026863905325444,0.09615384615384616,1,0,57,0,0,0.0,305,16.5
CUST-1321,2020-08-08,2024-12-26,South West,Professional Services,Standard,Monthly,Partner,124.46,52,233.5,11,1,0,8.0,8,Healthy adoption in team; users asked for reporting improvements.,,,,0,8,3,5,long_term,21.227272727272727,0.5330192719486081,0.019230769230769232,0,0,65,0,0,0.0,213,2.0
CUST-1322,2023-12-13,2024-12-30,North West,Manufacturing,Basic,Monthly,Renewal upgrade,61.04,12,174.7,6,0,0,10.0,5,Healthy adoption in team; users asked for reporting improvements.,support,2025-03-30,discount,1,12,4,1,growing,29.116666666666664,0.34939896966227824,0.0,0,0,65,0,0,0.0,121,0.0
CUST-1323,2021-11-27,2024-12-27,South East,Manufacturing,Basic,Monthly,Renewal upgrade,58.86,37,124.0,8,2,0,7.5,9,Support issue around onboarding and admin setup.,business_closed,2025-03-19,none,1,11,4,4,long_term,15.5,0.4746774193548387,0.05405405405405406,0,0,48,0,1,0.0,244,5.0
CUST-1324,2021-04-22,2024-12-08,Scotland,Manufacturing,Basic,Monthly,Self-serve,55.92,44,121.5,5,0,0,8.6,9,Low usage noted in recent month; customer did not attend webinar.,low_usage,2025-02-10,discount,1,4,2,23,long_term,24.3,0.46024691358024694,0.0,0,0,65,0,0,0.0,244,0.0
CUST-1325,2021-08-12,2024-12-29,Northern Ireland,Professional Services,Basic,Annual,Renewal upgrade,36.96,40,63.1,4,0,0,6.6,2,Healthy adoption in team; users asked for reporting improvements.,,,,0,8,3,2,long_term,15.775,0.5857369255150555,0.0,0,0,65,0,0,0.0,32,0.0
CUST-1326,2020-05-09,2024-12-26,Wales,Retail,Basic,Monthly,Self-serve,64.33,55,358.2,11,2,0,,2,Invoice query raised; finance contact requested clarification.,,,,0,5,2,5,long_term,32.56363636363636,0.1795924064768286,0.03636363636363636,0,0,62,1,0,0.0,32,10.0
CUST-1327,2021-04-02,2024-12-18,Midlands,Retail,Enterprise,Annual,Sales-led,338.88,44,263.7,19,2,0,7.1,11,Customer mentioned price sensitivity and asked about lower plan options.,,,,0,4,2,13,long_term,13.878947368421052,1.2850967007963596,0.045454545454545456,0,0,72,1,0,0.0,305,5.800000000000001
CUST-1328,2020-12-29,2024-12-28,Scotland,Public Sector,Basic,Annual,Sales-led,52.4,48,,6,0,1,10.0,9,Multiple support contacts; wants faster response time.,,,,0,12,4,3,long_term,,,0.0,0,0,54,0,1,0.020833333333333332,244,0.0
CUST-1329,2023-03-18,2024-12-30,Wales,Technology,Basic,Monthly,Sales-led,29.33,21,130.2,11,2,0,8.5,4,Customer happy with product but needs integration advice.,,,,0,3,1,1,established,11.836363636363636,0.2252688172043011,0.09523809523809523,0,0,57,0,0,0.0,91,3.0
CUST-1330,2020-03-26,2024-12-22,South East,Retail,Premium,Annual,Sales-led,154.51,57,172.9,6,3,0,7.9,2,Support issue around onboarding and admin setup.,,,,0,3,1,9,long_term,28.816666666666666,0.893637941006362,0.05263157894736842,0,0,48,0,1,0.0,32,6.299999999999999
CUST-1331,2021-09-13,2024-12-27,Midlands,Manufacturing,Standard,Annual,Self-serve,102.82,39,,16,3,0,6.6,2,Support issue around onboarding and admin setup.,,,,0,9,3,4,long_term,,,0.07692307692307693,0,0,48,0,1,0.0,32,10.200000000000001
CUST-1332,2023-02-27,2024-12-24,London,Professional Services,Premium,Monthly,Partner,169.29,22,236.9,12,1,2,8.9,12,Customer happy with product but needs integration advice.,price,2025-02-24,success_call,1,2,1,7,established,19.741666666666667,0.7146053186998733,0.045454545454545456,0,0,57,0,0,0.09090909090909091,335,1.0999999999999996
CUST-1333,2023-05-02,2024-12-25,Wales,Retail,Standard,Monthly,Partner,75.13,20,169.4,11,3,1,5.0,9,Customer mentioned price sensitivity and asked about lower plan options.,business_closed,2025-01-28,discount,1,5,2,6,established,15.4,0.44350649350649346,0.15,0,1,72,1,0,0.05,244,15.0
CUST-1334,2022-01-18,2024-12-31,Northern Ireland,Professional Services,Premium,Annual,Self-serve,185.49,35,300.9,9,0,1,6.0,9,Customer happy with product but needs integration advice.,,,,0,1,1,0,established,33.43333333333333,0.6164506480558326,0.0,0,0,57,0,0,0.02857142857142857,244,0.0
CUST-1335,2020-11-20,2024-12-06,London,Retail,Standard,Annual,Sales-led,124.44,49,210.8,13,2,0,7.0,7,Low usage noted in recent month; customer did not attend webinar.,,,,0,11,4,25,long_term,16.215384615384615,0.5903225806451613,0.04081632653061224,0,0,65,0,0,0.0,182,6.0
CUST-1336,2021-05-07,2024-12-26,Scotland,Manufacturing,Standard,Annual,Partner,115.67,43,484.7,27,2,0,10.0,7,Healthy adoption in team; users asked for reporting improvements.,,,,0,5,2,5,long_term,17.951851851851853,0.23864245925314628,0.046511627906976744,0,0,65,0,0,0.0,182,0.0
CUST-1337,2020-11-20,2024-12-29,London,Technology,Premium,Annual,Self-serve,175.91,49,374.7,14,3,0,10.0,5,Multiple support contacts; wants faster response time.,,,,0,11,4,2,long_term,26.764285714285712,0.4694689084601014,0.061224489795918366,0,0,54,0,1,0.0,121,0.0
CUST-1338,2022-08-24,2024-12-26,Midlands,Retail,Standard,Monthly,Sales-led,99.11,28,244.6,10,0,0,7.8,4,Customer happy with product but needs integration advice.,,,,0,8,3,5,established,24.46,0.40519215044971385,0.0,0,0,57,0,0,0.0,91,0.0
CUST-1339,2021-03-03,2024-12-29,London,Education,Standard,Annual,Sales-led,109.65,45,90.3,2,1,1,6.2,2,Healthy adoption in team; users asked for reporting improvements.,,,,0,3,1,2,long_term,45.15,1.2142857142857144,0.022222222222222223,0,0,65,0,0,0.022222222222222223,32,3.8
CUST-1340,2022-07-09,2024-12-26,South West,Manufacturing,Standard,Monthly,Sales-led,112.47,29,248.8,9,1,2,5.1,6,Customer happy with product but needs integration advice.,,,,0,7,3,5,established,27.644444444444446,0.4520498392282958,0.034482758620689655,0,1,57,0,0,0.06896551724137931,152,4.9
CUST-1341,2022-08-15,2024-12-24,London,Technology,Basic,Monthly,Sales-led,44.88,28,184.3,14,6,0,6.9,1,Manager requested renewal details and training resources.,,,,0,8,3,7,established,13.164285714285715,0.24351600651112318,0.21428571428571427,0,0,57,0,0,0.0,1,18.599999999999998
CUST-1342,2023-10-04,2024-12-31,South West,Manufacturing,Premium,Annual,Partner,179.41,14,145.1,2,7,0,6.6,6,Invoice query raised; finance contact requested clarification.,,,,0,10,4,0,growing,72.55,1.2364576154376292,0.5,0,0,62,1,0,0.0,152,23.800000000000004
CUST-1343,2021-06-24,2024-12-12,Midlands,Retail,Basic,Annual,Partner,52.61,42,66.8,0,3,1,7.9,9,Manager requested renewal details and training resources.,,,,0,6,2,19,long_term,,0.7875748502994012,0.07142857142857142,1,0,57,0,0,0.023809523809523808,244,6.299999999999999
CUST-1344,2023-11-04,2024-12-31,Scotland,Manufacturing,Basic,Annual,Partner,55.65,13,239.4,16,1,0,9.6,10,Multiple support contacts; wants faster response time.,,,,0,11,4,0,growing,14.9625,0.2324561403508772,0.07692307692307693,0,0,54,0,1,0.0,274,0.40000000000000036
CUST-1345,2021-08-08,2024-12-30,Midlands,Retail,Basic,Monthly,Sales-led,47.4,40,219.6,11,1,2,7.1,7,,,,,0,8,3,1,long_term,19.963636363636365,0.21584699453551912,0.025,0,0,0,0,0,0.05,182,2.9000000000000004
CUST-1346,2022-09-20,2024-12-07,Midlands,Technology,Premium,Monthly,Partner,177.56,27,156.5,15,2,0,8.5,9,Customer mentioned price sensitivity and asked about lower plan options.,,,,0,9,3,24,established,10.433333333333334,1.1345686900958467,0.07407407407407407,0,0,72,1,0,0.0,244,3.0
CUST-1347,2022-08-23,2024-12-27,South West,Healthcare,Standard,Annual,Partner,115.56,28,153.7,4,3,1,6.0,2,Manager requested renewal details and training resources.,price,2025-02-02,none,1,8,3,4,established,38.425,0.7518542615484711,0.10714285714285714,0,0,57,0,0,0.03571428571428571,32,12.0
CUST-1348,2023-04-09,2024-12-05,South East,Manufacturing,Premium,Annual,Sales-led,193.51,20,271.9,11,7,0,7.6,9,Healthy adoption in team; users asked for reporting improvements.,,,,0,4,2,26,established,24.718181818181815,0.7116954762780434,0.35,0,0,65,0,0,0.0,244,16.800000000000004
CUST-1349,2021-11-15,2024-12-29,Scotland,Professional Services,Premium,Annual,Self-serve,184.73,37,200.9,5,2,0,7.0,9,Manager requested renewal details and training resources.,,,,0,11,4,2,long_term,40.18,0.9195121951219511,0.05405405405405406,0,0,57,0,0,0.0,244,6.0
CUST-1350,2023-03-02,2024-12-25,London,Healthcare,Basic,Annual,Self-serve,69.63,22,65.9,3,2,0,8.0,12,Healthy adoption in team; users asked for reporting improvements.,,,,0,3,1,6,established,21.96666666666667,1.0566009104704095,0.09090909090909091,0,0,65,0,0,0.0,335,4.0
CUST-1351,2021-06-02,2024-12-27,Scotland,Technology,Premium,Monthly,Self-serve,174.36,42,124.5,0,2,0,8.1,9,Low usage noted in recent month; customer did not attend webinar.,,,,0,6,2,4,long_term,,1.4004819277108436,0.047619047619047616,0,0,65,0,0,0.0,244,3.8000000000000007
CUST-1352,2021-12-18,2024-12-27,London,Manufacturing,Standard,Monthly,Sales-led,118.48,36,,12,2,1,7.6,7,Healthy adoption in team; users asked for reporting improvements.,support,2025-02-18,discount,1,12,4,4,established,,,0.05555555555555555,0,0,65,0,0,0.027777777777777776,182,4.800000000000001
CUST-1353,2021-12-30,2024-12-12,Scotland,Healthcare,Basic,Monthly,Self-serve,55.51,36,83.8,5,1,1,8.4,8,Low usage noted in recent month; customer did not attend webinar.,,,,0,12,4,19,established,16.759999999999998,0.6624105011933175,0.027777777777777776,0,0,65,0,0,0.027777777777777776,213,1.5999999999999996
CUST-1354,2022-10-25,2024-12-29,Scotland,Technology,Premium,Monthly,Sales-led,218.25,26,345.2,14,4,1,5.2,4,Manager requested renewal details and training resources.,,,,0,10,4,2,established,24.657142857142855,0.6322421784472769,0.15384615384615385,0,1,57,0,0,0.038461538461538464,91,19.2
CUST-1355,2022-06-21,2024-12-28,North West,Public Sector,Enterprise,Monthly,Sales-led,334.69,30,329.1,12,3,2,5.8,11,Multiple support contacts; wants faster response time.,competitor,2025-02-15,success_call,1,6,2,3,established,27.425,1.0169857186265572,0.1,0,1,54,0,1,0.06666666666666667,305,12.600000000000001
CUST-1356,2020-04-24,2024-12-31,Scotland,Retail,Standard,Annual,Sales-led,90.73,56,263.5,7,3,1,7.0,7,Multiple support contacts; wants faster response time.,,,,0,4,2,0,long_term,37.642857142857146,0.344326375711575,0.05357142857142857,0,0,54,0,1,0.017857142857142856,182,9.0
CUST-1357,2023-03-27,2024-12-17,Midlands,Education,Standard,Monthly,Renewal upgrade,104.03,21,202.0,11,2,0,5.6,8,Low usage noted in recent month; customer did not attend webinar.,,,,0,3,1,14,established,18.363636363636363,0.515,0.09523809523809523,0,1,65,0,0,0.0,213,8.8
CUST-1358,2023-01-11,2024-12-31,Midlands,Education,Standard,Monthly,Sales-led,103.77,23,126.6,0,3,2,5.9,4,Manager requested renewal details and training resources.,,,,0,1,1,0,established,,0.8196682464454976,0.13043478260869565,0,1,57,0,0,0.08695652173913043,91,12.299999999999999
CUST-1359,2020-06-01,2024-12-31,North West,Manufacturing,Standard,Annual,Self-serve,122.4,54,301.6,14,4,0,7.1,10,Customer happy with product but needs integration advice.,,,,0,6,2,0,long_term,21.542857142857144,0.4058355437665782,0.07407407407407407,0,0,57,0,0,0.0,274,11.600000000000001
CUST-1360,2023-11-05,2024-12-29,Scotland,Retail,Standard,Monthly,Sales-led,90.98,13,124.7,13,6,1,8.1,2,Customer happy with product but needs integration advice.,competitor,2025-02-19,none,1,11,4,2,growing,9.592307692307692,0.7295910184442662,0.46153846153846156,0,0,57,0,0,0.07692307692307693,32,11.400000000000002
CUST-1361,2022-08-22,2024-12-21,South West,Retail,Standard,Monthly,Renewal upgrade,109.86,28,308.4,18,3,1,7.8,1,Healthy adoption in team; users asked for reporting improvements.,,,,0,8,3,10,established,17.133333333333333,0.35622568093385215,0.10714285714285714,0,0,65,0,0,0.03571428571428571,1,6.6000000000000005
CUST-1362,2020-05-04,2024-12-21,London,Technology,Standard,Annual,Self-serve,112.95,55,447.2,12,3,0,10.0,1,Manager requested renewal details and training resources.,,,,0,5,2,10,long_term,37.266666666666666,0.2525715563506261,0.05454545454545454,0,0,57,0,0,0.0,1,0.0
CUST-1363,2021-12-18,2024-12-23,London,Technology,Basic,Monthly,Renewal upgrade,57.46,36,154.0,4,0,0,8.6,5,,competitor,2025-01-19,discount,1,12,4,8,established,38.5,0.3731168831168831,0.0,0,0,0,0,0,0.0,121,0.0
CUST-1364,2023-05-05,2024-11-29,London,Public Sector,Premium,Annual,Sales-led,167.47,19,480.7,21,1,1,8.0,7,Support issue around onboarding and admin setup.,,,,0,5,2,32,established,22.89047619047619,0.3483877678385688,0.05263157894736842,0,0,48,0,1,0.05263157894736842,182,2.0
CUST-1365,2021-02-12,2024-12-18,Wales,Technology,Premium,Annual,Sales-led,195.89,46,145.3,6,3,0,7.5,12,Customer mentioned price sensitivity and asked about lower plan options.,,,,0,2,1,13,long_term,24.21666666666667,1.3481761871988986,0.06521739130434782,0,0,72,1,0,0.0,335,7.5
CUST-1366,2023-09-24,2024-12-27,North West,Public Sector,Premium,Monthly,Self-serve,193.75,15,281.9,6,3,0,9.0,3,Invoice query raised; finance contact requested clarification.,,,,0,9,3,4,growing,46.98333333333333,0.6873004611564385,0.2,0,0,62,1,0,0.0,60,3.0
CUST-1367,2021-09-02,2024-12-26,Midlands,Public Sector,Basic,Annual,Self-serve,56.2,39,164.1,8,3,0,9.2,5,Multiple support contacts; wants faster response time.,business_closed,2025-03-10,discount,1,9,3,5,long_term,20.5125,0.3424741011578306,0.07692307692307693,0,0,54,0,1,0.0,121,2.400000000000002
CUST-1368,2020-11-26,2024-12-28,Wales,Public Sector,Standard,Annual,Partner,101.45,49,321.9,13,1,0,8.3,6,Customer happy with product but needs integration advice.,,,,0,11,4,3,long_term,24.76153846153846,0.3151599875737807,0.02040816326530612,0,0,57,0,0,0.0,152,1.6999999999999993
CUST-1369,2021-06-04,2024-12-13,South East,Education,Standard,Annual,Renewal upgrade,101.71,42,64.9,10,1,0,5.0,1,Customer happy with product but needs integration advice.,,,,0,6,2,18,long_term,6.49,1.5671802773497687,0.023809523809523808,0,0,57,0,0,0.0,1,5.0
CUST-1370,2022-02-05,2024-12-18,South West,Healthcare,Basic,Annual,Self-serve,48.06,34,234.3,8,2,0,5.4,8,Support issue around onboarding and admin setup.,business_closed,2025-02-21,none,1,2,1,13,established,29.2875,0.2051216389244558,0.058823529411764705,0,0,48,0,1,0.0,213,9.2
CUST-1371,2022-10-01,2024-12-28,Midlands,Retail,Basic,Annual,Renewal upgrade,56.69,27,115.7,9,1,0,7.2,8,Support issue around onboarding and admin setup.,,,,0,10,4,3,established,12.855555555555556,0.48997407087294725,0.037037037037037035,0,0,48,0,1,0.0,213,2.8
CUST-1372,2023-09-16,2024-12-26,South East,Manufacturing,Standard,Annual,Self-serve,99.37,15,224.4,4,1,0,4.6,8,Multiple support contacts; wants faster response time.,competitor,2025-02-25,none,1,9,3,5,growing,56.1,0.442825311942959,0.06666666666666667,0,0,54,0,1,0.0,213,5.4
CUST-1373,2020-10-11,2024-12-29,South East,Retail,Premium,Annual,Sales-led,168.82,50,630.6,21,2,0,10.0,9,Invoice query raised; finance contact requested clarification.,,,,0,10,4,2,long_term,30.02857142857143,0.26771328893117663,0.04,0,0,62,1,0,0.0,244,0.0
CUST-1374,2023-11-02,2024-12-25,South East,Retail,Basic,Monthly,Self-serve,36.42,13,186.9,10,1,2,8.2,5,Manager requested renewal details and training resources.,,,,0,11,4,6,growing,18.69,0.19486356340288924,0.07692307692307693,0,0,57,0,0,0.15384615384615385,121,1.8000000000000007
CUST-1375,2022-02-09,2024-12-29,London,Education,Premium,Annual,Sales-led,169.98,34,310.3,17,3,0,7.0,7,Support issue around onboarding and admin setup.,,,,0,2,1,2,established,18.25294117647059,0.5477924589107315,0.08823529411764706,0,0,48,0,1,0.0,182,9.0
CUST-1376,2020-07-05,2024-12-16,London,Healthcare,Standard,Annual,Partner,101.67,53,258.9,7,2,0,6.4,8,Healthy adoption in team; users asked for reporting improvements.,,,,0,7,3,15,long_term,36.98571428571428,0.3926998841251449,0.03773584905660377,0,0,65,0,0,0.0,213,7.199999999999999
CUST-1377,2023-09-14,2024-12-17,South West,Retail,Premium,Annual,Sales-led,178.68,15,432.0,17,1,0,10.0,3,Customer mentioned price sensitivity and asked about lower plan options.,,,,0,9,3,14,growing,25.41176470588235,0.41361111111111115,0.06666666666666667,0,0,72,1,0,0.0,60,0.0
CUST-1378,2021-05-24,2024-12-18,North West,Public Sector,Standard,Monthly,Sales-led,101.58,43,282.7,6,3,1,5.9,5,Manager requested renewal details and training resources.,,,,0,5,2,13,long_term,47.11666666666667,0.35932083480721616,0.06976744186046512,0,1,57,0,0,0.023255813953488372,121,12.299999999999999
CUST-1379,2022-06-25,2024-12-20,North West,Technology,Standard,Monthly,Self-serve,105.01,30,224.9,8,1,1,6.3,10,Low usage noted in recent month; customer did not attend webinar.,,,,0,6,2,11,established,28.1125,0.46691863050244553,0.03333333333333333,0,0,65,0,0,0.03333333333333333,274,3.7
CUST-1380,2022-10-16,2024-12-30,Midlands,Professional Services,Standard,Monthly,Sales-led,91.47,26,211.0,12,2,1,,9,Customer happy with product but needs integration advice.,price,2025-01-26,success_call,1,10,4,1,established,17.583333333333332,0.4335071090047393,0.07692307692307693,0,0,57,0,0,0.038461538461538464,244,10.0
CUST-1381,2020-01-20,2024-12-31,Scotland,Professional Services,Enterprise,Monthly,Sales-led,366.59,59,275.4,9,5,0,7.5,11,Invoice query raised; finance contact requested clarification.,,,,0,1,1,0,long_term,30.599999999999998,1.331118373275236,0.0847457627118644,0,0,62,1,0,0.0,305,12.5
CUST-1382,2020-11-19,2024-12-07,South West,Retail,Standard,Monthly,Partner,95.79,49,183.7,6,2,1,8.3,7,Support issue around onboarding and admin setup.,,,,0,11,4,24,long_term,30.616666666666664,0.5214480130647796,0.04081632653061224,0,0,48,0,1,0.02040816326530612,182,3.3999999999999986
CUST-1383,2022-09-29,2024-12-12,Midlands,Public Sector,Standard,Monthly,Sales-led,93.8,27,95.7,0,3,0,8.9,4,Healthy adoption in team; users asked for reporting improvements.,price,2025-03-18,success_call,1,9,3,19,established,,0.980146290491118,0.1111111111111111,1,0,65,0,0,0.0,91,3.299999999999999
CUST-1384,2021-04-19,2024-12-23,North West,Public Sector,Standard,Monthly,Self-serve,104.79,44,246.6,7,5,0,8.8,2,Invoice query raised; finance contact requested clarification.,,,,0,4,2,8,long_term,35.22857142857143,0.42493917274939175,0.11363636363636363,0,0,62,1,0,0.0,32,5.9999999999999964
CUST-1385,2020-01-14,2024-12-26,South East,Professional Services,Premium,Annual,Sales-led,156.96,59,187.0,15,1,0,8.0,3,Invoice query raised; finance contact requested clarification.,,,,0,1,1,5,long_term,12.466666666666667,0.8393582887700535,0.01694915254237288,0,0,62,1,0,0.0,60,2.0
CUST-1386,2020-02-04,2024-12-25,South West,Public Sector,Basic,Monthly,Sales-led,39.51,58,129.2,5,1,1,8.9,4,Low usage noted in recent month; customer did not attend webinar.,,,,0,2,1,6,long_term,25.839999999999996,0.3058049535603715,0.017241379310344827,0,0,65,0,0,0.017241379310344827,91,1.0999999999999996
CUST-1387,2023-04-21,2024-12-17,Midlands,Professional Services,Standard,Annual,Sales-led,110.77,20,338.4,10,2,0,7.3,7,Customer mentioned price sensitivity and asked about lower plan options.,,,,0,4,2,14,established,33.839999999999996,0.32733451536643027,0.1,0,0,72,1,0,0.0,182,5.4
CUST-1388,2020-08-12,2024-12-20,South West,Healthcare,Standard,Monthly,Partner,78.15,52,185.9,6,1,0,5.3,6,Manager requested renewal details and training resources.,,,,0,8,3,11,long_term,30.983333333333334,0.4203873050026896,0.019230769230769232,0,1,57,0,0,0.0,152,4.7
CUST-1389,2020-05-26,2024-12-26,London,Technology,Enterprise,Monthly,Renewal upgrade,362.41,55,241.0,3,3,0,6.7,11,Low usage noted in recent month; customer did not attend webinar.,,,,0,5,2,5,long_term,80.33333333333333,1.5037759336099585,0.05454545454545454,0,0,65,0,0,0.0,305,9.899999999999999
CUST-1390,2022-04-01,2024-12-28,Northern Ireland,Retail,Standard,Monthly,Sales-led,117.13,33,205.7,4,2,0,6.6,7,,,,,0,4,2,3,established,51.425,0.5694214876033058,0.06060606060606061,0,0,0,0,0,0.0,182,6.800000000000001
CUST-1391,2020-06-22,2024-12-30,Wales,Professional Services,Standard,Annual,Renewal upgrade,94.57,54,186.4,13,4,0,6.3,7,Low usage noted in recent month; customer did not attend webinar.,,,,0,6,2,1,long_term,14.338461538461539,0.5073497854077252,0.07407407407407407,0,0,65,0,0,0.0,182,14.8
CUST-1392,2022-08-11,2024-12-19,London,Healthcare,Enterprise,Monthly,Self-serve,352.5,28,632.5,25,4,0,7.6,2,Manager requested renewal details and training resources.,,,,0,8,3,12,established,25.3,0.5573122529644269,0.14285714285714285,0,0,57,0,0,0.0,32,9.600000000000001
CUST-1393,2022-03-05,2024-12-31,Scotland,Manufacturing,Standard,Annual,Self-serve,112.43,33,505.5,28,2,0,8.3,8,Manager requested renewal details and training resources.,,,,0,3,1,0,established,18.053571428571427,0.22241345202769536,0.06060606060606061,0,0,57,0,0,0.0,213,3.3999999999999986
CUST-1394,2022-08-05,2024-12-30,Wales,Technology,Basic,Annual,Partner,43.4,28,374.2,15,1,0,9.7,11,Manager requested renewal details and training resources.,,,,0,8,3,1,established,24.946666666666665,0.11598075895243186,0.03571428571428571,0,0,57,0,0,0.0,305,0.3000000000000007
CUST-1395,2021-12-18,2024-12-19,London,Technology,Basic,Monthly,Partner,59.41,36,168.0,7,3,0,10.0,1,Customer mentioned price sensitivity and asked about lower plan options.,,,,0,12,4,12,established,24.0,0.3536309523809524,0.08333333333333333,0,0,72,1,0,0.0,1,0.0
CUST-1396,2023-02-10,2024-12-25,North West,Professional Services,Basic,Annual,Partner,40.95,22,117.8,7,3,0,4.6,12,Customer mentioned price sensitivity and asked about lower plan options.,support,2025-01-25,success_call,1,2,1,6,established,16.82857142857143,0.3476230899830221,0.13636363636363635,1,0,72,1,0,0.0,335,16.200000000000003
CUST-1397,2022-07-30,2024-12-30,Midlands,Professional Services,Basic,Monthly,Self-serve,43.27,29,222.1,0,1,1,5.9,5,Invoice query raised; finance contact requested clarification.,,,,0,7,3,1,established,,0.19482215218370105,0.034482758620689655,0,1,62,1,0,0.034482758620689655,121,4.1
CUST-1398,2021-08-29,2024-12-30,South East,Public Sector,Standard,Monthly,Self-serve,89.41,40,161.6,7,4,1,5.6,11,,competitor,2025-01-28,success_call,1,8,3,1,long_term,23.085714285714285,0.553279702970297,0.1,0,1,0,0,0,0.025,305,17.6
CUST-1399,2020-01-23,2024-12-03,North West,Retail,Premium,Monthly,Sales-led,183.11,59,355.4,14,2,2,8.9,7,Invoice query raised; finance contact requested clarification.,,,,0,1,1,28,long_term,25.385714285714283,0.515222284749578,0.03389830508474576,0,0,62,1,0,0.03389830508474576,182,2.1999999999999993
CUST-1400,2021-02-03,2024-12-30,North West,Technology,Premium,Monthly,Sales-led,192.9,46,152.1,12,0,0,7.8,6,Manager requested renewal details and training resources.,,,,0,2,1,1,long_term,12.674999999999999,1.2682445759368837,0.0,0,0,57,0,0,0.0,152,0.0
CUST-1401,2020-07-10,2024-12-30,South East,Manufacturing,Basic,Annual,Self-serve,46.79,53,201.6,12,2,0,6.7,12,Multiple support contacts; wants faster response time.,,,,0,7,3,1,long_term,16.8,0.23209325396825398,0.03773584905660377,0,0,54,0,1,0.0,335,6.6
CUST-1402,2020-01-23,2024-12-29,South West,Professional Services,Standard,Annual,Sales-led,83.75,59,382.8,11,5,0,8.9,3,Healthy adoption in team; users asked for reporting improvements.,,,,0,1,1,2,long_term,34.800000000000004,0.2187826541274817,0.0847457627118644,0,0,65,0,0,0.0,60,5.499999999999998
CUST-1403,2021-02-02,2024-12-21,Midlands,Public Sector,Basic,Annual,Sales-led,36.01,46,144.5,11,4,0,8.5,2,Healthy adoption in team; users asked for reporting improvements.,,,,0,2,1,10,long_term,13.136363636363637,0.24920415224913495,0.08695652173913043,0,0,65,0,0,0.0,32,6.0
CUST-1404,2020-10-28,2024-12-22,London,Professional Services,Enterprise,Monthly,Sales-led,353.74,50,224.2,8,2,1,7.5,7,Low usage noted in recent month; customer did not attend webinar.,,,,0,10,4,9,long_term,28.025,1.5777876895628904,0.04,0,0,65,0,0,0.02,182,5.0
CUST-1405,2020-04-22,2024-12-29,South West,Healthcare,Basic,Annual,Sales-led,71.13,56,70.9,0,2,1,5.7,3,Invoice query raised; finance contact requested clarification.,,,,0,4,2,2,long_term,,1.0032440056417489,0.03571428571428571,0,0,62,1,0,0.017857142857142856,60,8.6
CUST-1406,2021-04-01,2024-12-29,Northern Ireland,Education,Standard,Monthly,Self-serve,103.72,45,134.5,6,2,0,7.9,8,,,,,0,4,2,2,long_term,22.416666666666668,0.7711524163568774,0.044444444444444446,0,0,0,0,0,0.0,213,4.199999999999999
CUST-1407,2022-01-09,2024-12-27,South East,Education,Standard,Monthly,Self-serve,94.36,35,221.8,8,3,0,7.3,12,Low usage noted in recent month; customer did not attend webinar.,low_usage,2025-03-19,success_call,1,1,1,4,established,27.725,0.42542831379621276,0.08571428571428572,0,0,65,0,0,0.0,335,8.100000000000001
CUST-1408,2020-09-17,2024-12-19,Northern Ireland,Manufacturing,Standard,Monthly,Self-serve,108.19,51,238.8,16,3,0,7.3,4,Healthy adoption in team; users asked for reporting improvements.,,,,0,9,3,12,long_term,14.925,0.45305695142378555,0.058823529411764705,0,0,65,0,0,0.0,91,8.100000000000001
CUST-1409,2021-02-02,2024-12-24,London,Manufacturing,Standard,Annual,Sales-led,96.13,46,296.7,13,0,1,7.6,5,Customer happy with product but needs integration advice.,,,,0,2,1,7,long_term,22.823076923076922,0.3239973036737445,0.0,0,0,57,0,0,0.021739130434782608,121,0.0
CUST-1410,2020-01-30,2024-12-22,South West,Technology,Premium,Annual,Self-serve,174.46,59,84.9,4,4,1,7.9,5,Low usage noted in recent month; customer did not attend webinar.,,,,0,1,1,9,long_term,21.225,2.0548881036513547,0.06779661016949153,1,0,65,0,0,0.01694915254237288,121,8.399999999999999
CUST-1411,2020-03-14,2024-12-26,Wales,Technology,Basic,Monthly,Self-serve,37.5,57,121.5,8,3,0,7.6,1,Customer happy with product but needs integration advice.,,,,0,3,1,5,long_term,15.1875,0.30864197530864196,0.05263157894736842,0,0,57,0,0,0.0,1,7.200000000000001
CUST-1412,2020-08-17,2024-12-25,Wales,Education,Enterprise,Annual,Partner,365.9,52,136.5,10,2,0,9.1,6,Support issue around onboarding and admin setup.,,,,0,8,3,6,long_term,13.65,2.6805860805860804,0.038461538461538464,0,0,48,0,1,0.0,152,1.8000000000000007
CUST-1413,2021-10-23,2024-12-31,London,Professional Services,Standard,Annual,Self-serve,68.53,38,250.3,13,3,0,9.8,7,Support issue around onboarding and admin setup.,,,,0,10,4,0,long_term,19.253846153846155,0.2737914502596884,0.07894736842105263,0,0,48,0,1,0.0,182,0.5999999999999979
CUST-1414,2022-08-30,2024-12-24,South West,Public Sector,Premium,Annual,Self-serve,188.57,28,96.8,10,3,1,7.5,11,Customer happy with product but needs integration advice.,support,2025-02-05,none,1,8,3,7,established,9.68,1.9480371900826445,0.10714285714285714,1,0,57,0,0,0.03571428571428571,305,7.5
CUST-1415,2023-02-24,2024-12-30,London,Technology,Premium,Annual,Self-serve,173.44,22,,8,4,0,6.3,10,Support issue around onboarding and admin setup.,,,,0,2,1,1,established,,,0.18181818181818182,0,0,48,0,1,0.0,274,14.8
CUST-1416,2022-07-08,2024-12-05,South East,Retail,Enterprise,Annual,Renewal upgrade,344.08,29,438.2,18,5,0,9.6,7,Customer happy with product but needs integration advice.,,,,0,7,3,26,established,24.344444444444445,0.7852122318575993,0.1724137931034483,0,0,57,0,0,0.0,182,2.0000000000000018
CUST-1417,2022-06-19,2024-12-26,London,Healthcare,Basic,Annual,Partner,69.31,30,124.1,10,0,1,8.3,7,Healthy adoption in team; users asked for reporting improvements.,,,,0,6,2,5,established,12.41,0.5585012087026592,0.0,0,0,65,0,0,0.03333333333333333,182,0.0
CUST-1418,2023-09-28,2024-12-25,Midlands,Healthcare,Standard,Annual,Self-serve,90.43,15,419.8,16,1,0,10.0,1,Support issue around onboarding and admin setup.,,,,0,9,3,6,growing,26.2375,0.21541210100047642,0.06666666666666667,0,0,48,0,1,0.0,1,0.0
CUST-1419,2021-01-08,2024-12-09,London,Professional Services,Basic,Monthly,Self-serve,40.84,47,,8,1,2,,2,Customer mentioned price sensitivity and asked about lower plan options.,competitor,2025-03-07,discount,1,1,1,22,long_term,,,0.02127659574468085,0,0,72,1,0,0.0425531914893617,32,5.0
CUST-1420,2023-03-11,2024-12-15,South West,Manufacturing,Basic,Annual,Sales-led,47.44,21,144.9,13,3,0,8.4,5,Customer mentioned price sensitivity and asked about lower plan options.,,,,0,3,1,16,established,11.146153846153847,0.3273982056590752,0.14285714285714285,0,0,72,1,0,0.0,121,4.799999999999999
CUST-1421,2023-09-29,2024-12-23,Wales,Healthcare,Standard,Monthly,Renewal upgrade,103.97,15,302.3,19,3,0,,9,Support issue around onboarding and admin setup.,business_closed,2025-03-08,success_call,1,9,3,8,growing,15.910526315789474,0.3439298709890837,0.2,0,0,48,0,1,0.0,244,15.0
CUST-1422,2022-04-08,2024-12-23,London,Public Sector,Enterprise,Annual,Sales-led,343.7,32,272.4,11,1,2,7.5,7,Manager requested renewal details and training resources.,,,,0,4,2,8,established,24.763636363636362,1.261747430249633,0.03125,0,0,57,0,0,0.0625,182,2.5
CUST-1423,2023-05-12,2024-12-28,London,Public Sector,Enterprise,Monthly,Sales-led,330.11,19,367.8,13,7,0,6.8,8,Healthy adoption in team; users asked for reporting improvements.,price,2025-01-23,success_call,1,5,2,3,established,28.292307692307695,0.8975258292550299,0.3684210526315789,0,0,65,0,0,0.0,213,22.400000000000002
CUST-1424,2020-07-19,2024-12-27,London,Public Sector,Standard,Monthly,Renewal upgrade,88.61,53,130.9,11,1,0,8.2,8,Customer mentioned price sensitivity and asked about lower plan options.,,,,0,7,3,4,long_term,11.9,0.6769289533995416,0.018867924528301886,0,0,72,1,0,0.0,213,1.8000000000000007
CUST-1425,2023-07-07,2024-12-31,Scotland,Healthcare,Standard,Monthly,Partner,114.38,17,310.9,16,3,1,8.4,7,Multiple support contacts; wants faster response time.,,,,0,7,3,0,growing,19.43125,0.36789964618848503,0.17647058823529413,0,0,54,0,1,0.058823529411764705,182,4.799999999999999
CUST-1426,2022-04-03,2024-12-28,Midlands,Retail,Premium,Monthly,Sales-led,179.9,32,88.4,5,3,1,8.5,10,Low usage noted in recent month; customer did not attend webinar.,,,,0,4,2,3,established,17.68,2.0350678733031673,0.09375,1,0,65,0,0,0.03125,274,4.5
CUST-1427,2020-11-19,2024-12-30,South East,Public Sector,Enterprise,Monthly,Sales-led,354.41,49,137.9,4,4,0,7.5,9,Customer happy with product but needs integration advice.,,,,0,11,4,1,long_term,34.475,2.57005076142132,0.08163265306122448,0,0,57,0,0,0.0,244,10.0
CUST-1428,2020-03-30,2024-12-24,Northern Ireland,Public Sector,Basic,Monthly,Sales-led,45.86,57,84.1,5,0,0,7.1,7,Customer happy with product but needs integration advice.,,,,0,3,1,7,long_term,16.82,0.5453032104637336,0.0,0,0,57,0,0,0.0,182,0.0
CUST-1429,2022-11-17,2024-12-31,London,Education,Standard,Monthly,Self-serve,91.09,25,138.5,5,3,0,6.8,7,Customer mentioned price sensitivity and asked about lower plan options.,,,,0,11,4,0,established,27.7,0.6576895306859206,0.12,0,0,72,1,0,0.0,182,9.600000000000001
CUST-1430,2021-09-21,2024-12-22,Midlands,Technology,Premium,Monthly,Sales-led,199.13,39,259.6,8,3,0,5.8,8,Low usage noted in recent month; customer did not attend webinar.,,,,0,9,3,9,long_term,32.45,0.7670647149460708,0.07692307692307693,0,1,65,0,0,0.0,213,12.600000000000001
CUST-1431,2021-03-28,2024-12-23,South West,Professional Services,Standard,Annual,Renewal upgrade,96.74,45,221.2,9,3,0,10.0,12,Invoice query raised; finance contact requested clarification.,,,,0,3,1,8,long_term,24.577777777777776,0.43734177215189873,0.06666666666666667,0,0,62,1,0,0.0,335,0.0
CUST-1432,2021-07-23,2024-12-16,Midlands,Technology,Standard,Annual,Renewal upgrade,93.68,41,317.3,14,0,0,8.0,2,Manager requested renewal details and training resources.,,,,0,7,3,15,long_term,22.664285714285715,0.29524109675386073,0.0,0,0,57,0,0,0.0,32,0.0
CUST-1433,2023-12-17,2024-12-25,Wales,Professional Services,Enterprise,Annual,Self-serve,362.15,12,520.4,19,3,0,10.0,3,Invoice query raised; finance contact requested clarification.,,,,0,12,4,6,growing,27.389473684210525,0.6959069946195234,0.25,0,0,62,1,0,0.0,60,0.0
CUST-1434,2021-09-16,2024-12-18,Northern Ireland,Professional Services,Enterprise,Monthly,Self-serve,340.33,39,97.0,7,3,0,,12,Multiple support contacts; wants faster response time.,,,,0,9,3,13,long_term,13.857142857142858,3.5085567010309275,0.07692307692307693,1,0,54,0,1,0.0,335,15.0
CUST-1435,2020-04-25,2024-12-20,London,Education,Enterprise,Monthly,Sales-led,341.86,56,476.1,24,5,0,8.6,12,Low usage noted in recent month; customer did not attend webinar.,,,,0,4,2,11,long_term,19.837500000000002,0.7180424280613317,0.08928571428571429,0,0,65,0,0,0.0,335,7.000000000000002
CUST-1436,2021-02-12,2024-12-29,London,Professional Services,Premium,Annual,Sales-led,179.12,46,229.4,13,1,0,8.0,8,Customer mentioned price sensitivity and asked about lower plan options.,,,,0,2,1,2,long_term,17.646153846153847,0.780819529206626,0.021739130434782608,0,0,72,1,0,0.0,213,2.0
CUST-1437,2020-07-31,2024-12-24,London,Professional Services,Basic,Monthly,Partner,49.0,53,320.1,12,3,1,6.5,8,Low usage noted in recent month; customer did not attend webinar.,price,2025-02-16,discount,1,7,3,7,long_term,26.675,0.15307716338644173,0.05660377358490566,0,0,65,0,0,0.018867924528301886,213,10.5
CUST-1438,2022-09-28,2024-12-13,North West,Professional Services,Standard,Monthly,Sales-led,102.12,27,127.8,8,1,1,6.0,12,Multiple support contacts; wants faster response time.,low_usage,2025-01-01,none,1,9,3,18,established,15.975,0.7990610328638498,0.037037037037037035,0,0,54,0,1,0.037037037037037035,335,4.0
CUST-1439,2023-03-14,2024-12-25,Midlands,Healthcare,Standard,Annual,Sales-led,124.1,21,68.8,3,1,0,10.0,9,Low usage noted in recent month; customer did not attend webinar.,,,,0,3,1,6,established,22.933333333333334,1.8037790697674418,0.047619047619047616,0,0,65,0,0,0.0,244,0.0
CUST-1440,2023-05-12,2024-12-27,Wales,Public Sector,Standard,Annual,Sales-led,103.03,19,302.3,7,4,0,7.9,8,Invoice query raised; finance contact requested clarification.,low_usage,2025-03-16,success_call,1,5,2,4,established,43.18571428571429,0.3408203771088323,0.21052631578947367,0,0,62,1,0,0.0,213,8.399999999999999
CUST-1441,2022-07-13,2024-12-16,Northern Ireland,Professional Services,Standard,Monthly,Sales-led,70.46,29,253.0,13,2,1,9.3,2,Low usage noted in recent month; customer did not attend webinar.,,,,0,7,3,15,established,19.46153846153846,0.278498023715415,0.06896551724137931,0,0,65,0,0,0.034482758620689655,32,1.3999999999999986
CUST-1442,2023-01-27,2024-12-30,London,Manufacturing,Standard,Annual,Self-serve,102.92,23,120.1,5,1,0,9.8,5,Manager requested renewal details and training resources.,,,,0,1,1,1,established,24.02,0.8569525395503748,0.043478260869565216,0,0,57,0,0,0.0,121,0.1999999999999993
CUST-1443,2021-09-01,2024-12-29,Midlands,Public Sector,Standard,Monthly,Partner,99.45,39,109.6,15,2,0,6.8,1,Multiple support contacts; wants faster response time.,,,,0,9,3,2,long_term,7.306666666666667,0.9073905109489052,0.05128205128205128,0,0,54,0,1,0.0,1,6.4
CUST-1444,2022-07-05,2024-12-31,London,Professional Services,Premium,Annual,Partner,179.52,29,378.4,21,1,1,9.0,9,Healthy adoption in team; users asked for reporting improvements.,,,,0,7,3,0,established,18.01904761904762,0.47441860465116287,0.034482758620689655,0,0,65,0,0,0.034482758620689655,244,1.0
CUST-1445,2020-06-05,2024-12-31,South East,Professional Services,Standard,Monthly,Self-serve,101.95,54,231.2,12,2,1,7.6,1,Manager requested renewal details and training resources.,,,,0,6,2,0,long_term,19.266666666666666,0.4409602076124568,0.037037037037037035,0,0,57,0,0,0.018518518518518517,1,4.800000000000001
CUST-1446,2022-02-24,2024-12-29,Midlands,Technology,Standard,Monthly,Partner,98.66,34,163.4,8,4,2,4.7,5,Healthy adoption in team; users asked for reporting improvements.,low_usage,2025-01-22,none,1,2,1,2,established,20.425,0.6037943696450428,0.11764705882352941,0,1,65,0,0,0.058823529411764705,121,21.2
CUST-1447,2022-03-24,2024-12-27,South West,Public Sector,Basic,Annual,Self-serve,48.37,33,211.0,9,1,0,7.8,11,Customer happy with product but needs integration advice.,,,,0,3,1,4,established,23.444444444444443,0.22924170616113743,0.030303030303030304,0,0,57,0,0,0.0,305,2.2
CUST-1448,2020-02-15,2024-12-16,Scotland,Education,Basic,Monthly,Partner,56.36,58,164.8,3,0,0,9.0,2,Multiple support contacts; wants faster response time.,,,,0,2,1,15,long_term,54.93333333333334,0.34199029126213587,0.0,0,0,54,0,1,0.0,32,0.0
CUST-1449,2022-03-11,2024-11-30,London,Public Sector,Premium,Annual,Self-serve,172.5,33,154.8,0,0,1,7.0,2,Multiple support contacts; wants faster response time.,,,,0,3,1,31,established,,1.1143410852713178,0.0,0,0,54,0,1,0.030303030303030304,32,0.0
CUST-1450,2022-11-21,2024-12-18,Scotland,Professional Services,Standard,Monthly,Sales-led,87.63,25,294.7,8,4,0,7.2,8,Healthy adoption in team; users asked for reporting improvements.,business_closed,2025-02-25,none,1,11,4,13,established,36.8375,0.2973532405836444,0.16,0,0,65,0,0,0.0,213,11.2
CUST-1451,2021-06-20,2024-12-29,London,Healthcare,Basic,Annual,Renewal upgrade,85.29,42,231.7,9,2,0,7.7,4,Customer happy with product but needs integration advice.,,,,0,6,2,2,long_term,25.744444444444444,0.36810530858869234,0.047619047619047616,0,0,57,0,0,0.0,91,4.6
CUST-1452,2022-03-06,2024-12-31,Northern Ireland,Public Sector,Premium,Annual,Sales-led,170.41,33,257.3,2,2,0,10.0,3,Invoice query raised; finance contact requested clarification.,,,,0,3,1,0,established,128.65,0.6623008161678974,0.06060606060606061,0,0,62,1,0,0.0,60,0.0
CUST-1453,2021-02-21,2024-12-03,Midlands,Retail,Standard,Monthly,Sales-led,100.2,46,284.3,9,3,0,5.1,11,Invoice query raised; finance contact requested clarification.,,,,0,2,1,28,long_term,31.58888888888889,0.35244460077383044,0.06521739130434782,0,1,62,1,0,0.0,305,14.700000000000001
CUST-1454,2021-01-30,2024-12-25,London,Public Sector,Basic,Annual,Sales-led,31.05,47,393.4,15,1,0,9.6,5,Low usage noted in recent month; customer did not attend webinar.,,,,0,1,1,6,long_term,26.226666666666667,0.07892730045754957,0.02127659574468085,0,0,65,0,0,0.0,121,0.40000000000000036
CUST-1455,2020-07-08,2024-12-24,London,Education,Standard,Monthly,Self-serve,100.4,53,108.9,3,2,0,7.1,2,Healthy adoption in team; users asked for reporting improvements.,,,,0,7,3,7,long_term,36.300000000000004,0.9219467401285583,0.03773584905660377,0,0,65,0,0,0.0,32,5.800000000000001
CUST-1456,2021-04-23,2024-12-04,London,Public Sector,Basic,Monthly,Self-serve,37.8,44,125.4,2,2,0,6.5,3,Manager requested renewal details and training resources.,support,2025-01-24,none,1,4,2,27,long_term,62.7,0.30143540669856456,0.045454545454545456,0,0,57,0,0,0.0,60,7.0
CUST-1457,2023-03-18,2024-12-13,South West,Healthcare,Standard,Monthly,Self-serve,93.69,21,171.6,5,3,3,6.0,12,Invoice query raised; finance contact requested clarification.,low_usage,2025-01-26,none,1,3,1,18,established,34.32,0.545979020979021,0.14285714285714285,0,0,62,1,0,0.14285714285714285,335,12.0
CUST-1458,2023-09-27,2024-12-26,North West,Healthcare,Basic,Annual,Renewal upgrade,61.54,15,244.2,17,2,1,8.6,2,Low usage noted in recent month; customer did not attend webinar.,,,,0,9,3,5,growing,14.36470588235294,0.25200655200655203,0.13333333333333333,0,0,65,0,0,0.06666666666666667,32,2.8000000000000007
CUST-1459,2022-07-17,2024-12-09,Midlands,Retail,Basic,Annual,Sales-led,54.66,29,119.4,7,2,0,8.6,10,Manager requested renewal details and training resources.,,,,0,7,3,22,established,17.057142857142857,0.45778894472361803,0.06896551724137931,0,0,57,0,0,0.0,274,2.8000000000000007
CUST-1460,2022-06-30,2024-12-31,Wales,Retail,Basic,Annual,Self-serve,55.82,30,237.5,7,1,0,8.5,8,,,,,0,6,2,0,established,33.92857142857143,0.23503157894736842,0.03333333333333333,0,0,0,0,0,0.0,213,1.5
CUST-1461,2022-06-15,2024-12-31,Scotland,Public Sector,Standard,Annual,Self-serve,77.75,30,169.5,7,3,1,8.7,11,Customer happy with product but needs integration advice.,,,,0,6,2,0,established,24.214285714285715,0.45870206489675514,0.1,0,0,57,0,0,0.03333333333333333,305,3.900000000000002
CUST-1462,2021-11-25,2024-12-31,London,Professional Services,Basic,Annual,Partner,71.04,37,88.5,3,2,1,8.9,9,Manager requested renewal details and training resources.,,,,0,11,4,0,long_term,29.5,0.8027118644067798,0.05405405405405406,0,0,57,0,0,0.02702702702702703,244,2.1999999999999993
CUST-1463,2021-09-09,2024-12-30,South West,Professional Services,Premium,Monthly,Sales-led,164.7,39,229.0,6,2,3,8.1,4,Manager requested renewal details and training resources.,,,,0,9,3,1,long_term,38.166666666666664,0.7192139737991265,0.05128205128205128,0,0,57,0,0,0.07692307692307693,91,3.8000000000000007
CUST-1464,2022-06-25,2024-12-21,South East,Professional Services,Basic,Annual,Sales-led,67.34,30,125.6,2,4,0,6.2,7,Multiple support contacts; wants faster response time.,support,2025-01-05,none,1,6,2,10,established,62.8,0.5361464968152867,0.13333333333333333,0,0,54,0,1,0.0,182,15.2
CUST-1465,2023-02-19,2024-12-19,Scotland,Professional Services,Standard,Annual,Self-serve,111.26,22,242.3,14,1,0,9.0,2,Customer mentioned price sensitivity and asked about lower plan options.,,,,0,2,1,12,established,17.307142857142857,0.4591828312009905,0.045454545454545456,0,0,72,1,0,0.0,32,1.0
CUST-1466,2021-08-27,2024-12-31,Wales,Public Sector,Standard,Monthly,Partner,105.93,40,234.7,8,4,1,7.8,1,Healthy adoption in team; users asked for reporting improvements.,,,,0,8,3,0,long_term,29.3375,0.4513421389007244,0.1,0,0,65,0,0,0.025,1,8.8
CUST-1467,2022-04-06,2024-12-22,Wales,Healthcare,Standard,Annual,Partner,88.74,32,86.9,0,5,0,5.4,9,Multiple support contacts; wants faster response time.,support,2025-02-26,success_call,1,4,2,9,established,,1.0211737629459148,0.15625,1,0,54,0,1,0.0,244,23.0
CUST-1468,2021-11-17,2024-12-24,South West,Technology,Basic,Monthly,Self-serve,50.82,37,115.2,4,1,1,5.0,9,Multiple support contacts; wants faster response time.,support,2025-01-16,none,1,11,4,7,long_term,28.8,0.44114583333333335,0.02702702702702703,0,1,54,0,1,0.02702702702702703,244,5.0
CUST-1469,2021-02-20,2024-12-27,London,Professional Services,Premium,Monthly,Partner,173.35,46,229.1,10,4,0,4.4,7,Support issue around onboarding and admin setup.,competitor,2025-01-28,none,1,2,1,4,long_term,22.91,0.7566564818856395,0.08695652173913043,0,1,48,0,1,0.0,182,22.4
CUST-1470,2021-02-27,2024-12-28,North West,Manufacturing,Premium,Monthly,Self-serve,179.35,46,327.6,5,4,1,7.6,10,Multiple support contacts; wants faster response time.,price,2025-02-23,none,1,2,1,3,long_term,65.52000000000001,0.5474664224664224,0.08695652173913043,0,0,54,0,1,0.021739130434782608,274,9.600000000000001
CUST-1471,2020-04-25,2024-12-27,North West,Healthcare,Basic,Monthly,Sales-led,46.0,56,200.8,8,2,2,7.6,4,Healthy adoption in team; users asked for reporting improvements.,,,,0,4,2,4,long_term,25.1,0.2290836653386454,0.03571428571428571,0,0,65,0,0,0.03571428571428571,91,4.800000000000001
CUST-1472,2021-10-04,2024-12-16,North West,Healthcare,Basic,Monthly,Sales-led,24.54,38,91.3,7,2,0,5.6,5,Customer mentioned price sensitivity and asked about lower plan options.,competitor,2025-01-29,success_call,1,10,4,15,long_term,13.042857142857143,0.2687842278203724,0.05263157894736842,0,1,72,1,0,0.0,121,8.8
CUST-1473,2022-11-06,2024-12-30,London,Technology,Enterprise,Annual,Sales-led,362.46,25,275.1,13,0,0,10.0,7,Support issue around onboarding and admin setup.,,,,0,11,4,1,established,21.161538461538463,1.3175572519083967,0.0,0,0,48,0,1,0.0,182,0.0
CUST-1474,2022-09-27,2024-12-21,London,Technology,Standard,Annual,Sales-led,98.03,27,278.9,20,6,0,,2,Low usage noted in recent month; customer did not attend webinar.,price,2025-03-10,success_call,1,9,3,10,established,13.944999999999999,0.35148798852635355,0.2222222222222222,0,0,65,0,0,0.0,32,30.0
CUST-1475,2023-12-10,2024-12-31,South East,Technology,Basic,Annual,Self-serve,43.18,12,147.4,11,0,0,10.0,11,Customer mentioned price sensitivity and asked about lower plan options.,support,2025-02-01,success_call,1,12,4,0,growing,13.4,0.292944369063772,0.0,0,0,72,1,0,0.0,305,0.0
CUST-1476,2020-02-28,2024-12-15,South East,Retail,Basic,Monthly,Self-serve,42.28,58,96.2,10,2,0,7.9,3,Healthy adoption in team; users asked for reporting improvements.,,,,0,2,1,16,long_term,9.620000000000001,0.4395010395010395,0.034482758620689655,0,0,65,0,0,0.0,60,4.199999999999999
CUST-1477,2023-01-15,2024-12-29,North West,Retail,Standard,Monthly,Self-serve,103.3,23,187.3,19,2,1,5.8,5,Invoice query raised; finance contact requested clarification.,,,,0,1,1,2,established,9.857894736842105,0.5515216230646022,0.08695652173913043,0,1,62,1,0,0.043478260869565216,121,8.4
CUST-1478,2023-03-06,2024-12-29,Scotland,Manufacturing,Premium,Monthly,Self-serve,168.27,21,264.0,14,2,1,8.4,3,Low usage noted in recent month; customer did not attend webinar.,business_closed,2025-02-19,none,1,3,1,2,established,18.857142857142858,0.6373863636363637,0.09523809523809523,0,0,65,0,0,0.047619047619047616,60,3.1999999999999993
CUST-1479,2021-09-29,2024-12-31,Wales,Retail,Standard,Annual,Partner,71.94,39,133.5,6,2,0,8.5,3,Low usage noted in recent month; customer did not attend webinar.,,,,0,9,3,0,long_term,22.25,0.538876404494382,0.05128205128205128,0,0,65,0,0,0.0,60,3.0
CUST-1480,2021-02-17,2024-12-25,North West,Public Sector,Enterprise,Monthly,Self-serve,353.89,46,342.7,18,2,0,7.5,5,Multiple support contacts; wants faster response time.,,,,0,2,1,6,long_term,19.038888888888888,1.032652465713452,0.043478260869565216,0,0,54,0,1,0.0,121,5.0
CUST-1481,2021-06-05,2024-12-19,North West,Education,Standard,Annual,Sales-led,105.23,42,237.5,7,0,1,5.9,11,Healthy adoption in team; users asked for reporting improvements.,,,,0,6,2,12,long_term,33.92857142857143,0.44307368421052634,0.0,0,0,65,0,0,0.023809523809523808,305,0.0
CUST-1482,2022-09-23,2024-12-26,London,Education,Standard,Annual,Self-serve,96.6,27,299.2,12,7,0,7.1,1,Multiple support contacts; wants faster response time.,,,,0,9,3,5,established,24.933333333333334,0.32286096256684493,0.25925925925925924,0,0,54,0,1,0.0,1,20.300000000000004
CUST-1483,2023-06-12,2024-12-31,Scotland,Public Sector,Standard,Annual,Self-serve,85.23,18,214.4,6,3,1,5.8,1,Support issue around onboarding and admin setup.,,,,0,6,2,0,growing,35.733333333333334,0.3975279850746269,0.16666666666666666,0,0,48,0,1,0.05555555555555555,1,12.600000000000001
CUST-1484,2022-07-27,2024-12-14,South East,Manufacturing,Standard,Annual,Self-serve,100.07,29,485.6,21,2,0,10.0,10,Multiple support contacts; wants faster response time.,,,,0,7,3,17,established,23.123809523809523,0.20607495881383853,0.06896551724137931,0,0,54,0,1,0.0,274,0.0
CUST-1485,2022-01-20,2024-12-25,London,Professional Services,Basic,Monthly,Sales-led,31.43,35,170.5,4,2,1,6.7,6,,business_closed,2025-02-11,success_call,1,1,1,6,established,42.625,0.18434017595307917,0.05714285714285714,0,0,0,0,0,0.02857142857142857,152,6.6
CUST-1486,2022-08-10,2024-12-31,North West,Professional Services,Basic,Annual,Sales-led,36.67,28,237.0,7,1,0,10.0,7,Healthy adoption in team; users asked for reporting improvements.,,,,0,8,3,0,established,33.857142857142854,0.15472573839662448,0.03571428571428571,0,0,65,0,0,0.0,182,0.0
CUST-1487,2020-04-13,2024-12-25,North West,Manufacturing,Standard,Annual,Partner,89.99,56,293.3,13,2,1,4.6,5,Healthy adoption in team; users asked for reporting improvements.,,,,0,4,2,6,long_term,22.56153846153846,0.30681895669962495,0.03571428571428571,0,0,65,0,0,0.017857142857142856,121,10.8
CUST-1488,2022-06-06,2024-12-31,South East,Education,Premium,Annual,Self-serve,189.13,30,232.8,9,1,0,8.4,4,Low usage noted in recent month; customer did not attend webinar.,,,,0,6,2,0,established,25.866666666666667,0.8124140893470789,0.03333333333333333,0,0,65,0,0,0.0,91,1.5999999999999996
CUST-1489,2020-03-02,2024-11-29,Scotland,Retail,Basic,Annual,Sales-led,44.65,57,188.7,0,0,0,10.0,4,,,,,0,3,1,32,long_term,,0.23661897191308956,0.0,0,0,0,0,0,0.0,91,0.0
CUST-1490,2023-11-01,2024-12-22,Scotland,Healthcare,Standard,Annual,Self-serve,93.63,13,161.3,1,5,0,5.6,5,Healthy adoption in team; users asked for reporting improvements.,price,2025-03-27,none,1,11,4,9,growing,161.3,0.5804711717296962,0.38461538461538464,0,0,65,0,0,0.0,121,22.0
CUST-1491,2023-07-22,2024-12-31,Midlands,Public Sector,Standard,Annual,Renewal upgrade,122.46,17,468.3,14,3,0,8.4,4,Support issue around onboarding and admin setup.,,,,0,7,3,0,growing,33.45,0.2614990390775144,0.17647058823529413,0,0,48,0,1,0.0,91,4.799999999999999
CUST-1492,2022-01-12,2024-12-14,Wales,Public Sector,Standard,Monthly,Sales-led,103.23,35,239.9,6,4,1,6.5,1,Multiple support contacts; wants faster response time.,low_usage,2025-01-09,none,1,1,1,17,established,39.983333333333334,0.4303042934556065,0.11428571428571428,0,0,54,0,1,0.02857142857142857,1,14.0
CUST-1493,2021-06-30,2024-12-29,Wales,Education,Premium,Annual,Renewal upgrade,183.07,42,165.3,8,2,1,6.3,10,Invoice query raised; finance contact requested clarification.,,,,0,6,2,2,long_term,20.6625,1.1075015124016938,0.047619047619047616,0,0,62,1,0,0.023809523809523808,274,7.4
CUST-1494,2022-12-05,2024-12-26,South East,Healthcare,Premium,Annual,Sales-led,174.56,24,478.7,20,0,0,9.8,1,Healthy adoption in team; users asked for reporting improvements.,,,,0,12,4,5,established,23.935,0.3646542719866305,0.0,0,0,65,0,0,0.0,1,0.0
CUST-1495,2022-07-19,2024-12-28,Midlands,Retail,Premium,Monthly,Self-serve,171.84,29,206.3,13,2,0,,5,Customer happy with product but needs integration advice.,price,2025-03-24,none,1,7,3,3,established,15.86923076923077,0.8329617062530296,0.06896551724137931,0,0,57,0,0,0.0,121,10.0
CUST-1496,2022-10-26,2024-12-31,Scotland,Education,Basic,Annual,Self-serve,22.76,26,253.4,13,2,1,7.5,9,Healthy adoption in team; users asked for reporting improvements.,,,,0,10,4,0,established,19.492307692307694,0.08981846882399369,0.07692307692307693,0,0,65,0,0,0.038461538461538464,244,5.0
CUST-1497,2022-01-22,2024-12-31,North West,Retail,Standard,Monthly,Sales-led,110.62,35,73.8,7,3,1,7.5,8,Manager requested renewal details and training resources.,,,,0,1,1,0,established,10.542857142857143,1.4989159891598918,0.08571428571428572,1,0,57,0,0,0.02857142857142857,213,7.5
CUST-1498,2020-12-10,2024-12-21,Wales,Education,Standard,Annual,Renewal upgrade,104.38,48,379.3,18,3,0,7.9,1,Customer mentioned price sensitivity and asked about lower plan options.,,,,0,12,4,10,long_term,21.072222222222223,0.2751911415765884,0.0625,0,0,72,1,0,0.0,1,6.299999999999999
CUST-1499,2020-04-16,2024-12-29,South East,Manufacturing,Basic,Monthly,Self-serve,46.85,56,176.3,8,2,2,5.5,11,Customer happy with product but needs integration advice.,,,,0,4,2,2,long_term,22.0375,0.2657402155416903,0.03571428571428571,0,1,57,0,0,0.03571428571428571,305,9.0
CUST-1500,2021-02-17,2024-12-28,North West,Professional Services,Basic,Monthly,Renewal upgrade,47.35,46,89.1,8,1,1,8.8,7,Healthy adoption in team; users asked for reporting improvements.,,,,0,2,1,3,long_term,11.1375,0.5314253647586982,0.021739130434782608,0,0,65,0,0,0.021739130434782608,182,1.1999999999999993
CUST-1501,2022-02-11,2024-12-19,Midlands,Professional Services,Basic,Annual,Sales-led,57.83,34,202.4,12,3,0,8.7,8,Healthy adoption in team; users asked for reporting improvements.,,,,0,2,1,12,established,16.866666666666667,0.2857213438735178,0.08823529411764706,0,0,65,0,0,0.0,213,3.900000000000002
CUST-1502,2021-09-11,2024-12-28,Northern Ireland,Retail,Standard,Monthly,Renewal upgrade,80.34,39,384.6,17,2,0,7.0,10,Healthy adoption in team; users asked for reporting improvements.,,,,0,9,3,3,long_term,22.623529411764707,0.20889235569422776,0.05128205128205128,0,0,65,0,0,0.0,274,6.0
CUST-1503,2022-01-09,2024-12-23,South West,Technology,Standard,Monthly,Renewal upgrade,91.92,35,141.5,11,3,0,5.4,5,Healthy adoption in team; users asked for reporting improvements.,,,,0,1,1,8,established,12.863636363636363,0.6496113074204947,0.08571428571428572,0,1,65,0,0,0.0,121,13.799999999999999
CUST-1504,2021-02-09,2024-12-08,North West,Manufacturing,Basic,Monthly,Self-serve,35.36,46,105.4,0,0,0,6.5,2,Customer mentioned price sensitivity and asked about lower plan options.,,,,0,2,1,23,long_term,,0.3354838709677419,0.0,0,0,72,1,0,0.0,32,0.0
CUST-1505,2023-10-01,2024-12-21,Scotland,Professional Services,Premium,Monthly,Sales-led,200.26,15,199.5,7,3,0,8.4,11,Low usage noted in recent month; customer did not attend webinar.,,,,0,10,4,10,growing,28.5,1.0038095238095237,0.2,0,0,65,0,0,0.0,305,4.799999999999999
CUST-1506,2021-06-19,2024-12-30,Midlands,Technology,Enterprise,Annual,Partner,359.51,42,309.9,11,2,0,8.7,5,Invoice query raised; finance contact requested clarification.,,,,0,6,2,1,long_term,28.172727272727272,1.1600838980316233,0.047619047619047616,0,0,62,1,0,0.0,121,2.6000000000000014
CUST-1507,2023-05-20,2024-12-29,South East,Healthcare,Basic,Annual,Self-serve,22.57,19,261.5,15,1,0,9.5,12,Support issue around onboarding and admin setup.,,,,0,5,2,2,established,17.433333333333334,0.08630975143403442,0.05263157894736842,0,0,48,0,1,0.0,335,0.5
CUST-1508,2021-07-24,2024-12-23,Northern Ireland,Education,Enterprise,Monthly,Renewal upgrade,330.83,41,326.1,19,0,1,8.0,3,Invoice query raised; finance contact requested clarification.,,,,0,7,3,8,long_term,17.163157894736845,1.0145047531432074,0.0,0,0,62,1,0,0.024390243902439025,60,0.0
CUST-1509,2021-10-09,2024-12-30,North West,Technology,Basic,Annual,Self-serve,47.41,38,150.6,0,2,0,6.2,10,Low usage noted in recent month; customer did not attend webinar.,,,,0,10,4,1,long_term,,0.3148074369189907,0.05263157894736842,0,0,65,0,0,0.0,274,7.6
CUST-1510,2022-05-31,2024-12-20,London,Professional Services,Enterprise,Monthly,Sales-led,343.33,31,299.6,18,6,0,8.6,8,Support issue around onboarding and admin setup.,,,,0,5,2,11,established,16.644444444444446,1.145961281708945,0.1935483870967742,0,0,48,0,1,0.0,213,8.400000000000002
CUST-1511,2021-01-19,2024-11-15,London,Retail,Enterprise,Annual,Sales-led,333.11,47,649.1,21,5,0,8.0,1,Customer mentioned price sensitivity and asked about lower plan options.,,,,0,1,1,46,long_term,30.90952380952381,0.5131874903712833,0.10638297872340426,0,0,72,1,0,0.0,1,10.0
CUST-1512,2020-11-17,2024-12-28,Northern Ireland,Education,Basic,Monthly,Partner,72.34,49,196.6,3,2,0,8.1,3,Invoice query raised; finance contact requested clarification.,price,2025-03-30,success_call,1,11,4,3,long_term,65.53333333333333,0.36795523906408956,0.04081632653061224,0,0,62,1,0,0.0,60,3.8000000000000007
CUST-1513,2021-07-07,2024-12-26,London,Retail,Premium,Monthly,Renewal upgrade,182.75,41,210.4,7,2,1,5.2,12,Customer mentioned price sensitivity and asked about lower plan options.,price,2025-01-04,none,1,7,3,5,long_term,30.057142857142857,0.8685836501901141,0.04878048780487805,0,1,72,1,0,0.024390243902439025,335,9.6
CUST-1514,2023-03-20,2024-12-17,South East,Manufacturing,Enterprise,Monthly,Sales-led,354.7,21,230.5,8,5,0,6.3,9,Manager requested renewal details and training resources.,low_usage,2025-03-22,none,1,3,1,14,established,28.8125,1.5388286334056398,0.23809523809523808,0,0,57,0,0,0.0,244,18.5
CUST-1515,2020-07-30,2024-12-30,South East,Retail,Enterprise,Annual,Partner,340.7,53,336.8,7,6,1,8.5,3,Customer mentioned price sensitivity and asked about lower plan options.,,,,0,7,3,1,long_term,48.114285714285714,1.0115795724465557,0.11320754716981132,0,0,72,1,0,0.018867924528301886,60,9.0
CUST-1516,2021-09-30,2024-12-14,London,Professional Services,Enterprise,Monthly,Renewal upgrade,357.67,39,404.1,19,2,1,7.2,1,Invoice query raised; finance contact requested clarification.,,,,0,9,3,17,long_term,21.26842105263158,0.8851026973521405,0.05128205128205128,0,0,62,1,0,0.02564102564102564,1,5.6
CUST-1517,2022-09-08,2024-12-21,South East,Retail,Standard,Monthly,Sales-led,94.43,27,131.0,8,3,2,7.8,7,Multiple support contacts; wants faster response time.,,,,0,9,3,10,established,16.375,0.7208396946564886,0.1111111111111111,0,0,54,0,1,0.07407407407407407,182,6.6000000000000005
CUST-1518,2022-10-28,2024-12-29,Midlands,Healthcare,Basic,Annual,Sales-led,45.6,26,242.8,14,2,0,4.5,11,Support issue around onboarding and admin setup.,support,2025-03-17,discount,1,10,4,2,established,17.342857142857145,0.18780889621087316,0.07692307692307693,0,0,48,0,1,0.0,305,11.0
CUST-1519,2021-09-26,2024-12-24,London,Professional Services,Premium,Annual,Partner,186.33,39,241.1,8,3,0,6.9,5,,,,,0,9,3,7,long_term,30.1375,0.7728328494400665,0.07692307692307693,0,0,0,0,0,0.0,121,9.299999999999999
CUST-1520,2020-04-28,2024-12-25,Midlands,Professional Services,Standard,Monthly,Self-serve,79.45,56,194.8,8,0,0,8.0,12,Low usage noted in recent month; customer did not attend webinar.,,,,0,4,2,6,long_term,24.35,0.4078542094455852,0.0,0,0,65,0,0,0.0,335,0.0
CUST-1521,2020-01-24,2024-12-28,Northern Ireland,Technology,Standard,Annual,Sales-led,118.16,59,664.2,26,2,1,10.0,8,Low usage noted in recent month; customer did not attend webinar.,,,,0,1,1,3,long_term,25.54615384615385,0.1778982234266787,0.03389830508474576,0,0,65,0,0,0.01694915254237288,213,0.0
CUST-1522,2021-11-17,2024-11-11,South East,Retail,Standard,Annual,Partner,101.19,37,307.8,19,4,0,6.0,7,Manager requested renewal details and training resources.,,,,0,11,4,50,long_term,16.2,0.32875243664717346,0.10810810810810811,0,0,57,0,0,0.0,182,16.0
CUST-1523,2023-03-28,2024-12-18,London,Healthcare,Standard,Monthly,Self-serve,114.37,21,147.0,0,1,3,,12,Support issue around onboarding and admin setup.,business_closed,2025-01-12,discount,1,3,1,13,established,,0.7780272108843538,0.047619047619047616,0,0,48,0,1,0.14285714285714285,335,5.0
CUST-1524,2020-02-11,2024-12-18,Scotland,Professional Services,Basic,Annual,Renewal upgrade,36.09,58,203.8,4,3,0,9.2,1,Healthy adoption in team; users asked for reporting improvements.,,,,0,2,1,13,long_term,50.95,0.17708537782139352,0.05172413793103448,0,0,65,0,0,0.0,1,2.400000000000002
CUST-1525,2023-07-19,2024-12-26,London,Healthcare,Premium,Monthly,Renewal upgrade,167.92,17,352.6,14,2,0,,10,Support issue around onboarding and admin setup.,,,,0,7,3,5,growing,25.185714285714287,0.4762336925694838,0.11764705882352941,0,0,48,0,1,0.0,274,10.0
CUST-1526,2022-09-13,2024-12-20,South East,Retail,Basic,Annual,Partner,35.06,27,232.1,5,0,0,7.9,3,Low usage noted in recent month; customer did not attend webinar.,,,,0,9,3,11,established,46.42,0.15105557949159845,0.0,0,0,65,0,0,0.0,60,0.0
CUST-1527,2020-01-12,2024-12-18,South West,Manufacturing,Premium,Monthly,Self-serve,182.0,59,61.2,1,2,0,7.5,8,Customer happy with product but needs integration advice.,,,,0,1,1,13,long_term,61.2,2.9738562091503264,0.03389830508474576,0,0,57,0,0,0.0,213,5.0
CUST-1528,2021-05-16,2024-12-30,South West,Retail,Premium,Annual,Sales-led,179.79,43,254.0,10,0,0,6.3,10,Invoice query raised; finance contact requested clarification.,price,2025-02-06,none,1,5,2,1,long_term,25.4,0.7078346456692913,0.0,0,0,62,1,0,0.0,274,0.0
CUST-1529,2020-11-17,2024-12-28,Midlands,Technology,Standard,Monthly,Self-serve,93.43,49,239.8,7,1,0,,11,Low usage noted in recent month; customer did not attend webinar.,,,,0,11,4,3,long_term,34.25714285714286,0.3896163469557965,0.02040816326530612,0,0,65,0,0,0.0,305,5.0
CUST-1530,2023-10-17,2024-12-28,South East,Technology,Standard,Monthly,Sales-led,86.83,14,230.3,9,2,0,9.8,5,Invoice query raised; finance contact requested clarification.,,,,0,10,4,3,growing,25.58888888888889,0.3770299609205384,0.14285714285714285,0,0,62,1,0,0.0,121,0.3999999999999986
CUST-1531,2022-03-20,2024-12-25,Wales,Professional Services,Standard,Annual,Self-serve,83.8,33,177.5,10,3,0,8.2,11,Low usage noted in recent month; customer did not attend webinar.,,,,0,3,1,6,established,17.75,0.472112676056338,0.09090909090909091,0,0,65,0,0,0.0,305,5.400000000000002
CUST-1532,2021-04-18,2024-12-20,Midlands,Professional Services,Enterprise,Monthly,Sales-led,348.42,44,363.8,14,2,0,8.2,7,Support issue around onboarding and admin setup.,,,,0,4,2,11,long_term,25.985714285714288,0.957724024189115,0.045454545454545456,0,0,48,0,1,0.0,182,3.6000000000000014
CUST-1533,2021-02-09,2024-12-30,North West,Professional Services,Premium,Annual,Self-serve,173.41,46,437.1,16,3,0,8.7,7,Support issue around onboarding and admin setup.,,,,0,2,1,1,long_term,27.31875,0.39672843742850605,0.06521739130434782,0,0,48,0,1,0.0,182,3.900000000000002
CUST-1534,2022-04-03,2024-12-14,Wales,Manufacturing,Standard,Annual,Sales-led,90.77,32,88.5,3,2,0,8.2,12,Low usage noted in recent month; customer did not attend webinar.,,,,0,4,2,17,established,29.5,1.0256497175141241,0.0625,0,0,65,0,0,0.0,335,3.6000000000000014
CUST-1535,2020-01-08,2024-12-24,London,Professional Services,Basic,Annual,Sales-led,67.57,59,62.8,2,1,0,8.7,7,Support issue around onboarding and admin setup.,,,,0,1,1,7,long_term,31.4,1.0759554140127388,0.01694915254237288,0,0,48,0,1,0.0,182,1.3000000000000007
CUST-1536,2021-01-10,2024-12-23,London,Public Sector,Basic,Monthly,Sales-led,48.01,47,175.3,0,1,1,6.8,11,Invoice query raised; finance contact requested clarification.,price,2025-02-08,none,1,1,1,8,long_term,,0.2738733599543639,0.02127659574468085,0,0,62,1,0,0.02127659574468085,305,3.2
CUST-1537,2020-08-29,2024-12-15,Scotland,Public Sector,Standard,Annual,Self-serve,114.24,52,324.6,15,2,0,10.0,10,Healthy adoption in team; users asked for reporting improvements.,,,,0,8,3,16,long_term,21.64,0.3519408502772643,0.038461538461538464,0,0,65,0,0,0.0,274,0.0
CUST-1538,2022-06-24,2024-12-22,London,Public Sector,Enterprise,Monthly,Partner,342.6,30,191.4,6,2,0,9.7,8,Customer mentioned price sensitivity and asked about lower plan options.,,,,0,6,2,9,established,31.900000000000002,1.7899686520376177,0.06666666666666667,0,0,72,1,0,0.0,213,0.6000000000000014
CUST-1539,2022-09-04,2024-12-30,London,Education,Premium,Monthly,Sales-led,181.94,27,63.5,8,1,0,8.5,2,Manager requested renewal details and training resources.,,,,0,9,3,1,established,7.9375,2.865196850393701,0.037037037037037035,0,0,57,0,0,0.0,32,1.5
CUST-1540,2021-11-12,2024-12-24,Northern Ireland,Technology,Basic,Annual,Renewal upgrade,48.33,37,167.0,9,2,0,6.4,3,Customer mentioned price sensitivity and asked about lower plan options.,,,,0,11,4,7,long_term,18.555555555555557,0.2894011976047904,0.05405405405405406,0,0,72,1,0,0.0,60,7.199999999999999
CUST-1541,2020-07-23,2024-12-28,South West,Professional Services,Premium,Annual,Renewal upgrade,158.63,53,309.0,17,2,1,6.4,5,Healthy adoption in team; users asked for reporting improvements.,,,,0,7,3,3,long_term,18.176470588235293,0.5133656957928803,0.03773584905660377,0,0,65,0,0,0.018867924528301886,121,7.199999999999999
CUST-1542,2021-06-25,2024-12-13,Scotland,Healthcare,Standard,Annual,Self-serve,116.14,42,192.6,4,3,0,7.0,5,Manager requested renewal details and training resources.,,,,0,6,2,18,long_term,48.15,0.6030114226375909,0.07142857142857142,0,0,57,0,0,0.0,121,9.0
CUST-1543,2023-05-15,2024-12-23,Northern Ireland,Retail,Premium,Monthly,Self-serve,177.38,19,356.9,13,1,1,8.4,11,Customer mentioned price sensitivity and asked about lower plan options.,,,,0,5,2,8,established,27.45384615384615,0.49700196133370694,0.05263157894736842,0,0,72,1,0,0.05263157894736842,305,1.5999999999999996
CUST-1544,2020-10-24,2024-12-15,South West,Technology,Basic,Annual,Self-serve,57.96,50,195.5,3,2,0,5.1,5,Healthy adoption in team; users asked for reporting improvements.,,,,0,10,4,16,long_term,65.16666666666667,0.2964705882352941,0.04,0,0,65,0,0,0.0,121,9.8
CUST-1545,2020-08-26,2024-12-29,London,Education,Standard,Annual,Sales-led,89.98,52,155.0,3,1,0,8.6,12,Low usage noted in recent month; customer did not attend webinar.,,,,0,8,3,2,long_term,51.666666666666664,0.5805161290322581,0.019230769230769232,0,0,65,0,0,0.0,335,1.4000000000000004
CUST-1546,2020-06-11,2024-12-24,North West,Public Sector,Enterprise,Monthly,Self-serve,347.02,54,190.7,13,4,1,8.8,1,Support issue around onboarding and admin setup.,,,,0,6,2,7,long_term,14.669230769230769,1.8197168327215523,0.07407407407407407,0,0,48,0,1,0.018518518518518517,1,4.799999999999997
CUST-1547,2023-04-07,2024-12-23,North West,Professional Services,Basic,Annual,Sales-led,38.6,20,168.8,13,3,0,8.3,1,Multiple support contacts; wants faster response time.,,,,0,4,2,8,established,12.984615384615385,0.22867298578199052,0.15,0,0,54,0,1,0.0,1,5.099999999999998
CUST-1548,2020-06-24,2024-12-11,London,Technology,Premium,Monthly,Renewal upgrade,193.83,54,184.7,3,2,1,6.4,3,Customer mentioned price sensitivity and asked about lower plan options.,competitor,2025-02-15,none,1,6,2,20,long_term,61.56666666666666,1.0494315105576613,0.037037037037037035,0,0,72,1,0,0.018518518518518517,60,7.199999999999999
CUST-1549,2022-04-29,2024-12-24,Midlands,Education,Enterprise,Monthly,Renewal upgrade,352.74,32,93.9,2,4,1,5.3,4,Customer happy with product but needs integration advice.,price,2025-01-12,discount,1,4,2,7,established,46.95,3.756549520766773,0.125,1,1,57,0,0,0.03125,91,18.8
CUST-1550,2023-12-29,2024-12-21,North West,Education,Basic,Annual,Partner,53.4,12,187.3,7,1,0,8.4,7,Low usage noted in recent month; customer did not attend webinar.,,,,0,12,4,10,growing,26.75714285714286,0.28510411105178857,0.08333333333333333,0,0,65,0,0,0.0,182,1.5999999999999996
CUST-1551,2022-07-26,2024-12-25,North West,Technology,Basic,Annual,Self-serve,65.3,29,124.3,7,3,0,7.0,12,Customer happy with product but needs integration advice.,,,,0,7,3,6,established,17.757142857142856,0.5253419147224457,0.10344827586206896,0,0,57,0,0,0.0,335,9.0
CUST-1552,2021-08-24,2024-12-26,London,Healthcare,Premium,Monthly,Self-serve,192.88,40,179.5,0,1,1,8.3,9,Customer happy with product but needs integration advice.,support,2025-01-11,success_call,1,8,3,5,long_term,,1.0745403899721448,0.025,0,0,57,0,0,0.025,244,1.6999999999999993
CUST-1553,2020-10-28,2024-12-30,London,Healthcare,Standard,Monthly,Renewal upgrade,108.18,50,108.4,0,1,0,8.6,7,Customer mentioned price sensitivity and asked about lower plan options.,,,,0,10,4,1,long_term,,0.997970479704797,0.02,0,0,72,1,0,0.0,182,1.4000000000000004
CUST-1554,2020-01-03,2024-12-28,South West,Education,Basic,Monthly,Sales-led,31.94,59,292.1,14,2,1,9.5,11,Invoice query raised; finance contact requested clarification.,,,,0,1,1,3,long_term,20.864285714285717,0.1093461143444026,0.03389830508474576,0,0,62,1,0,0.01694915254237288,305,1.0
CUST-1555,2020-08-15,2024-12-27,London,Professional Services,Standard,Annual,Sales-led,90.65,52,299.0,4,0,1,6.6,3,Support issue around onboarding and admin setup.,business_closed,2025-01-05,none,1,8,3,4,long_term,74.75,0.3031772575250836,0.0,0,0,48,0,1,0.019230769230769232,60,0.0
CUST-1556,2023-10-23,2024-12-09,South East,Retail,Premium,Monthly,Self-serve,166.95,14,501.3,18,0,1,9.5,10,Customer happy with product but needs integration advice.,support,2025-03-06,none,1,10,4,22,growing,27.85,0.3330341113105924,0.0,0,0,57,0,0,0.07142857142857142,274,0.0
CUST-1557,2020-07-28,2024-12-24,South East,Retail,Standard,Monthly,Sales-led,107.73,53,165.9,7,2,1,6.8,11,Support issue around onboarding and admin setup.,,,,0,7,3,7,long_term,23.7,0.649367088607595,0.03773584905660377,0,0,48,0,1,0.018867924528301886,305,6.4
CUST-1558,2020-01-30,2024-12-26,North West,Professional Services,Standard,Annual,Sales-led,101.05,59,307.3,14,1,3,7.3,2,Manager requested renewal details and training resources.,,,,0,1,1,5,long_term,21.95,0.32883176049463064,0.01694915254237288,0,0,57,0,0,0.05084745762711865,32,2.7
CUST-1559,2023-04-06,2024-12-29,Scotland,Technology,Premium,Monthly,Sales-led,162.31,20,250.2,9,1,1,9.2,12,Customer happy with product but needs integration advice.,,,,0,4,2,2,established,27.799999999999997,0.6487210231814549,0.05,0,0,57,0,0,0.05,335,0.8000000000000007
CUST-1560,2021-09-03,2024-12-25,North West,Education,Standard,Annual,Self-serve,96.74,39,158.2,5,2,0,,11,Multiple support contacts; wants faster response time.,,,,0,9,3,6,long_term,31.639999999999997,0.6115044247787611,0.05128205128205128,0,0,54,0,1,0.0,305,10.0
CUST-1561,2021-06-05,2024-12-29,London,Healthcare,Premium,Monthly,Sales-led,161.07,42,189.8,11,2,1,9.5,8,Multiple support contacts; wants faster response time.,,,,0,6,2,2,long_term,17.254545454545454,0.8486301369863013,0.047619047619047616,0,0,54,0,1,0.023809523809523808,213,1.0
CUST-1562,2022-11-13,2024-12-20,South East,Healthcare,Standard,Annual,Sales-led,98.36,25,298.7,13,0,0,9.3,8,Customer happy with product but needs integration advice.,,,,0,11,4,11,established,22.976923076923075,0.32929360562437227,0.0,0,0,57,0,0,0.0,213,0.0
CUST-1563,2022-02-02,2024-12-27,Northern Ireland,Healthcare,Enterprise,Monthly,Sales-led,329.14,34,146.2,3,0,0,7.9,8,Low usage noted in recent month; customer did not attend webinar.,,,,0,2,1,4,established,48.73333333333333,2.2512995896032835,0.0,0,0,65,0,0,0.0,213,0.0
CUST-1564,2023-08-28,2024-12-10,Wales,Manufacturing,Standard,Monthly,Self-serve,105.35,16,311.8,13,2,0,7.9,4,Low usage noted in recent month; customer did not attend webinar.,support,2025-03-09,none,1,8,3,21,growing,23.984615384615385,0.33787684413085306,0.125,0,0,65,0,0,0.0,91,4.199999999999999
CUST-1565,2021-11-13,2024-12-30,Wales,Technology,Basic,Monthly,Renewal upgrade,53.54,37,,8,2,1,4.7,8,Multiple support contacts; wants faster response time.,business_closed,2025-03-26,discount,1,11,4,1,long_term,,,0.05405405405405406,0,1,54,0,1,0.02702702702702703,213,10.6
CUST-1566,2022-11-06,2024-12-19,Wales,Technology,Premium,Annual,Sales-led,201.9,25,389.0,22,0,1,10.0,4,Healthy adoption in team; users asked for reporting improvements.,,,,0,11,4,12,established,17.681818181818183,0.5190231362467866,0.0,0,0,65,0,0,0.04,91,0.0
CUST-1567,2023-07-07,2024-12-18,Midlands,Healthcare,Standard,Annual,Partner,109.17,17,269.2,14,1,0,7.8,3,Multiple support contacts; wants faster response time.,,,,0,7,3,13,growing,19.228571428571428,0.40553491827637445,0.058823529411764705,0,0,54,0,1,0.0,60,2.2
CUST-1568,2021-11-07,2024-12-30,London,Retail,Basic,Monthly,Partner,43.93,37,57.6,7,1,0,8.2,6,Customer happy with product but needs integration advice.,,,,0,11,4,1,long_term,8.22857142857143,0.7626736111111111,0.02702702702702703,0,0,57,0,0,0.0,152,1.8000000000000007
CUST-1569,2021-02-19,2024-12-27,South East,Healthcare,Basic,Monthly,Sales-led,58.82,46,143.1,3,4,1,7.7,9,Low usage noted in recent month; customer did not attend webinar.,price,2025-01-28,none,1,2,1,4,long_term,47.699999999999996,0.4110412299091545,0.08695652173913043,0,0,65,0,0,0.021739130434782608,244,9.2
CUST-1570,2023-11-23,2024-12-25,Scotland,Education,Premium,Annual,Partner,162.23,13,419.6,15,3,1,6.2,8,Low usage noted in recent month; customer did not attend webinar.,,,,0,11,4,6,growing,27.973333333333336,0.38663012392755003,0.23076923076923078,0,0,65,0,0,0.07692307692307693,213,11.399999999999999
CUST-1571,2020-11-27,2024-12-31,South East,Healthcare,Basic,Monthly,Partner,37.45,49,155.4,5,1,0,6.5,4,Invoice query raised; finance contact requested clarification.,,,,0,11,4,0,long_term,31.080000000000002,0.240990990990991,0.02040816326530612,0,0,62,1,0,0.0,91,3.5
CUST-1572,2020-02-27,2024-12-31,Northern Ireland,Manufacturing,Standard,Monthly,Self-serve,103.0,58,193.3,7,2,0,10.0,9,Customer happy with product but needs integration advice.,,,,0,2,1,0,long_term,27.614285714285717,0.5328504914640455,0.034482758620689655,0,0,57,0,0,0.0,244,0.0
CUST-1573,2022-04-24,2024-12-30,North West,Education,Basic,Annual,Sales-led,23.1,32,179.9,3,2,0,8.2,12,Customer mentioned price sensitivity and asked about lower plan options.,,,,0,4,2,1,established,59.96666666666667,0.1284046692607004,0.0625,0,0,72,1,0,0.0,335,3.6000000000000014
CUST-1574,2023-12-11,2024-12-31,Midlands,Retail,Standard,Monthly,Sales-led,98.55,12,66.3,8,3,2,5.4,2,Invoice query raised; finance contact requested clarification.,competitor,2025-02-13,success_call,1,12,4,0,growing,8.2875,1.4864253393665159,0.25,1,1,62,1,0,0.16666666666666666,32,13.799999999999999
CUST-1575,2020-05-06,2024-12-29,Northern Ireland,Healthcare,Standard,Monthly,Renewal upgrade,86.76,55,330.8,17,2,1,7.8,8,Customer happy with product but needs integration advice.,,,,0,5,2,2,long_term,19.458823529411767,0.262273276904474,0.03636363636363636,0,0,57,0,0,0.01818181818181818,213,4.4
CUST-1576,2023-05-25,2024-12-01,North West,Healthcare,Standard,Monthly,Partner,100.22,19,46.6,1,4,2,7.6,7,Multiple support contacts; wants faster response time.,business_closed,2025-01-24,discount,1,5,2,30,established,46.6,2.150643776824034,0.21052631578947367,1,0,54,0,1,0.10526315789473684,182,9.600000000000001
CUST-1577,2023-04-27,2024-12-24,South West,Professional Services,Basic,Monthly,Renewal upgrade,36.07,20,273.0,13,2,1,9.1,7,Multiple support contacts; wants faster response time.,business_closed,2025-03-07,none,1,4,2,7,established,21.0,0.13212454212454214,0.1,0,0,54,0,1,0.05,182,1.8000000000000007
CUST-1578,2023-09-18,2024-12-23,Scotland,Professional Services,Basic,Annual,Renewal upgrade,54.09,15,138.8,6,2,0,5.4,3,Multiple support contacts; wants faster response time.,low_usage,2025-02-02,discount,1,9,3,8,growing,23.133333333333336,0.3896974063400576,0.13333333333333333,0,0,54,0,1,0.0,60,9.2
CUST-1579,2021-09-07,2024-12-31,Northern Ireland,Public Sector,Standard,Annual,Sales-led,99.23,39,278.5,14,1,0,10.0,9,Customer mentioned price sensitivity and asked about lower plan options.,,,,0,9,3,0,long_term,19.892857142857142,0.35630161579892283,0.02564102564102564,0,0,72,1,0,0.0,244,0.0
CUST-1580,2021-01-06,2024-12-22,South East,Healthcare,Standard,Annual,Partner,115.8,47,72.8,0,1,1,8.6,1,Customer happy with product but needs integration advice.,,,,0,1,1,9,long_term,,1.5906593406593408,0.02127659574468085,0,0,57,0,0,0.02127659574468085,1,1.4000000000000004
CUST-1581,2022-01-17,2024-12-27,North West,Retail,Standard,Monthly,Self-serve,99.08,35,278.9,11,2,1,7.5,11,Multiple support contacts; wants faster response time.,,,,0,1,1,4,established,25.354545454545452,0.35525277877375405,0.05714285714285714,0,0,54,0,1,0.02857142857142857,305,5.0
CUST-1582,2020-07-26,2024-11-07,Scotland,Education,Basic,Annual,Partner,39.78,53,222.4,9,1,0,6.4,2,Multiple support contacts; wants faster response time.,,,,0,7,3,54,long_term,24.711111111111112,0.17886690647482015,0.018867924528301886,0,0,54,0,1,0.0,32,3.5999999999999996
CUST-1583,2023-05-15,2024-12-26,London,Public Sector,Basic,Monthly,Sales-led,46.04,19,186.4,10,1,1,,8,Low usage noted in recent month; customer did not attend webinar.,support,2025-01-13,success_call,1,5,2,5,established,18.64,0.24699570815450642,0.05263157894736842,0,0,65,0,0,0.05263157894736842,213,5.0
CUST-1584,2022-08-26,2024-12-14,North West,Retail,Basic,Annual,Sales-led,32.87,28,53.1,0,3,0,7.7,1,Multiple support contacts; wants faster response time.,,,,0,8,3,17,established,,0.619020715630885,0.10714285714285714,1,0,54,0,1,0.0,1,6.8999999999999995
CUST-1585,2021-12-06,2024-12-29,South West,Public Sector,Standard,Monthly,Partner,103.87,36,127.0,0,0,1,5.5,10,Multiple support contacts; wants faster response time.,,,,0,12,4,2,established,,0.8178740157480315,0.0,0,1,54,0,1,0.027777777777777776,274,0.0
CUST-1586,2022-01-23,2024-12-18,Wales,Technology,Standard,Annual,Partner,106.08,35,269.9,6,4,0,7.2,12,Customer mentioned price sensitivity and asked about lower plan options.,,,,0,1,1,13,established,44.98333333333333,0.39303445720637276,0.11428571428571428,0,0,72,1,0,0.0,335,11.2
CUST-1587,2022-11-05,2024-12-25,London,Education,Premium,Monthly,Self-serve,208.63,25,,15,3,0,10.0,11,Multiple support contacts; wants faster response time.,,,,0,11,4,6,established,,,0.12,0,0,54,0,1,0.0,305,0.0
CUST-1588,2022-02-02,2024-12-30,South East,Manufacturing,Standard,Monthly,Sales-led,91.54,34,116.9,5,1,3,6.7,7,Customer happy with product but needs integration advice.,price,2025-02-15,none,1,2,1,1,established,23.380000000000003,0.7830624465355004,0.029411764705882353,0,0,57,0,0,0.08823529411764706,182,3.3
CUST-1589,2023-05-11,2024-12-24,London,Professional Services,Standard,Monthly,Sales-led,95.79,19,118.7,11,3,1,5.8,11,Low usage noted in recent month; customer did not attend webinar.,business_closed,2025-01-19,none,1,5,2,7,established,10.790909090909091,0.8069924178601516,0.15789473684210525,1,1,65,0,0,0.05263157894736842,305,12.600000000000001
CUST-1590,2023-09-11,2024-12-30,London,Technology,Standard,Monthly,Renewal upgrade,92.09,15,225.6,11,3,1,5.8,4,Healthy adoption in team; users asked for reporting improvements.,competitor,2025-03-18,discount,1,9,3,1,growing,20.509090909090908,0.4082003546099291,0.2,0,1,65,0,0,0.06666666666666667,91,12.600000000000001
CUST-1591,2023-10-18,2024-12-29,South West,Healthcare,Basic,Monthly,Self-serve,51.55,14,411.2,17,4,0,10.0,11,Multiple support contacts; wants faster response time.,,,,0,10,4,2,growing,24.188235294117646,0.1253647859922179,0.2857142857142857,0,0,54,0,1,0.0,305,0.0
CUST-1592,2022-06-24,2024-11-22,North West,Technology,Standard,Annual,Self-serve,103.58,30,159.7,6,3,0,8.7,8,Support issue around onboarding and admin setup.,,,,0,6,2,39,established,26.616666666666664,0.6485911083281153,0.1,0,0,48,0,1,0.0,213,3.900000000000002
CUST-1593,2022-12-20,2024-12-27,South East,Education,Standard,Annual,Self-serve,98.36,24,184.0,12,1,0,10.0,1,Manager requested renewal details and training resources.,,,,0,12,4,4,established,15.333333333333334,0.5345652173913044,0.041666666666666664,0,0,57,0,0,0.0,1,0.0
CUST-1594,2021-03-30,2024-12-22,Scotland,Professional Services,Standard,Monthly,Self-serve,112.04,45,146.9,4,1,2,7.5,12,Support issue around onboarding and admin setup.,support,2025-03-15,discount,1,3,1,9,long_term,36.725,0.7626957113682777,0.022222222222222223,0,0,48,0,1,0.044444444444444446,335,2.5
CUST-1595,2020-02-25,2024-12-28,London,Professional Services,Basic,Annual,Self-serve,41.6,58,157.4,6,1,1,9.4,5,Multiple support contacts; wants faster response time.,competitor,2025-01-13,discount,1,2,1,3,long_term,26.233333333333334,0.26429479034307496,0.017241379310344827,0,0,54,0,1,0.017241379310344827,121,0.5999999999999996
CUST-1596,2021-08-07,2024-12-13,South East,Manufacturing,Premium,Annual,Self-serve,190.83,40,451.4,14,1,0,,5,Manager requested renewal details and training resources.,,,,0,8,3,18,long_term,32.24285714285714,0.4227514399645548,0.025,0,0,57,0,0,0.0,121,5.0
CUST-1597,2023-06-26,2024-12-29,Midlands,Education,Enterprise,Annual,Partner,355.46,18,291.1,17,13,1,5.3,11,Customer mentioned price sensitivity and asked about lower plan options.,business_closed,2025-03-16,discount,1,6,2,2,growing,17.123529411764707,1.2210924081071795,0.7222222222222222,0,0,72,1,0,0.05555555555555555,305,61.1
CUST-1598,2020-07-13,2024-12-13,Wales,Professional Services,Basic,Annual,Renewal upgrade,48.86,53,498.8,22,3,1,8.8,5,Customer mentioned price sensitivity and asked about lower plan options.,,,,0,7,3,18,long_term,22.672727272727272,0.0979550922213312,0.05660377358490566,0,0,72,1,0,0.018867924528301886,121,3.599999999999998
CUST-1599,2022-03-07,2024-12-01,South West,Public Sector,Standard,Annual,Renewal upgrade,95.22,33,235.6,7,3,0,9.8,5,Multiple support contacts; wants faster response time.,,,,0,3,1,30,established,33.65714285714286,0.4041595925297114,0.09090909090909091,0,0,54,0,1,0.0,121,0.5999999999999979
CUST-1600,2020-10-07,2024-12-18,Wales,Public Sector,Premium,Annual,Self-serve,208.12,50,472.5,18,1,0,9.6,2,Healthy adoption in team; users asked for reporting improvements.,,,,0,10,4,13,long_term,26.25,0.44046560846560845,0.02,0,0,65,0,0,0.0,32,0.40000000000000036
CUST-1601,2021-09-18,2024-12-19,North West,Education,Standard,Annual,Self-serve,89.2,39,191.1,10,1,0,7.1,12,Invoice query raised; finance contact requested clarification.,,,,0,9,3,12,long_term,19.11,0.4667713239141811,0.02564102564102564,0,0,62,1,0,0.0,335,2.9000000000000004
CUST-1602,2020-07-28,2024-12-16,Midlands,Healthcare,Premium,Annual,Partner,182.58,53,127.7,4,2,2,6.9,1,Customer mentioned price sensitivity and asked about lower plan options.,,,,0,7,3,15,long_term,31.925,1.4297572435395458,0.03773584905660377,0,0,72,1,0,0.03773584905660377,1,6.199999999999999
CUST-1603,2022-12-08,2024-12-30,South West,Professional Services,Standard,Monthly,Partner,90.0,24,186.0,5,2,0,5.2,7,Multiple support contacts; wants faster response time.,price,2025-02-01,none,1,12,4,1,established,37.2,0.4838709677419355,0.08333333333333333,0,1,54,0,1,0.0,182,9.6
CUST-1604,2023-03-29,2024-12-15,Midlands,Public Sector,Enterprise,Monthly,Self-serve,370.43,21,338.0,11,2,0,4.9,6,Customer happy with product but needs integration advice.,price,2025-02-24,discount,1,3,1,16,established,30.727272727272727,1.0959467455621301,0.09523809523809523,0,1,57,0,0,0.0,152,10.2
CUST-1605,2023-01-12,2024-12-26,South West,Retail,Enterprise,Monthly,Partner,359.64,23,172.2,8,4,0,8.4,10,Healthy adoption in team; users asked for reporting improvements.,support,2025-02-03,none,1,1,1,5,established,21.525,2.088501742160279,0.17391304347826086,0,0,65,0,0,0.0,274,6.399999999999999
CUST-1606,2022-10-26,2024-12-24,Midlands,Technology,Basic,Annual,Partner,40.86,26,284.7,10,3,1,7.0,10,Multiple support contacts; wants faster response time.,,,,0,10,4,7,established,28.47,0.14351949420442572,0.11538461538461539,0,0,54,0,1,0.038461538461538464,274,9.0
CUST-1607,2020-12-09,2024-12-26,Northern Ireland,Healthcare,Standard,Monthly,Partner,105.15,48,150.6,4,1,0,7.5,1,Support issue around onboarding and admin setup.,,,,0,12,4,5,long_term,37.65,0.6982071713147411,0.020833333333333332,0,0,48,0,1,0.0,1,2.5
CUST-1608,2022-02-13,2024-12-11,London,Education,Standard,Annual,Partner,102.09,34,125.5,0,2,1,8.4,4,Multiple support contacts; wants faster response time.,,,,0,2,1,20,established,,0.8134661354581674,0.058823529411764705,0,0,54,0,1,0.029411764705882353,91,3.1999999999999993
CUST-1609,2020-06-01,2024-12-28,Midlands,Retail,Basic,Annual,Sales-led,42.8,54,452.3,18,3,0,10.0,6,Low usage noted in recent month; customer did not attend webinar.,,,,0,6,2,3,long_term,25.12777777777778,0.09462745965067432,0.05555555555555555,0,0,65,0,0,0.0,152,0.0
CUST-1610,2021-06-30,2024-12-27,North West,Professional Services,Standard,Annual,Self-serve,108.1,42,143.6,5,1,0,8.6,2,Manager requested renewal details and training resources.,,,,0,6,2,4,long_term,28.72,0.7527855153203342,0.023809523809523808,0,0,57,0,0,0.0,32,1.4000000000000004
CUST-1611,2022-01-08,2024-12-11,Scotland,Public Sector,Enterprise,Monthly,Self-serve,353.67,35,200.2,7,2,0,10.0,1,Customer mentioned price sensitivity and asked about lower plan options.,,,,0,1,1,20,established,28.599999999999998,1.7665834165834167,0.05714285714285714,0,0,72,1,0,0.0,1,0.0
CUST-1612,2022-09-03,2024-12-29,Wales,Education,Basic,Annual,Sales-led,51.59,27,235.0,10,1,0,8.9,6,Support issue around onboarding and admin setup.,,,,0,9,3,2,established,23.5,0.21953191489361704,0.037037037037037035,0,0,48,0,1,0.0,152,1.0999999999999996
CUST-1613,2020-05-21,2024-12-22,South West,Education,Standard,Annual,Renewal upgrade,98.5,55,187.7,11,2,0,8.2,2,Customer mentioned price sensitivity and asked about lower plan options.,,,,0,5,2,9,long_term,17.063636363636363,0.5247735748534896,0.03636363636363636,0,0,72,1,0,0.0,32,3.6000000000000014
CUST-1614,2023-04-01,2024-12-27,South West,Technology,Premium,Monthly,Self-serve,184.17,21,127.2,8,2,0,7.9,6,Invoice query raised; finance contact requested clarification.,support,2025-02-07,discount,1,4,2,4,established,15.9,1.447877358490566,0.09523809523809523,0,0,62,1,0,0.0,152,4.199999999999999
CUST-1615,2021-11-01,2024-12-24,South East,Technology,Standard,Annual,Sales-led,101.75,37,162.9,9,1,0,6.0,6,Customer mentioned price sensitivity and asked about lower plan options.,,,,0,11,4,7,long_term,18.1,0.6246163290362186,0.02702702702702703,0,0,72,1,0,0.0,152,4.0
CUST-1616,2023-07-10,2024-12-28,Midlands,Public Sector,Standard,Monthly,Partner,99.71,17,450.1,17,3,0,10.0,12,Customer mentioned price sensitivity and asked about lower plan options.,,,,0,7,3,3,growing,26.476470588235294,0.22152854921128637,0.17647058823529413,0,0,72,1,0,0.0,335,0.0
CUST-1617,2022-02-09,2024-12-20,Midlands,Retail,Enterprise,Annual,Partner,341.31,34,398.2,14,4,0,4.4,1,Customer mentioned price sensitivity and asked about lower plan options.,,,,0,2,1,11,established,28.442857142857143,0.8571320944249121,0.11764705882352941,0,0,72,1,0,0.0,1,22.4
CUST-1618,2022-03-09,2024-12-30,South East,Education,Standard,Monthly,Partner,119.33,33,279.5,7,1,1,7.1,4,Multiple support contacts; wants faster response time.,,,,0,3,1,1,established,39.92857142857143,0.42694096601073345,0.030303030303030304,0,0,54,0,1,0.030303030303030304,91,2.9000000000000004
CUST-1619,2022-10-08,2024-12-17,London,Technology,Basic,Monthly,Self-serve,36.39,26,165.1,4,0,0,8.2,11,,competitor,2025-02-01,discount,1,10,4,14,established,41.275,0.22041187159297396,0.0,0,0,0,0,0,0.0,305,0.0
CUST-1620,2023-04-12,2024-12-29,London,Healthcare,Basic,Monthly,Renewal upgrade,54.13,20,179.2,7,2,1,6.2,11,Customer happy with product but needs integration advice.,support,2025-02-16,discount,1,4,2,2,established,25.599999999999998,0.3020647321428572,0.1,0,0,57,0,0,0.05,305,7.6
CUST-1621,2020-08-18,2024-12-22,Midlands,Professional Services,Enterprise,Monthly,Self-serve,345.16,52,210.3,5,4,0,6.7,8,Customer mentioned price sensitivity and asked about lower plan options.,price,2025-01-10,success_call,1,8,3,9,long_term,42.06,1.6412743699476937,0.07692307692307693,0,0,72,1,0,0.0,213,13.2
CUST-1622,2022-01-16,2024-12-27,North West,Public Sector,Basic,Monthly,Self-serve,70.11,35,154.9,7,0,1,10.0,1,Low usage noted in recent month; customer did not attend webinar.,,,,0,1,1,4,established,22.12857142857143,0.452614590058102,0.0,0,0,65,0,0,0.02857142857142857,1,0.0
CUST-1623,2020-02-13,2024-12-22,South West,Education,Standard,Annual,Sales-led,88.16,58,67.0,0,1,0,9.2,10,Multiple support contacts; wants faster response time.,,,,0,2,1,9,long_term,,1.315820895522388,0.017241379310344827,0,0,54,0,1,0.0,274,0.8000000000000007
CUST-1624,2021-11-23,2024-12-04,North West,Education,Basic,Monthly,Self-serve,40.18,37,229.0,3,1,2,6.4,5,Customer mentioned price sensitivity and asked about lower plan options.,,,,0,11,4,27,long_term,76.33333333333333,0.1754585152838428,0.02702702702702703,0,0,72,1,0,0.05405405405405406,121,3.5999999999999996
CUST-1625,2023-04-02,2024-12-22,South West,Technology,Standard,Monthly,Partner,87.36,20,155.0,9,3,0,6.7,8,Invoice query raised; finance contact requested clarification.,low_usage,2025-03-27,success_call,1,4,2,9,established,17.22222222222222,0.5636129032258065,0.15,0,0,62,1,0,0.0,213,9.899999999999999
CUST-1626,2023-06-17,2024-12-13,North West,Manufacturing,Enterprise,Annual,Self-serve,352.88,18,157.3,4,4,0,5.2,6,,price,2025-01-25,success_call,1,6,2,18,growing,39.325,2.243356643356643,0.2222222222222222,0,0,0,0,0,0.0,152,19.2
CUST-1627,2021-02-17,2024-12-28,Midlands,Healthcare,Standard,Annual,Self-serve,82.52,46,246.1,6,1,1,8.9,5,Invoice query raised; finance contact requested clarification.,,,,0,2,1,3,long_term,41.016666666666666,0.33531084924827304,0.021739130434782608,0,0,62,1,0,0.021739130434782608,121,1.0999999999999996
CUST-1628,2021-07-18,2024-12-17,London,Healthcare,Enterprise,Annual,Partner,343.26,41,272.9,7,4,0,7.2,9,Low usage noted in recent month; customer did not attend webinar.,,,,0,7,3,14,long_term,38.98571428571428,1.257823378526933,0.0975609756097561,0,0,65,0,0,0.0,244,11.2
CUST-1629,2022-03-16,2024-12-29,Scotland,Healthcare,Basic,Annual,Partner,23.17,33,260.5,12,1,0,5.3,10,Multiple support contacts; wants faster response time.,,,,0,3,1,2,established,21.708333333333332,0.0889443378119002,0.030303030303030304,0,0,54,0,1,0.0,274,4.7
CUST-1630,2021-08-01,2024-12-22,Midlands,Professional Services,Standard,Monthly,Sales-led,101.89,40,188.1,13,4,1,,1,Manager requested renewal details and training resources.,,,,0,8,3,9,long_term,14.46923076923077,0.5416799574694312,0.1,0,0,57,0,0,0.025,1,20.0
CUST-1631,2020-09-16,2024-12-17,South West,Public Sector,Premium,Annual,Renewal upgrade,173.0,51,185.1,6,2,0,8.4,3,Invoice query raised; finance contact requested clarification.,,,,0,9,3,14,long_term,30.849999999999998,0.9346299297676932,0.0392156862745098,0,0,62,1,0,0.0,60,3.1999999999999993
CUST-1632,2021-03-21,2024-12-31,Midlands,Public Sector,Standard,Monthly,Partner,81.14,45,190.5,7,3,0,9.0,2,Invoice query raised; finance contact requested clarification.,,,,0,3,1,0,long_term,27.214285714285715,0.4259317585301837,0.06666666666666667,0,0,62,1,0,0.0,32,3.0
CUST-1633,2021-08-12,2024-12-26,London,Retail,Basic,Annual,Renewal upgrade,62.03,40,325.3,17,1,0,8.4,12,Support issue around onboarding and admin setup.,,,,0,8,3,5,long_term,19.13529411764706,0.1906855210574854,0.025,0,0,48,0,1,0.0,335,1.5999999999999996
CUST-1634,2022-01-27,2024-12-27,South East,Retail,Premium,Annual,Renewal upgrade,163.31,35,406.0,9,2,0,8.1,12,Customer happy with product but needs integration advice.,,,,0,1,1,4,established,45.111111111111114,0.4022413793103448,0.05714285714285714,0,0,57,0,0,0.0,335,3.8000000000000007
CUST-1635,2023-09-06,2024-12-22,London,Technology,Standard,Annual,Renewal upgrade,108.56,15,294.6,20,2,1,10.0,12,Manager requested renewal details and training resources.,,,,0,9,3,9,growing,14.73,0.36849966055668704,0.13333333333333333,0,0,57,0,0,0.06666666666666667,335,0.0
CUST-1636,2022-03-06,2024-12-26,London,Professional Services,Standard,Annual,Partner,90.59,33,360.5,24,2,0,8.5,7,Manager requested renewal details and training resources.,,,,0,3,1,5,established,15.020833333333334,0.2512898751733703,0.06060606060606061,0,0,57,0,0,0.0,182,3.0
CUST-1637,2021-07-19,2024-12-15,Wales,Education,Enterprise,Annual,Self-serve,368.22,41,412.8,6,1,0,10.0,8,Invoice query raised; finance contact requested clarification.,,,,0,7,3,16,long_term,68.8,0.8920058139534884,0.024390243902439025,0,0,62,1,0,0.0,213,0.0
CUST-1638,2022-08-22,2024-12-20,Midlands,Healthcare,Basic,Monthly,Sales-led,57.99,28,89.3,3,3,0,6.3,5,Healthy adoption in team; users asked for reporting improvements.,support,2025-02-01,discount,1,8,3,11,established,29.766666666666666,0.649384098544233,0.10714285714285714,1,0,65,0,0,0.0,121,11.100000000000001
CUST-1639,2023-02-02,2024-12-16,Midlands,Manufacturing,Standard,Annual,Self-serve,86.9,22,,10,2,0,9.3,1,Customer mentioned price sensitivity and asked about lower plan options.,business_closed,2025-02-16,none,1,2,1,15,established,,,0.09090909090909091,0,0,72,1,0,0.0,1,1.3999999999999986
CUST-1640,2021-09-20,2024-12-26,Northern Ireland,Professional Services,Basic,Annual,Partner,38.0,39,286.0,10,1,1,5.9,8,Manager requested renewal details and training resources.,support,2025-02-14,discount,1,9,3,5,long_term,28.6,0.13286713286713286,0.02564102564102564,0,0,57,0,0,0.02564102564102564,213,4.1
CUST-1641,2021-12-15,2024-12-19,Midlands,Manufacturing,Standard,Annual,Self-serve,106.27,36,391.8,14,3,0,7.6,3,Invoice query raised; finance contact requested clarification.,,,,0,12,4,12,established,27.985714285714288,0.2712353241449719,0.08333333333333333,0,0,62,1,0,0.0,60,7.200000000000001
CUST-1642,2020-11-14,2024-12-29,Midlands,Healthcare,Basic,Monthly,Renewal upgrade,45.85,49,79.1,6,2,0,5.5,9,Healthy adoption in team; users asked for reporting improvements.,price,2025-02-20,success_call,1,11,4,2,long_term,13.183333333333332,0.5796460176991151,0.04081632653061224,0,1,65,0,0,0.0,244,9.0
CUST-1643,2023-06-16,2024-11-12,London,Manufacturing,Premium,Monthly,Sales-led,176.97,18,170.8,6,2,1,6.4,8,Support issue around onboarding and admin setup.,competitor,2025-02-20,none,1,6,2,49,growing,28.46666666666667,1.0361241217798594,0.1111111111111111,0,0,48,0,1,0.05555555555555555,213,7.199999999999999
CUST-1644,2023-06-19,2024-12-29,South East,Professional Services,Basic,Annual,Self-serve,64.27,18,119.0,1,2,0,9.4,2,Customer happy with product but needs integration advice.,,,,0,6,2,2,growing,119.0,0.5400840336134454,0.1111111111111111,0,0,57,0,0,0.0,32,1.1999999999999993
CUST-1645,2020-09-12,2024-12-25,Wales,Healthcare,Premium,Monthly,Self-serve,170.02,51,188.9,7,1,0,7.1,6,Manager requested renewal details and training resources.,,,,0,9,3,6,long_term,26.985714285714288,0.9000529380624669,0.0196078431372549,0,0,57,0,0,0.0,152,2.9000000000000004
CUST-1646,2021-05-20,2024-12-14,Northern Ireland,Education,Basic,Monthly,Self-serve,50.1,43,181.1,9,2,4,7.4,7,Low usage noted in recent month; customer did not attend webinar.,,,,0,5,2,17,long_term,20.12222222222222,0.27664273881833246,0.046511627906976744,0,0,65,0,0,0.09302325581395349,182,5.199999999999999
CUST-1647,2021-02-01,2024-12-24,London,Retail,Standard,Monthly,Sales-led,110.46,46,209.9,4,3,1,9.5,4,Low usage noted in recent month; customer did not attend webinar.,,,,0,2,1,7,long_term,52.475,0.526250595521677,0.06521739130434782,0,0,65,0,0,0.021739130434782608,91,1.5
CUST-1648,2023-09-09,2024-12-27,North West,Professional Services,Standard,Annual,Sales-led,108.71,15,243.0,3,1,1,7.8,10,Invoice query raised; finance contact requested clarification.,,,,0,9,3,4,growing,81.0,0.4473662551440329,0.06666666666666667,0,0,62,1,0,0.06666666666666667,274,2.2
CUST-1649,2020-04-05,2024-12-19,Wales,Retail,Premium,Monthly,Partner,177.08,56,103.5,12,0,0,9.4,1,Multiple support contacts; wants faster response time.,,,,0,4,2,12,long_term,8.625,1.7109178743961353,0.0,0,0,54,0,1,0.0,1,0.0
CUST-1650,2020-10-29,2024-12-30,London,Healthcare,Standard,Monthly,Self-serve,95.53,50,145.6,3,5,1,7.3,6,Manager requested renewal details and training resources.,low_usage,2025-01-14,success_call,1,10,4,1,long_term,48.53333333333333,0.6561126373626374,0.1,0,0,57,0,0,0.02,152,13.5
CUST-1651,2021-04-04,2024-12-30,North West,Professional Services,Standard,Monthly,Sales-led,78.13,44,350.5,13,3,1,,6,Manager requested renewal details and training resources.,price,2025-02-20,discount,1,4,2,1,long_term,26.96153846153846,0.2229101283880171,0.06818181818181818,0,0,57,0,0,0.022727272727272728,152,15.0
CUST-1652,2022-03-28,2024-12-27,South West,Technology,Premium,Annual,Sales-led,166.33,33,437.6,16,1,0,10.0,10,Support issue around onboarding and admin setup.,,,,0,3,1,4,established,27.35,0.3800959780621572,0.030303030303030304,0,0,48,0,1,0.0,274,0.0
CUST-1653,2020-12-29,2024-12-14,Wales,Healthcare,Standard,Annual,Self-serve,102.82,48,216.0,11,2,1,10.0,10,Manager requested renewal details and training resources.,,,,0,12,4,17,long_term,19.636363636363637,0.4760185185185185,0.041666666666666664,0,0,57,0,0,0.020833333333333332,274,0.0
CUST-1654,2022-02-22,2024-12-20,South East,Public Sector,Basic,Monthly,Sales-led,47.35,34,210.8,16,0,0,7.4,5,Invoice query raised; finance contact requested clarification.,,,,0,2,1,11,established,13.175,0.22462049335863377,0.0,0,0,62,1,0,0.0,121,0.0
CUST-1655,2022-12-26,2024-12-24,Northern Ireland,Technology,Enterprise,Monthly,Partner,349.9,24,311.6,15,6,0,5.8,8,Low usage noted in recent month; customer did not attend webinar.,support,2025-02-07,none,1,12,4,7,established,20.773333333333333,1.1229139922978175,0.25,0,1,65,0,0,0.0,213,25.200000000000003
CUST-1656,2023-04-24,2024-12-29,South East,Professional Services,Standard,Annual,Partner,111.47,20,342.9,8,2,0,6.8,8,Customer happy with product but needs integration advice.,,,,0,4,2,2,established,42.8625,0.3250801983085448,0.1,0,0,57,0,0,0.0,213,6.4
CUST-1657,2020-05-24,2024-12-25,Northern Ireland,Manufacturing,Basic,Monthly,Sales-led,34.75,55,215.3,3,0,0,9.9,9,Manager requested renewal details and training resources.,,,,0,5,2,6,long_term,71.76666666666667,0.16140269391546677,0.0,0,0,57,0,0,0.0,244,0.0
CUST-1658,2020-07-21,2024-12-24,South East,Technology,Standard,Annual,Self-serve,96.17,53,224.8,7,0,0,10.0,12,Customer happy with product but needs integration advice.,,,,0,7,3,7,long_term,32.114285714285714,0.42780249110320284,0.0,0,0,57,0,0,0.0,335,0.0
CUST-1659,2020-05-18,2024-12-26,Scotland,Manufacturing,Basic,Monthly,Sales-led,51.26,55,191.4,7,1,0,7.2,10,Customer happy with product but needs integration advice.,,,,0,5,2,5,long_term,27.342857142857145,0.26781609195402295,0.01818181818181818,0,0,57,0,0,0.0,274,2.8
CUST-1660,2023-08-21,2024-12-28,North West,Healthcare,Basic,Annual,Sales-led,40.55,16,207.0,1,2,0,4.6,2,Low usage noted in recent month; customer did not attend webinar.,low_usage,2025-01-16,none,1,8,3,3,growing,207.0,0.19589371980676326,0.125,0,0,65,0,0,0.0,32,10.8
CUST-1661,2022-08-10,2024-12-28,South East,Healthcare,Premium,Monthly,Renewal upgrade,196.18,28,226.3,12,3,0,6.6,11,Multiple support contacts; wants faster response time.,,,,0,8,3,3,established,18.858333333333334,0.8669023420238621,0.10714285714285714,0,0,54,0,1,0.0,305,10.200000000000001
CUST-1662,2022-02-14,2024-12-31,Northern Ireland,Professional Services,Basic,Annual,Self-serve,59.9,34,152.7,2,4,1,,7,Multiple support contacts; wants faster response time.,low_usage,2025-03-09,none,1,2,1,0,established,76.35,0.39227242960052394,0.11764705882352941,0,0,54,0,1,0.029411764705882353,182,20.0
CUST-1663,2023-02-28,2024-12-27,London,Education,Premium,Monthly,Renewal upgrade,182.48,22,483.0,25,4,0,8.3,10,Healthy adoption in team; users asked for reporting improvements.,,,,0,2,1,4,established,19.32,0.37780538302277433,0.18181818181818182,0,0,65,0,0,0.0,274,6.799999999999997
CUST-1664,2022-05-05,2024-12-21,London,Technology,Enterprise,Annual,Sales-led,370.53,31,307.8,20,4,0,8.0,10,Healthy adoption in team; users asked for reporting improvements.,,,,0,5,2,10,established,15.39,1.2038011695906432,0.12903225806451613,0,0,65,0,0,0.0,274,8.0
CUST-1665,2020-12-09,2024-12-29,South East,Technology,Standard,Annual,Sales-led,81.01,48,315.6,12,0,0,8.0,8,Multiple support contacts; wants faster response time.,,,,0,12,4,2,long_term,26.3,0.2566856780735108,0.0,0,0,54,0,1,0.0,213,0.0
CUST-1666,2022-01-14,2024-12-30,Midlands,Professional Services,Premium,Annual,Self-serve,178.91,35,538.5,23,3,1,10.0,3,Manager requested renewal details and training resources.,,,,0,1,1,1,established,23.41304347826087,0.3322376973073352,0.08571428571428572,0,0,57,0,0,0.02857142857142857,60,0.0
CUST-1667,2022-10-23,2024-12-24,Midlands,Manufacturing,Premium,Monthly,Self-serve,183.4,26,293.2,7,3,1,8.1,12,Support issue around onboarding and admin setup.,support,2025-03-13,none,1,10,4,7,established,41.885714285714286,0.6255115961800819,0.11538461538461539,0,0,48,0,1,0.038461538461538464,335,5.700000000000001
CUST-1668,2020-02-22,2024-12-17,South West,Retail,Enterprise,Monthly,Renewal upgrade,338.03,58,336.7,16,1,2,8.8,1,Invoice query raised; finance contact requested clarification.,,,,0,2,1,14,long_term,21.04375,1.003950103950104,0.017241379310344827,0,0,62,1,0,0.034482758620689655,1,1.1999999999999993
CUST-1669,2022-06-04,2024-12-31,South East,Technology,Standard,Annual,Sales-led,102.61,30,228.7,7,1,0,8.4,12,Low usage noted in recent month; customer did not attend webinar.,,,,0,6,2,0,established,32.67142857142857,0.4486663751639703,0.03333333333333333,0,0,65,0,0,0.0,335,1.5999999999999996
CUST-1670,2021-12-26,2024-12-30,North West,Professional Services,Basic,Annual,Renewal upgrade,35.72,36,208.8,4,2,0,8.6,8,Healthy adoption in team; users asked for reporting improvements.,business_closed,2025-02-19,none,1,12,4,1,established,52.2,0.17107279693486588,0.05555555555555555,0,0,65,0,0,0.0,213,2.8000000000000007
CUST-1671,2020-04-11,2024-12-24,London,Technology,Standard,Monthly,Renewal upgrade,107.29,56,168.3,6,0,1,8.5,1,Customer mentioned price sensitivity and asked about lower plan options.,,,,0,4,2,7,long_term,28.05,0.6374925727866905,0.0,0,0,72,1,0,0.017857142857142856,1,0.0
CUST-1672,2021-01-19,2024-12-10,Scotland,Public Sector,Standard,Monthly,Self-serve,111.69,47,610.9,23,1,1,8.0,3,Invoice query raised; finance contact requested clarification.,,,,0,1,1,21,long_term,26.56086956521739,0.18282861352103455,0.02127659574468085,0,0,62,1,0,0.02127659574468085,60,2.0
CUST-1673,2021-10-16,2024-12-24,South West,Professional Services,Basic,Monthly,Self-serve,52.27,38,,1,2,0,7.8,10,Invoice query raised; finance contact requested clarification.,business_closed,2025-01-07,discount,1,10,4,7,long_term,,,0.05263157894736842,0,0,62,1,0,0.0,274,4.4
CUST-1674,2021-05-15,2024-12-25,Midlands,Professional Services,Standard,Annual,Self-serve,76.77,43,210.1,12,7,0,7.8,11,Support issue around onboarding and admin setup.,business_closed,2025-03-03,success_call,1,5,2,6,long_term,17.508333333333333,0.36539742979533557,0.16279069767441862,0,0,48,0,1,0.0,305,15.400000000000002
CUST-1675,2021-02-27,2024-11-20,Scotland,Public Sector,Basic,Annual,Sales-led,37.4,46,223.2,6,5,0,8.9,1,Invoice query raised; finance contact requested clarification.,,,,0,2,1,41,long_term,37.199999999999996,0.16756272401433692,0.10869565217391304,0,0,62,1,0,0.0,1,5.499999999999998
CUST-1676,2022-08-05,2024-12-12,North West,Professional Services,Enterprise,Annual,Partner,355.78,28,390.0,23,4,0,8.7,2,Healthy adoption in team; users asked for reporting improvements.,,,,0,8,3,19,established,16.956521739130434,0.9122564102564101,0.14285714285714285,0,0,65,0,0,0.0,32,5.200000000000003
CUST-1677,2021-08-13,2024-12-27,South West,Education,Basic,Annual,Self-serve,49.25,40,146.1,1,1,0,6.4,1,Invoice query raised; finance contact requested clarification.,,,,0,8,3,4,long_term,146.1,0.33709787816563996,0.025,0,0,62,1,0,0.0,1,3.5999999999999996
CUST-1678,2021-12-27,2024-12-05,North West,Technology,Basic,Monthly,Renewal upgrade,20.0,36,54.6,9,3,1,5.4,8,Customer mentioned price sensitivity and asked about lower plan options.,support,2025-02-15,discount,1,12,4,26,established,6.066666666666666,0.3663003663003663,0.08333333333333333,1,1,72,1,0,0.027777777777777776,213,13.799999999999999
CUST-1679,2023-03-11,2024-12-19,London,Education,Basic,Monthly,Self-serve,63.91,21,74.9,0,2,1,6.3,6,Customer happy with product but needs integration advice.,competitor,2025-03-26,success_call,1,3,1,12,established,,0.8532710280373831,0.09523809523809523,0,0,57,0,0,0.047619047619047616,152,7.4
CUST-1680,2020-05-16,2024-12-28,South East,Healthcare,Basic,Monthly,Self-serve,50.64,55,162.9,7,1,0,8.2,1,Invoice query raised; finance contact requested clarification.,,,,0,5,2,3,long_term,23.271428571428572,0.31086556169429097,0.01818181818181818,0,0,62,1,0,0.0,1,1.8000000000000007
CUST-1681,2021-06-09,2024-12-30,London,Healthcare,Basic,Annual,Partner,39.17,42,52.3,0,1,0,7.3,6,Low usage noted in recent month; customer did not attend webinar.,,,,0,6,2,1,long_term,,0.7489483747609943,0.023809523809523808,0,0,65,0,0,0.0,152,2.7
CUST-1682,2020-04-16,2024-12-29,London,Professional Services,Basic,Monthly,Self-serve,60.94,56,199.4,7,1,2,5.7,12,Invoice query raised; finance contact requested clarification.,,,,0,4,2,2,long_term,28.485714285714288,0.30561685055165494,0.017857142857142856,0,1,62,1,0,0.03571428571428571,335,4.3
CUST-1683,2023-09-15,2024-12-26,London,Technology,Basic,Monthly,Renewal upgrade,40.87,15,256.6,13,0,1,6.5,10,Support issue around onboarding and admin setup.,,,,0,9,3,5,growing,19.73846153846154,0.15927513639906468,0.0,0,0,48,0,1,0.06666666666666667,274,0.0
CUST-1684,2020-09-28,2024-12-30,North West,Retail,Basic,Monthly,Sales-led,40.74,51,216.7,15,2,2,4.0,6,Support issue around onboarding and admin setup.,business_closed,2025-02-06,none,1,9,3,1,long_term,14.446666666666665,0.18800184586986618,0.0392156862745098,0,1,48,0,1,0.0392156862745098,152,12.0
CUST-1685,2023-04-12,2024-12-04,Wales,Retail,Standard,Monthly,Renewal upgrade,103.3,20,316.9,17,3,0,3.3,5,Support issue around onboarding and admin setup.,business_closed,2025-02-18,discount,1,4,2,27,established,18.641176470588235,0.32597033764594513,0.15,0,1,48,0,1,0.0,121,20.1
CUST-1686,2020-10-05,2024-12-29,South East,Retail,Standard,Annual,Partner,120.37,50,71.4,1,1,0,7.3,12,Customer mentioned price sensitivity and asked about lower plan options.,support,2025-02-10,none,1,10,4,2,long_term,71.4,1.6858543417366947,0.02,0,0,72,1,0,0.0,335,2.7
CUST-1687,2021-04-18,2024-12-09,North West,Technology,Standard,Monthly,Renewal upgrade,118.48,44,171.6,8,2,0,10.0,8,Support issue around onboarding and admin setup.,,,,0,4,2,22,long_term,21.45,0.6904428904428905,0.045454545454545456,0,0,48,0,1,0.0,213,0.0
CUST-1688,2022-06-07,2024-12-22,South West,Professional Services,Standard,Monthly,Self-serve,103.32,30,114.1,1,3,1,9.6,10,Healthy adoption in team; users asked for reporting improvements.,support,2025-02-10,success_call,1,6,2,9,established,114.1,0.905521472392638,0.1,1,0,65,0,0,0.03333333333333333,274,1.200000000000001
CUST-1689,2023-04-28,2024-12-09,Midlands,Technology,Basic,Annual,Partner,54.55,20,69.6,0,4,0,5.3,5,Invoice query raised; finance contact requested clarification.,support,2025-03-09,discount,1,4,2,22,established,,0.7837643678160919,0.2,1,0,62,1,0,0.0,121,18.8
CUST-1690,2020-09-16,2024-12-31,Scotland,Manufacturing,Basic,Monthly,Sales-led,58.5,51,115.1,0,2,0,7.7,10,Healthy adoption in team; users asked for reporting improvements.,,,,0,9,3,0,long_term,,0.5082536924413553,0.0392156862745098,0,0,65,0,0,0.0,274,4.6
CUST-1691,2020-11-07,2024-12-24,South East,Public Sector,Basic,Monthly,Partner,33.92,49,299.7,10,2,1,5.7,9,Healthy adoption in team; users asked for reporting improvements.,,,,0,11,4,7,long_term,29.97,0.11317984651317986,0.04081632653061224,0,1,65,0,0,0.02040816326530612,244,8.6
CUST-1692,2023-07-11,2024-12-29,South West,Technology,Premium,Monthly,Sales-led,186.73,17,520.8,22,3,1,6.5,1,Customer happy with product but needs integration advice.,,,,0,7,3,2,growing,23.672727272727272,0.35854454685099846,0.17647058823529413,0,0,57,0,0,0.058823529411764705,1,10.5
CUST-1693,2021-04-15,2024-11-24,South East,Public Sector,Enterprise,Annual,Sales-led,340.19,44,,0,9,0,4.2,7,Low usage noted in recent month; customer did not attend webinar.,support,2025-02-05,none,1,4,2,37,long_term,,,0.20454545454545456,0,0,65,0,0,0.0,182,52.199999999999996
CUST-1694,2020-11-02,2024-12-12,South East,Technology,Enterprise,Monthly,Self-serve,352.82,49,275.3,11,3,0,7.5,5,Healthy adoption in team; users asked for reporting improvements.,,,,0,11,4,19,long_term,25.027272727272727,1.2815837268434433,0.061224489795918366,0,0,65,0,0,0.0,121,7.5
CUST-1695,2022-12-21,2024-12-29,South West,Professional Services,Standard,Annual,Sales-led,96.27,24,276.5,17,3,0,7.6,9,Customer happy with product but needs integration advice.,price,2025-01-16,success_call,1,12,4,2,established,16.264705882352942,0.3481735985533454,0.125,0,0,57,0,0,0.0,244,7.200000000000001
CUST-1696,2020-05-13,2024-12-03,Scotland,Public Sector,Standard,Annual,Self-serve,105.01,55,199.5,12,3,0,,2,Healthy adoption in team; users asked for reporting improvements.,,,,0,5,2,28,long_term,16.625,0.5263659147869675,0.05454545454545454,0,0,65,0,0,0.0,32,15.0
CUST-1697,2023-06-19,2024-12-19,Midlands,Education,Standard,Annual,Partner,100.42,18,409.9,14,1,0,9.9,10,Invoice query raised; finance contact requested clarification.,,,,0,6,2,12,growing,29.27857142857143,0.2449865820931935,0.05555555555555555,0,0,62,1,0,0.0,274,0.09999999999999964
CUST-1698,2023-07-02,2024-12-23,Scotland,Education,Premium,Monthly,Sales-led,142.12,18,177.9,2,3,0,7.0,10,Customer mentioned price sensitivity and asked about lower plan options.,business_closed,2025-01-10,none,1,7,3,8,growing,88.95,0.798875772906127,0.16666666666666666,0,0,72,1,0,0.0,274,9.0
CUST-1699,2023-06-04,2024-12-14,Wales,Technology,Premium,Annual,Partner,181.15,18,188.2,9,2,0,7.8,6,Low usage noted in recent month; customer did not attend webinar.,,,,0,6,2,17,growing,20.91111111111111,0.9625398512221043,0.1111111111111111,0,0,65,0,0,0.0,152,4.4
CUST-1700,2021-03-07,2024-12-24,South East,Technology,Premium,Monthly,Sales-led,186.71,45,144.8,0,1,1,5.8,11,Low usage noted in recent month; customer did not attend webinar.,,,,0,3,1,7,long_term,,1.2894337016574584,0.022222222222222223,0,1,65,0,0,0.022222222222222223,305,4.2
CUST-1701,2020-06-15,2024-12-15,South East,Manufacturing,Premium,Monthly,Partner,184.35,54,197.4,12,2,0,5.8,6,Support issue around onboarding and admin setup.,,,,0,6,2,16,long_term,16.45,0.9338905775075987,0.037037037037037035,0,1,48,0,1,0.0,152,8.4
CUST-1702,2021-09-13,2024-12-22,South East,Education,Standard,Annual,Partner,97.77,39,40.8,1,4,0,4.4,1,Customer happy with product but needs integration advice.,price,2025-02-25,none,1,9,3,9,long_term,40.8,2.396323529411765,0.10256410256410256,1,0,57,0,0,0.0,1,22.4
CUST-1703,2021-05-03,2024-12-31,London,Healthcare,Premium,Monthly,Self-serve,198.71,43,202.3,15,1,4,7.6,7,Manager requested renewal details and training resources.,,,,0,5,2,0,long_term,13.486666666666668,0.982254078101829,0.023255813953488372,0,0,57,0,0,0.09302325581395349,182,2.4000000000000004
CUST-1704,2023-11-01,2024-12-27,Northern Ireland,Healthcare,Premium,Monthly,Partner,182.74,13,241.8,3,3,1,6.9,4,Customer happy with product but needs integration advice.,low_usage,2025-01-06,none,1,11,4,4,growing,80.60000000000001,0.7557485525227461,0.23076923076923078,0,0,57,0,0,0.07692307692307693,91,9.299999999999999
CUST-1705,2022-07-11,2024-12-24,South East,Healthcare,Standard,Monthly,Renewal upgrade,104.25,29,,12,3,1,4.5,11,,,,,0,7,3,7,established,,,0.10344827586206896,0,1,0,0,0,0.034482758620689655,305,16.5
CUST-1706,2023-10-10,2024-12-22,Scotland,Healthcare,Enterprise,Monthly,Partner,361.53,14,148.9,6,2,0,7.5,7,Low usage noted in recent month; customer did not attend webinar.,,,,0,10,4,9,growing,24.816666666666666,2.4280053727333777,0.14285714285714285,0,0,65,0,0,0.0,182,5.0
CUST-1707,2023-01-01,2024-12-30,Midlands,Professional Services,Basic,Monthly,Self-serve,53.35,23,161.2,5,1,3,5.0,10,Invoice query raised; finance contact requested clarification.,,,,0,1,1,1,established,32.239999999999995,0.3309553349875931,0.043478260869565216,0,1,62,1,0,0.13043478260869565,274,5.0
CUST-1708,2022-11-09,2024-12-19,Midlands,Professional Services,Enterprise,Annual,Self-serve,338.22,25,332.4,8,4,0,10.0,12,Multiple support contacts; wants faster response time.,,,,0,11,4,12,established,41.55,1.0175090252707584,0.16,0,0,54,0,1,0.0,335,0.0
CUST-1709,2020-06-12,2024-12-23,North West,Public Sector,Premium,Annual,Partner,149.74,54,286.3,14,1,0,7.5,2,Support issue around onboarding and admin setup.,,,,0,6,2,8,long_term,20.45,0.5230178134823612,0.018518518518518517,0,0,48,0,1,0.0,32,2.5
CUST-1710,2020-04-10,2024-12-16,North West,Healthcare,Basic,Monthly,Sales-led,43.27,56,218.8,11,1,0,9.1,9,Manager requested renewal details and training resources.,,,,0,4,2,15,long_term,19.89090909090909,0.19776051188299817,0.017857142857142856,0,0,57,0,0,0.0,244,0.9000000000000004
CUST-1711,2020-03-08,2024-12-14,South West,Technology,Standard,Annual,Partner,108.13,57,124.7,12,6,0,8.1,11,Manager requested renewal details and training resources.,,,,0,3,1,17,long_term,10.391666666666667,0.8671210906174819,0.10526315789473684,0,0,57,0,0,0.0,305,11.400000000000002
CUST-1712,2022-05-16,2024-12-10,Wales,Manufacturing,Basic,Monthly,Sales-led,44.76,31,130.0,9,2,0,6.1,10,Invoice query raised; finance contact requested clarification.,price,2025-03-09,success_call,1,5,2,21,established,14.444444444444445,0.3443076923076923,0.06451612903225806,0,0,62,1,0,0.0,274,7.800000000000001
CUST-1713,2020-10-21,2024-12-27,Midlands,Professional Services,Premium,Monthly,Partner,188.61,50,80.3,1,2,1,7.1,5,Multiple support contacts; wants faster response time.,competitor,2025-02-08,discount,1,10,4,4,long_term,80.3,2.3488169364881695,0.04,0,0,54,0,1,0.02,121,5.800000000000001
CUST-1714,2023-12-15,2024-12-27,South West,Professional Services,Premium,Monthly,Sales-led,180.78,12,320.3,9,1,2,8.7,9,Customer happy with product but needs integration advice.,,,,0,12,4,4,growing,35.58888888888889,0.5644083671557915,0.08333333333333333,0,0,57,0,0,0.16666666666666666,244,1.3000000000000007
CUST-1715,2020-07-12,2024-12-15,Midlands,Retail,Standard,Monthly,Sales-led,114.46,53,117.2,0,1,0,7.9,11,Invoice query raised; finance contact requested clarification.,,,,0,7,3,16,long_term,,0.9766211604095563,0.018867924528301886,0,0,62,1,0,0.0,305,2.0999999999999996
CUST-1716,2023-10-14,2024-12-30,London,Technology,Premium,Monthly,Renewal upgrade,175.46,14,360.7,20,1,0,9.2,1,Customer mentioned price sensitivity and asked about lower plan options.,,,,0,10,4,1,growing,18.035,0.4864430274466316,0.07142857142857142,0,0,72,1,0,0.0,1,0.8000000000000007
CUST-1717,2022-09-01,2024-12-24,Scotland,Retail,Basic,Monthly,Renewal upgrade,54.61,27,,6,2,0,6.0,6,Invoice query raised; finance contact requested clarification.,,,,0,9,3,7,established,,,0.07407407407407407,0,0,62,1,0,0.0,152,8.0
CUST-1718,2020-06-03,2024-12-30,London,Education,Basic,Monthly,Renewal upgrade,55.07,54,136.6,11,0,1,8.5,6,Invoice query raised; finance contact requested clarification.,,,,0,6,2,1,long_term,12.418181818181818,0.40314787701317717,0.0,0,0,62,1,0,0.018518518518518517,152,0.0
CUST-1719,2020-03-26,2024-12-28,Wales,Technology,Standard,Annual,Renewal upgrade,117.02,57,205.3,10,3,0,6.8,9,Customer happy with product but needs integration advice.,,,,0,3,1,3,long_term,20.53,0.569995129079396,0.05263157894736842,0,0,57,0,0,0.0,244,9.600000000000001
CUST-1720,2021-08-01,2024-11-28,South West,Technology,Basic,Monthly,Self-serve,28.52,40,64.9,4,3,3,6.5,8,Low usage noted in recent month; customer did not attend webinar.,competitor,2025-03-01,success_call,1,8,3,33,long_term,16.225,0.43944530046224956,0.075,1,0,65,0,0,0.075,213,10.5
