customer_id,signup_date,last_login_date,region,sector,plan_type,contract_type,acquisition_channel,monthly_fee_gbp,tenure_months,usage_minutes_30d,active_days_30d,support_tickets_90d,invoices_late_6m,satisfaction_score,renewal_month,account_notes,cancellation_reason,account_closed_date,retention_offer_after_churn,churned
CUST-1001,2022-09-21,2024-12-29,Midlands,Education,Basic,Monthly,Sales-led,55.75,27,112.0,5,1,0,4.9,4,Healthy adoption in team; users asked for reporting improvements.,,,,0
CUST-1002,2021-02-22,2024-12-20,North West,Healthcare,Basic,Monthly,Sales-led,49.21,46,293.7,9,3,0,6.8,3,Invoice query raised; finance contact requested clarification.,,,,0
CUST-1003,2021-01-21,2024-12-31,Northern Ireland,Professional Services,Basic,Monthly,Self-serve,36.68,47,122.8,8,1,4,7.1,7,Multiple support contacts; wants faster response time.,business_closed,2025-02-01,none,1
CUST-1004,2020-07-08,2024-12-10,Wales,Technology,Basic,Monthly,Sales-led,43.12,53,172.7,0,2,1,7.2,3,Support issue around onboarding and admin setup.,support,2025-02-07,success_call,1
CUST-1005,2020-01-07,2024-12-24,London,Professional Services,Basic,Annual,Self-serve,34.46,59,253.8,12,2,0,7.7,2,Healthy adoption in team; users asked for reporting improvements.,,,,0
CUST-1006,2022-01-01,2024-12-27,South West,Professional Services,Standard,Monthly,Sales-led,83.66,35,226.6,16,5,1,5.0,11,Customer happy with product but needs integration advice.,business_closed,2025-01-13,discount,1
CUST-1007,2023-12-11,2024-12-16,Midlands,Retail,Enterprise,Annual,Sales-led,353.82,12,703.1,30,1,2,9.3,9,Invoice query raised; finance contact requested clarification.,,,,0
CUST-1008,2020-11-17,2024-12-27,Midlands,Professional Services,Standard,Monthly,Renewal upgrade,85.52,49,196.0,9,4,1,8.4,12,Customer mentioned price sensitivity and asked about lower plan options.,,,,0
CUST-1009,2021-10-04,2024-12-16,London,Healthcare,Standard,Monthly,Sales-led,102.83,38,252.9,9,7,0,6.8,6,Customer happy with product but needs integration advice.,competitor,2025-03-30,discount,1
CUST-1010,2023-09-27,2024-12-26,North West,Education,Basic,Monthly,Sales-led,33.38,15,158.4,4,3,1,5.8,12,Invoice query raised; finance contact requested clarification.,business_closed,2025-03-19,success_call,1
CUST-1011,2023-02-01,2024-12-06,South East,Retail,Premium,Monthly,Sales-led,182.56,22,405.8,15,3,1,6.2,11,Customer mentioned price sensitivity and asked about lower plan options.,,,,0
CUST-1012,2020-01-06,2024-12-25,South West,Professional Services,Standard,Monthly,Renewal upgrade,93.14,59,151.5,8,1,0,6.6,6,Low usage noted in recent month; customer did not attend webinar.,,,,0
CUST-1013,2021-12-31,2024-12-28,Wales,Professional Services,Premium,Monthly,Self-serve,195.88,36,538.0,18,1,0,10.0,3,Customer mentioned price sensitivity and asked about lower plan options.,,,,0
CUST-1014,2020-07-28,2024-12-23,Midlands,Healthcare,Enterprise,Monthly,Self-serve,352.88,53,178.7,10,3,3,6.9,2,Healthy adoption in team; users asked for reporting improvements.,,,,0
CUST-1015,2020-12-26,2024-12-23,North West,Professional Services,Standard,Monthly,Renewal upgrade,113.83,48,410.1,25,3,0,7.2,6,Manager requested renewal details and training resources.,,,,0
CUST-1016,2020-12-25,2024-12-09,South East,Manufacturing,Basic,Annual,Sales-led,39.93,48,93.6,3,2,0,4.1,5,Support issue around onboarding and admin setup.,,,,0
CUST-1017,2022-06-13,2024-12-28,Scotland,Retail,Basic,Monthly,Renewal upgrade,49.67,30,192.7,2,1,0,8.7,5,Customer mentioned price sensitivity and asked about lower plan options.,,,,0
CUST-1018,2020-10-17,2024-12-14,London,Retail,Standard,Annual,Sales-led,87.23,50,217.0,3,5,0,5.8,6,Invoice query raised; finance contact requested clarification.,,,,0
CUST-1019,2021-01-02,2024-12-26,Midlands,Healthcare,Enterprise,Monthly,Self-serve,344.04,47,390.6,19,3,1,9.0,7,Healthy adoption in team; users asked for reporting improvements.,,,,0
CUST-1020,2020-11-25,2024-12-21,Wales,Healthcare,Standard,Annual,Self-serve,95.85,49,270.0,11,0,0,7.4,2,Invoice query raised; finance contact requested clarification.,,,,0
CUST-1021,2021-06-05,2024-12-16,Midlands,Professional Services,Premium,Annual,Self-serve,170.29,42,375.0,19,0,0,7.5,1,Healthy adoption in team; users asked for reporting improvements.,,,,0
CUST-1022,2022-08-15,2024-12-30,South East,Professional Services,Standard,Annual,Renewal upgrade,84.41,28,122.4,3,1,1,7.6,9,Low usage noted in recent month; customer did not attend webinar.,price,2025-03-15,success_call,1
CUST-1023,2021-08-06,2024-12-27,South West,Technology,Basic,Annual,Sales-led,32.04,40,64.1,6,5,0,10.0,7,Customer happy with product but needs integration advice.,,,,0
CUST-1024,2021-04-23,2024-12-26,South West,Professional Services,Standard,Monthly,Renewal upgrade,70.92,44,96.3,3,7,2,6.6,5,Manager requested renewal details and training resources.,business_closed,2025-02-06,none,1
CUST-1025,2022-01-25,2024-12-30,Midlands,Education,Standard,Annual,Self-serve,86.32,35,109.9,1,1,0,7.9,10,Manager requested renewal details and training resources.,,,,0
CUST-1026,2022-06-16,2024-12-28,London,Education,Premium,Monthly,Self-serve,186.53,30,120.7,3,0,1,,11,Invoice query raised; finance contact requested clarification.,,,,0
CUST-1027,2020-01-23,2024-12-30,North West,Retail,Standard,Annual,Renewal upgrade,79.82,59,158.8,2,1,0,5.3,10,Customer mentioned price sensitivity and asked about lower plan options.,,,,0
CUST-1028,2023-07-23,2024-12-14,London,Healthcare,Basic,Annual,Sales-led,32.58,17,118.6,13,1,0,6.0,12,Invoice query raised; finance contact requested clarification.,,,,0
CUST-1029,2023-08-30,2024-12-23,London,Public Sector,Premium,Monthly,Renewal upgrade,200.49,16,218.1,8,3,1,3.5,9,Customer happy with product but needs integration advice.,competitor,2025-02-12,none,1
CUST-1030,2022-05-29,2024-12-27,Wales,Public Sector,Basic,Annual,Self-serve,41.36,31,103.8,7,0,0,10.0,5,Invoice query raised; finance contact requested clarification.,,,,0
CUST-1031,2022-04-18,2024-12-05,Midlands,Retail,Enterprise,Monthly,Partner,352.85,32,,5,0,1,10.0,2,Manager requested renewal details and training resources.,,,,0
CUST-1032,2022-10-11,2024-12-29,South West,Retail,Basic,Annual,Sales-led,56.71,26,146.7,2,3,0,7.9,11,Manager requested renewal details and training resources.,,,,0
CUST-1033,2021-10-05,2024-12-28,South East,Retail,Basic,Annual,Self-serve,56.95,38,268.3,10,1,0,8.5,11,Low usage noted in recent month; customer did not attend webinar.,,,,0
CUST-1034,2021-06-17,2024-12-13,South East,Education,Standard,Monthly,Partner,80.73,42,150.2,10,2,3,4.2,1,Customer happy with product but needs integration advice.,competitor,2025-01-25,success_call,1
CUST-1035,2021-05-29,2024-12-31,North West,Manufacturing,Standard,Annual,Self-serve,96.23,43,212.3,6,2,0,7.5,5,Multiple support contacts; wants faster response time.,,,,0
CUST-1036,2020-08-21,2024-12-13,London,Retail,Standard,Annual,Sales-led,79.58,52,230.1,6,1,1,10.0,3,Invoice query raised; finance contact requested clarification.,,,,0
CUST-1037,2023-05-13,2024-12-28,London,Retail,Standard,Monthly,Sales-led,128.36,19,111.7,5,1,1,7.5,6,Customer mentioned price sensitivity and asked about lower plan options.,support,2025-01-20,success_call,1
CUST-1038,2021-04-13,2024-12-28,North West,Technology,Enterprise,Monthly,Renewal upgrade,329.86,44,213.2,11,4,1,6.2,1,Healthy adoption in team; users asked for reporting improvements.,support,2025-02-26,discount,1
CUST-1039,2021-02-19,2024-12-28,South East,Professional Services,Standard,Monthly,Sales-led,86.43,46,130.1,12,2,0,4.9,8,Multiple support contacts; wants faster response time.,,,,0
CUST-1040,2023-11-08,2024-12-29,Wales,Healthcare,Standard,Annual,Partner,86.51,13,341.1,15,3,3,9.1,7,Manager requested renewal details and training resources.,,,,0
CUST-1041,2022-01-09,2024-12-27,North West,Manufacturing,Standard,Monthly,Renewal upgrade,81.04,35,282.7,14,2,0,8.0,6,Low usage noted in recent month; customer did not attend webinar.,,,,0
CUST-1042,2022-06-26,2024-12-23,Northern Ireland,Professional Services,Basic,Annual,Sales-led,65.23,30,106.9,7,2,0,4.8,7,,,,,0
CUST-1043,2020-12-24,2024-12-28,Midlands,Professional Services,Standard,Annual,Sales-led,128.07,48,210.2,4,1,0,6.7,1,Customer mentioned price sensitivity and asked about lower plan options.,,,,0
CUST-1044,2021-02-09,2024-12-14,South East,Professional Services,Basic,Monthly,Partner,43.29,46,189.8,4,2,1,5.5,10,Manager requested renewal details and training resources.,,,,0
CUST-1045,2022-11-29,2024-12-29,Northern Ireland,Technology,Standard,Monthly,Sales-led,83.15,25,220.5,4,2,0,7.7,7,Customer happy with product but needs integration advice.,,,,0
CUST-1046,2021-10-20,2024-12-26,Midlands,Professional Services,Basic,Annual,Self-serve,22.16,38,201.8,3,0,0,8.6,2,Invoice query raised; finance contact requested clarification.,,,,0
CUST-1047,2020-08-03,2024-12-31,North West,Retail,Enterprise,Annual,Partner,346.07,52,175.3,10,1,0,7.2,9,,,,,0
CUST-1048,2023-05-04,2024-12-21,South East,Professional Services,Standard,Monthly,Self-serve,95.2,19,402.7,17,4,2,8.6,3,Healthy adoption in team; users asked for reporting improvements.,,,,0
CUST-1049,2021-08-11,2024-12-25,Wales,Professional Services,Premium,Monthly,Self-serve,171.18,40,156.1,7,2,0,,10,Healthy adoption in team; users asked for reporting improvements.,,,,0
CUST-1050,2022-09-02,2024-12-19,London,Manufacturing,Standard,Monthly,Partner,101.66,27,133.7,0,3,0,8.9,12,Low usage noted in recent month; customer did not attend webinar.,,,,0
CUST-1051,2021-05-13,2024-12-30,London,Retail,Basic,Annual,Self-serve,53.74,43,77.9,11,2,0,6.8,11,Low usage noted in recent month; customer did not attend webinar.,competitor,2025-03-12,discount,1
CUST-1052,2022-03-29,2024-12-31,London,Education,Premium,Monthly,Sales-led,182.88,33,198.6,4,4,2,10.0,12,Customer mentioned price sensitivity and asked about lower plan options.,low_usage,2025-01-04,none,1
CUST-1053,2023-02-06,2024-12-17,Midlands,Education,Standard,Annual,Self-serve,95.21,22,376.4,23,3,1,7.1,2,Manager requested renewal details and training resources.,,,,0
CUST-1054,2023-07-16,2024-12-27,Wales,Public Sector,Premium,Monthly,Renewal upgrade,165.78,17,252.3,4,1,0,6.9,3,Multiple support contacts; wants faster response time.,low_usage,2025-02-28,none,1
CUST-1055,2020-10-29,2024-12-07,Midlands,Professional Services,Standard,Annual,Self-serve,106.99,50,208.1,5,5,0,5.5,10,Healthy adoption in team; users asked for reporting improvements.,,,,0
CUST-1056,2022-09-08,2024-12-19,Midlands,Public Sector,Standard,Monthly,Self-serve,99.15,27,272.5,2,2,0,7.8,5,,,,,0
CUST-1057,2023-08-28,2024-12-30,North West,Manufacturing,Premium,Monthly,Sales-led,189.66,16,369.3,16,0,0,6.4,7,Manager requested renewal details and training resources.,,,,0
CUST-1058,2022-07-27,2024-12-30,Scotland,Professional Services,Standard,Annual,Sales-led,108.48,29,326.9,9,1,2,8.3,10,Low usage noted in recent month; customer did not attend webinar.,,,,0
CUST-1059,2020-07-27,2024-12-20,London,Public Sector,Standard,Annual,Sales-led,81.94,53,71.1,0,1,0,4.7,8,Customer happy with product but needs integration advice.,,,,0
CUST-1060,2020-10-04,2024-12-18,London,Public Sector,Premium,Monthly,Sales-led,161.79,50,314.8,7,1,0,8.8,7,Customer happy with product but needs integration advice.,,,,0
CUST-1061,2020-10-23,2024-12-20,Wales,Retail,Premium,Monthly,Renewal upgrade,169.93,50,272.6,14,3,1,5.5,10,,,,,0
CUST-1062,2020-06-04,2024-12-21,North West,Technology,Enterprise,Monthly,Sales-led,336.32,54,164.3,9,7,1,,3,Customer mentioned price sensitivity and asked about lower plan options.,,,,0
CUST-1063,2023-01-05,2024-12-10,Scotland,Healthcare,Standard,Monthly,Partner,108.06,23,237.5,17,2,2,8.2,6,Support issue around onboarding and admin setup.,,,,0
CUST-1064,2023-11-10,2024-12-12,Midlands,Manufacturing,Standard,Monthly,Sales-led,103.22,13,325.4,10,0,1,10.0,5,Invoice query raised; finance contact requested clarification.,,,,0
CUST-1065,2022-01-24,2024-12-26,Wales,Technology,Premium,Annual,Sales-led,192.19,35,185.0,8,4,0,5.6,3,Customer mentioned price sensitivity and asked about lower plan options.,,,,0
CUST-1066,2022-05-24,2024-12-19,Scotland,Healthcare,Standard,Monthly,Self-serve,103.76,31,292.3,7,3,0,,10,Customer happy with product but needs integration advice.,,,,0
CUST-1067,2023-02-03,2024-12-24,Scotland,Public Sector,Premium,Annual,Sales-led,181.5,22,295.3,10,1,0,7.3,11,Low usage noted in recent month; customer did not attend webinar.,,,,0
CUST-1068,2021-08-29,2024-12-30,South East,Retail,Standard,Monthly,Partner,113.4,40,27.3,0,2,1,5.5,10,Customer mentioned price sensitivity and asked about lower plan options.,support,2025-01-31,none,1
CUST-1069,2021-11-20,2024-12-09,London,Public Sector,Basic,Monthly,Renewal upgrade,54.64,37,139.9,7,0,1,6.6,5,Customer mentioned price sensitivity and asked about lower plan options.,support,2025-02-19,none,1
CUST-1070,2022-05-09,2024-12-30,North West,Manufacturing,Premium,Annual,Renewal upgrade,179.82,31,289.5,16,2,0,9.4,9,Multiple support contacts; wants faster response time.,,,,0
CUST-1071,2021-03-20,2024-12-17,London,Retail,Basic,Monthly,Sales-led,66.77,45,120.9,9,3,0,6.5,9,Customer mentioned price sensitivity and asked about lower plan options.,competitor,2025-03-28,discount,1
CUST-1072,2020-03-31,2024-12-30,North West,Healthcare,Basic,Annual,Partner,50.38,57,196.2,4,3,0,10.0,1,Customer mentioned price sensitivity and asked about lower plan options.,,,,0
CUST-1073,2022-04-08,2024-12-29,Northern Ireland,Retail,Standard,Monthly,Sales-led,95.35,32,176.4,11,5,1,7.2,3,Customer mentioned price sensitivity and asked about lower plan options.,support,2025-01-17,success_call,1
CUST-1074,2023-04-15,2024-12-17,South East,Professional Services,Premium,Annual,Renewal upgrade,168.95,20,685.5,27,4,0,7.7,9,,,,,0
CUST-1075,2020-04-16,2024-12-28,London,Professional Services,Premium,Annual,Self-serve,187.44,56,206.8,7,1,0,7.5,2,Multiple support contacts; wants faster response time.,,,,0
CUST-1076,2020-11-12,2024-12-26,South East,Healthcare,Basic,Annual,Sales-led,63.84,49,107.3,1,4,0,5.7,8,Healthy adoption in team; users asked for reporting improvements.,,,,0
CUST-1077,2021-01-18,2024-12-24,South East,Professional Services,Basic,Monthly,Sales-led,48.39,47,213.8,6,1,1,9.0,1,Invoice query raised; finance contact requested clarification.,,,,0
CUST-1078,2023-03-20,2024-11-27,Wales,Professional Services,Enterprise,Monthly,Sales-led,364.69,21,223.8,16,1,1,5.3,12,Customer happy with product but needs integration advice.,price,2025-01-20,success_call,1
CUST-1079,2022-01-06,2024-12-30,Scotland,Public Sector,Basic,Monthly,Sales-led,25.36,35,136.0,7,3,0,5.3,8,Healthy adoption in team; users asked for reporting improvements.,,,,0
CUST-1080,2022-02-19,2024-12-29,Midlands,Manufacturing,Basic,Annual,Renewal upgrade,48.33,34,150.6,7,1,0,7.0,11,Customer mentioned price sensitivity and asked about lower plan options.,,,,0
CUST-1081,2022-07-31,2024-12-25,Wales,Public Sector,Standard,Monthly,Partner,98.52,29,277.3,10,2,0,9.1,11,Manager requested renewal details and training resources.,,,,0
CUST-1082,2021-02-07,2024-12-29,North West,Retail,Standard,Monthly,Renewal upgrade,90.28,46,104.5,14,1,1,9.2,11,Customer mentioned price sensitivity and asked about lower plan options.,,,,0
CUST-1083,2022-11-07,2024-12-28,Midlands,Technology,Premium,Monthly,Sales-led,207.61,25,335.8,19,2,1,10.0,8,,,,,0
CUST-1084,2020-02-14,2024-12-31,London,Education,Premium,Monthly,Self-serve,178.21,58,283.7,8,0,0,9.4,10,Manager requested renewal details and training resources.,,,,0
CUST-1085,2020-06-15,2024-12-30,London,Professional Services,Premium,Monthly,Sales-led,174.11,54,496.1,19,1,2,8.4,8,Invoice query raised; finance contact requested clarification.,,,,0
CUST-1086,2023-04-06,2024-12-22,London,Professional Services,Basic,Monthly,Self-serve,49.31,20,156.7,5,1,1,8.7,11,Multiple support contacts; wants faster response time.,,,,0
CUST-1087,2022-08-18,2024-12-19,Midlands,Manufacturing,Standard,Monthly,Sales-led,74.97,28,108.8,5,2,0,5.7,5,Customer happy with product but needs integration advice.,,,,0
CUST-1088,2020-09-14,2024-12-27,North West,Professional Services,Standard,Annual,Sales-led,89.88,51,243.2,7,4,0,4.7,12,Support issue around onboarding and admin setup.,,,,0
CUST-1089,2021-10-02,2024-12-27,London,Education,Basic,Monthly,Self-serve,60.8,38,167.5,8,3,1,7.7,8,Support issue around onboarding and admin setup.,,,,0
CUST-1090,2020-03-16,2024-12-31,North West,Technology,Basic,Monthly,Sales-led,41.45,57,254.5,16,1,2,6.1,2,Low usage noted in recent month; customer did not attend webinar.,,,,0
CUST-1091,2022-09-07,2024-12-15,London,Professional Services,Standard,Annual,Self-serve,89.05,27,125.8,0,4,0,6.9,4,Healthy adoption in team; users asked for reporting improvements.,,,,0
CUST-1092,2023-01-08,2024-12-18,Wales,Professional Services,Basic,Annual,Self-serve,64.71,23,67.2,0,0,0,7.9,1,Low usage noted in recent month; customer did not attend webinar.,,,,0
CUST-1093,2021-02-10,2024-12-08,North West,Technology,Standard,Monthly,Sales-led,115.08,46,212.3,7,4,0,7.7,1,Invoice query raised; finance contact requested clarification.,low_usage,2025-01-20,discount,1
CUST-1094,2021-05-26,2024-12-19,North West,Education,Premium,Annual,Renewal upgrade,185.2,43,586.8,22,1,0,10.0,11,,,,,0
CUST-1095,2020-12-11,2024-12-30,South East,Professional Services,Basic,Annual,Self-serve,43.54,48,229.9,17,2,0,9.2,11,Customer mentioned price sensitivity and asked about lower plan options.,,,,0
CUST-1096,2021-07-22,2024-12-11,Wales,Technology,Standard,Annual,Partner,96.13,41,315.4,17,1,0,8.8,7,Support issue around onboarding and admin setup.,,,,0
CUST-1097,2021-02-01,2024-12-23,South East,Technology,Premium,Annual,Self-serve,169.35,46,117.7,8,1,0,7.1,4,Support issue around onboarding and admin setup.,,,,0
CUST-1098,2020-12-26,2024-12-07,London,Education,Premium,Annual,Partner,167.06,48,259.3,9,1,0,8.4,12,Low usage noted in recent month; customer did not attend webinar.,,,,0
CUST-1099,2021-09-20,2024-12-26,London,Manufacturing,Premium,Monthly,Partner,166.47,39,393.8,15,0,2,7.5,10,Healthy adoption in team; users asked for reporting improvements.,,,,0
CUST-1100,2023-06-08,2024-12-30,South West,Retail,Standard,Monthly,Renewal upgrade,91.58,18,224.7,3,0,1,7.8,12,Multiple support contacts; wants faster response time.,competitor,2025-03-19,discount,1
CUST-1101,2023-01-18,2024-12-26,South West,Professional Services,Premium,Annual,Self-serve,166.58,23,98.8,7,1,0,10.0,1,Multiple support contacts; wants faster response time.,,,,0
CUST-1102,2021-03-10,2024-12-22,Wales,Education,Basic,Annual,Sales-led,30.24,45,167.4,9,2,1,7.6,12,Support issue around onboarding and admin setup.,,,,0
CUST-1103,2023-10-08,2024-12-26,South East,Retail,Standard,Monthly,Sales-led,101.63,14,255.6,15,1,0,8.9,2,Manager requested renewal details and training resources.,,,,0
CUST-1104,2020-11-02,2024-12-26,South West,Manufacturing,Basic,Monthly,Self-serve,51.82,49,13.9,0,2,1,5.6,7,Manager requested renewal details and training resources.,low_usage,2025-01-08,discount,1
CUST-1105,2023-08-22,2024-12-17,Midlands,Public Sector,Standard,Annual,Sales-led,119.41,16,210.9,8,4,0,8.9,11,Customer mentioned price sensitivity and asked about lower plan options.,low_usage,2025-02-05,success_call,1
CUST-1106,2021-03-27,2024-12-01,Midlands,Professional Services,Standard,Monthly,Sales-led,90.98,45,116.3,5,5,0,7.9,6,Multiple support contacts; wants faster response time.,,,,0
CUST-1107,2022-02-27,2024-12-26,North West,Education,Basic,Annual,Sales-led,52.55,34,251.3,14,3,0,8.9,1,Invoice query raised; finance contact requested clarification.,,,,0
CUST-1108,2020-10-23,2024-12-07,South East,Retail,Premium,Monthly,Self-serve,182.75,50,174.8,1,3,0,7.8,11,Support issue around onboarding and admin setup.,price,2025-01-01,none,1
CUST-1109,2023-01-17,2024-12-22,London,Technology,Standard,Annual,Sales-led,95.95,23,272.6,14,3,0,9.4,1,Low usage noted in recent month; customer did not attend webinar.,,,,0
CUST-1110,2021-04-08,2024-12-21,South West,Retail,Basic,Annual,Self-serve,57.93,44,165.1,7,3,1,9.0,10,,,,,0
CUST-1111,2023-06-27,2024-12-29,North West,Manufacturing,Basic,Annual,Partner,58.3,18,129.4,1,1,0,8.2,7,Healthy adoption in team; users asked for reporting improvements.,price,2025-01-30,none,1
CUST-1112,2020-05-01,2024-12-25,London,Education,Standard,Annual,Partner,102.93,56,538.7,13,3,1,8.4,3,Support issue around onboarding and admin setup.,,,,0
CUST-1113,2022-01-02,2024-12-28,South East,Healthcare,Standard,Annual,Sales-led,95.93,35,162.3,6,2,0,9.0,2,Customer mentioned price sensitivity and asked about lower plan options.,,,,0
CUST-1114,2020-08-19,2024-12-27,Scotland,Manufacturing,Standard,Annual,Self-serve,94.71,52,229.7,15,3,0,6.3,12,Invoice query raised; finance contact requested clarification.,,,,0
CUST-1115,2023-07-21,2024-12-31,London,Public Sector,Basic,Annual,Self-serve,32.59,17,164.9,13,4,0,6.1,10,Customer happy with product but needs integration advice.,,,,0
CUST-1116,2021-08-31,2024-12-25,Northern Ireland,Education,Premium,Monthly,Self-serve,169.33,40,241.1,11,1,1,7.8,6,Multiple support contacts; wants faster response time.,,,,0
CUST-1117,2022-09-11,2024-12-27,Midlands,Public Sector,Enterprise,Annual,Self-serve,341.54,27,700.5,30,5,0,6.4,2,Customer mentioned price sensitivity and asked about lower plan options.,,,,0
CUST-1118,2023-07-08,2024-12-26,Midlands,Technology,Standard,Monthly,Sales-led,85.51,17,255.7,10,1,1,9.2,3,Customer happy with product but needs integration advice.,support,2025-03-30,none,1
CUST-1119,2022-02-21,2024-12-29,North West,Healthcare,Standard,Annual,Renewal upgrade,104.28,34,171.6,11,2,0,6.2,3,Low usage noted in recent month; customer did not attend webinar.,,,,0
CUST-1120,2020-03-24,2024-12-31,Wales,Education,Premium,Annual,Sales-led,193.36,57,505.3,18,2,1,8.0,12,Low usage noted in recent month; customer did not attend webinar.,,,,0
CUST-1121,2020-11-18,2024-12-23,Scotland,Professional Services,Enterprise,Monthly,Partner,338.1,49,375.1,13,6,1,6.8,8,Multiple support contacts; wants faster response time.,,,,0
CUST-1122,2020-11-06,2024-12-31,Wales,Public Sector,Standard,Monthly,Self-serve,102.4,49,149.8,3,1,1,7.6,3,Manager requested renewal details and training resources.,,,,0
CUST-1123,2023-08-27,2024-12-30,London,Education,Premium,Monthly,Sales-led,166.59,16,403.5,8,1,0,8.3,7,Healthy adoption in team; users asked for reporting improvements.,,,,0
CUST-1124,2023-08-19,2024-12-27,North West,Healthcare,Enterprise,Annual,Partner,345.34,16,137.2,11,3,0,7.2,2,Customer mentioned price sensitivity and asked about lower plan options.,,,,0
CUST-1125,2021-11-27,2024-12-24,London,Professional Services,Premium,Monthly,Sales-led,170.72,37,117.4,2,2,1,7.0,8,Manager requested renewal details and training resources.,,,,0
CUST-1126,2023-07-23,2024-12-29,North West,Technology,Standard,Monthly,Partner,106.22,17,71.2,0,4,0,6.1,10,Healthy adoption in team; users asked for reporting improvements.,low_usage,2025-01-28,none,1
CUST-1127,2020-12-25,2024-12-31,South East,Healthcare,Basic,Annual,Self-serve,40.85,48,45.5,0,0,0,,12,Healthy adoption in team; users asked for reporting improvements.,,,,0
CUST-1128,2022-09-18,2024-12-26,London,Manufacturing,Basic,Annual,Sales-led,61.14,27,294.0,11,3,0,9.5,12,Healthy adoption in team; users asked for reporting improvements.,,,,0
CUST-1129,2021-07-26,2024-12-09,London,Professional Services,Standard,Monthly,Sales-led,96.05,41,211.0,15,3,0,4.4,3,Support issue around onboarding and admin setup.,business_closed,2025-02-17,success_call,1
CUST-1130,2020-12-17,2024-12-24,Scotland,Technology,Standard,Monthly,Partner,91.2,48,75.3,11,2,0,7.0,2,Customer mentioned price sensitivity and asked about lower plan options.,,,,0
CUST-1131,2020-12-31,2024-12-26,London,Professional Services,Standard,Annual,Sales-led,83.96,47,216.9,2,4,0,6.7,1,Manager requested renewal details and training resources.,,,,0
CUST-1132,2021-09-04,2024-12-30,South West,Retail,Standard,Annual,Renewal upgrade,102.04,39,343.7,12,2,2,8.3,11,Customer happy with product but needs integration advice.,,,,0
CUST-1133,2021-05-10,2024-12-23,Scotland,Public Sector,Standard,Annual,Partner,109.74,43,146.9,2,2,0,5.4,5,Support issue around onboarding and admin setup.,,,,0
CUST-1134,2020-11-04,2024-12-31,South East,Technology,Premium,Monthly,Partner,182.28,49,185.4,11,2,1,6.6,2,Healthy adoption in team; users asked for reporting improvements.,,,,0
CUST-1135,2021-05-02,2024-12-16,Scotland,Retail,Basic,Monthly,Sales-led,75.87,43,357.2,15,1,1,8.2,4,Low usage noted in recent month; customer did not attend webinar.,competitor,2025-01-26,discount,1
CUST-1136,2020-07-06,2024-11-30,London,Healthcare,Basic,Monthly,Partner,66.16,53,126.8,3,0,0,9.6,2,Customer mentioned price sensitivity and asked about lower plan options.,,,,0
CUST-1137,2023-11-16,2024-12-15,South West,Public Sector,Premium,Annual,Renewal upgrade,175.31,13,105.4,5,0,0,8.4,1,Customer happy with product but needs integration advice.,,,,0
CUST-1138,2021-07-08,2024-12-31,North West,Technology,Premium,Monthly,Sales-led,175.18,41,164.9,5,2,0,5.9,1,Manager requested renewal details and training resources.,support,2025-01-09,success_call,1
CUST-1139,2020-06-05,2024-12-24,Midlands,Healthcare,Enterprise,Monthly,Sales-led,354.64,54,97.4,10,3,1,6.1,12,Manager requested renewal details and training resources.,,,,0
CUST-1140,2022-04-20,2024-12-14,London,Education,Premium,Annual,Sales-led,168.94,32,354.6,16,2,0,9.7,8,Healthy adoption in team; users asked for reporting improvements.,,,,0
CUST-1141,2023-07-13,2024-12-15,North West,Public Sector,Premium,Annual,Self-serve,193.0,17,155.8,9,3,0,5.6,3,Support issue around onboarding and admin setup.,business_closed,2025-02-13,none,1
CUST-1142,2021-06-09,2024-12-31,North West,Public Sector,Standard,Annual,Partner,103.34,42,133.1,0,0,0,7.9,5,Healthy adoption in team; users asked for reporting improvements.,,,,0
CUST-1143,2023-05-19,2024-12-23,South West,Public Sector,Standard,Monthly,Self-serve,102.08,19,497.9,20,4,1,8.1,4,Low usage noted in recent month; customer did not attend webinar.,,,,0
CUST-1144,2022-06-10,2024-12-10,Scotland,Education,Basic,Monthly,Self-serve,57.24,30,71.7,11,4,0,6.2,1,Healthy adoption in team; users asked for reporting improvements.,low_usage,2025-01-01,discount,1
CUST-1145,2022-12-15,2024-12-22,North West,Professional Services,Standard,Monthly,Sales-led,119.67,24,85.7,9,0,1,10.0,11,Customer happy with product but needs integration advice.,,,,0
CUST-1146,2021-03-08,2024-12-06,South East,Technology,Enterprise,Monthly,Sales-led,351.05,45,142.0,0,4,1,6.1,3,Support issue around onboarding and admin setup.,business_closed,2025-01-24,success_call,1
CUST-1147,2020-02-23,2024-12-20,South East,Technology,Standard,Annual,Sales-led,97.64,58,349.0,13,1,0,9.3,4,Low usage noted in recent month; customer did not attend webinar.,,,,0
CUST-1148,2021-05-19,2024-12-18,Scotland,Public Sector,Standard,Monthly,Renewal upgrade,117.1,43,248.8,5,1,1,6.7,1,Low usage noted in recent month; customer did not attend webinar.,support,2025-03-18,discount,1
CUST-1149,2023-09-11,2024-12-27,North West,Professional Services,Standard,Annual,Self-serve,110.61,15,164.8,13,1,0,8.7,7,Customer happy with product but needs integration advice.,,,,0
CUST-1150,2023-02-28,2024-12-03,London,Retail,Basic,Annual,Self-serve,45.15,22,117.5,6,0,0,9.3,3,Invoice query raised; finance contact requested clarification.,,,,0
CUST-1151,2023-02-18,2024-12-22,Midlands,Public Sector,Basic,Annual,Partner,49.06,22,207.7,5,1,1,6.8,10,Low usage noted in recent month; customer did not attend webinar.,,,,0
CUST-1152,2023-07-06,2024-12-14,South West,Professional Services,Basic,Monthly,Sales-led,51.34,17,161.3,7,0,0,8.1,6,Invoice query raised; finance contact requested clarification.,,,,0
CUST-1153,2021-06-28,2024-12-31,London,Technology,Enterprise,Monthly,Sales-led,353.34,42,236.1,0,5,1,5.5,10,Support issue around onboarding and admin setup.,,,,0
CUST-1154,2021-04-15,2024-12-10,Scotland,Healthcare,Standard,Monthly,Sales-led,82.72,44,253.2,6,3,1,5.7,3,Invoice query raised; finance contact requested clarification.,,,,0
CUST-1155,2023-09-12,2024-12-28,London,Manufacturing,Premium,Monthly,Renewal upgrade,160.49,15,116.3,5,2,0,9.0,9,Support issue around onboarding and admin setup.,,,,0
CUST-1156,2022-04-14,2024-12-30,Wales,Technology,Premium,Monthly,Partner,168.35,32,135.9,9,0,0,7.2,12,Customer happy with product but needs integration advice.,,,,0
CUST-1157,2021-03-11,2024-12-27,South East,Healthcare,Basic,Monthly,Self-serve,37.42,45,194.9,0,3,1,3.6,11,Manager requested renewal details and training resources.,support,2025-02-09,none,1
CUST-1158,2021-02-10,2024-12-26,Wales,Retail,Basic,Annual,Sales-led,41.27,46,194.6,6,2,1,10.0,9,Multiple support contacts; wants faster response time.,,,,0
CUST-1159,2023-07-04,2024-12-26,Midlands,Manufacturing,Premium,Monthly,Sales-led,186.62,17,57.1,6,3,1,5.4,12,Support issue around onboarding and admin setup.,support,2025-01-06,discount,1
CUST-1160,2020-03-18,2024-12-30,Midlands,Education,Basic,Annual,Self-serve,46.97,57,168.6,1,2,0,7.3,9,Low usage noted in recent month; customer did not attend webinar.,,,,0
CUST-1161,2020-03-31,2024-12-30,London,Healthcare,Enterprise,Monthly,Self-serve,351.36,57,660.2,27,1,0,10.0,10,Healthy adoption in team; users asked for reporting improvements.,,,,0
CUST-1162,2022-12-13,2024-12-25,South West,Manufacturing,Basic,Monthly,Renewal upgrade,34.31,24,211.0,9,1,3,6.8,6,Customer happy with product but needs integration advice.,competitor,2025-03-12,none,1
CUST-1163,2020-01-02,2024-12-30,South East,Technology,Premium,Monthly,Partner,173.46,59,166.4,14,3,0,7.2,11,Customer mentioned price sensitivity and asked about lower plan options.,,,,0
CUST-1164,2020-09-06,2024-12-16,London,Healthcare,Premium,Monthly,Self-serve,186.05,51,142.6,5,5,0,5.0,7,Manager requested renewal details and training resources.,,,,0
CUST-1165,2023-12-17,2024-12-18,Scotland,Retail,Basic,Monthly,Partner,56.14,12,172.2,6,0,1,5.4,5,Customer mentioned price sensitivity and asked about lower plan options.,price,2025-03-09,success_call,1
CUST-1166,2021-09-13,2024-12-22,South East,Healthcare,Basic,Annual,Renewal upgrade,40.31,39,293.5,15,1,0,8.2,4,Support issue around onboarding and admin setup.,,,,0
CUST-1167,2022-11-28,2024-12-27,Midlands,Healthcare,Enterprise,Monthly,Self-serve,350.94,25,88.3,0,5,1,6.8,2,Manager requested renewal details and training resources.,business_closed,2025-03-20,none,1
CUST-1168,2021-12-12,2024-12-31,Midlands,Professional Services,Basic,Monthly,Self-serve,75.39,36,165.8,6,0,0,8.6,3,Support issue around onboarding and admin setup.,,,,0
CUST-1169,2020-05-12,2024-12-29,South East,Professional Services,Standard,Annual,Renewal upgrade,98.79,55,185.0,6,0,0,7.5,10,Manager requested renewal details and training resources.,,,,0
CUST-1170,2020-09-26,2024-12-31,South West,Manufacturing,Standard,Monthly,Sales-led,90.68,51,210.9,8,3,0,7.6,10,Healthy adoption in team; users asked for reporting improvements.,,,,0
CUST-1171,2023-01-16,2024-12-28,South East,Retail,Basic,Annual,Renewal upgrade,46.91,23,71.2,6,1,0,4.8,12,Customer happy with product but needs integration advice.,,,,0
CUST-1172,2020-05-18,2024-12-15,North West,Technology,Premium,Monthly,Sales-led,180.11,55,388.6,18,2,0,9.2,7,Invoice query raised; finance contact requested clarification.,,,,0
CUST-1173,2022-05-18,2024-12-30,South East,Retail,Premium,Annual,Self-serve,177.19,31,510.8,17,4,0,8.8,9,Manager requested renewal details and training resources.,,,,0
CUST-1174,2021-05-23,2024-12-09,South West,Professional Services,Standard,Monthly,Partner,98.62,43,268.4,11,3,2,10.0,9,Customer mentioned price sensitivity and asked about lower plan options.,low_usage,2025-01-24,success_call,1
CUST-1175,2021-06-24,2024-12-27,London,Public Sector,Premium,Monthly,Self-serve,161.68,42,485.6,25,2,0,9.0,9,Customer mentioned price sensitivity and asked about lower plan options.,,,,0
CUST-1176,2023-10-22,2024-12-31,London,Technology,Basic,Annual,Self-serve,37.45,14,135.1,2,1,0,6.4,3,Customer happy with product but needs integration advice.,,,,0
CUST-1177,2022-06-03,2024-12-31,North West,Retail,Basic,Annual,Self-serve,47.21,30,189.7,8,2,1,7.3,3,Multiple support contacts; wants faster response time.,,,,0
CUST-1178,2022-06-17,2024-12-24,South West,Retail,Standard,Monthly,Sales-led,97.02,30,270.5,10,3,2,6.6,5,Invoice query raised; finance contact requested clarification.,,,,0
CUST-1179,2021-05-26,2024-12-24,South West,Retail,Enterprise,Annual,Sales-led,342.21,43,361.3,14,3,0,8.8,8,Manager requested renewal details and training resources.,,,,0
CUST-1180,2021-07-10,2024-12-27,Midlands,Education,Basic,Monthly,Sales-led,46.88,41,124.7,0,4,1,6.7,10,Manager requested renewal details and training resources.,price,2025-01-30,none,1
CUST-1181,2022-09-28,2024-12-31,South West,Healthcare,Basic,Monthly,Self-serve,49.73,27,131.9,11,2,2,4.9,3,,business_closed,2025-02-23,success_call,1
CUST-1182,2020-02-26,2024-12-22,South West,Retail,Standard,Monthly,Self-serve,109.67,58,366.3,12,0,2,5.8,6,Customer mentioned price sensitivity and asked about lower plan options.,,,,0
CUST-1183,2020-12-12,2024-12-27,North West,Professional Services,Premium,Annual,Sales-led,177.81,48,251.8,14,1,0,8.7,10,Invoice query raised; finance contact requested clarification.,,,,0
CUST-1184,2022-05-26,2024-12-30,South East,Education,Basic,Monthly,Renewal upgrade,53.79,31,246.3,7,3,0,9.8,8,Manager requested renewal details and training resources.,,,,0
CUST-1185,2022-06-29,2024-12-30,Midlands,Technology,Standard,Annual,Self-serve,92.5,30,213.0,6,4,0,7.5,11,Manager requested renewal details and training resources.,support,2025-01-29,success_call,1
CUST-1186,2020-05-14,2024-12-28,Wales,Manufacturing,Premium,Monthly,Self-serve,185.87,55,376.5,20,0,0,10.0,12,Support issue around onboarding and admin setup.,,,,0
CUST-1187,2023-02-24,2024-12-30,South East,Education,Standard,Annual,Self-serve,103.51,22,231.2,13,2,1,,7,Support issue around onboarding and admin setup.,business_closed,2025-03-27,success_call,1
CUST-1188,2022-03-03,2024-12-18,London,Professional Services,Basic,Annual,Sales-led,59.39,33,225.1,10,2,0,8.3,11,Multiple support contacts; wants faster response time.,,,,0
CUST-1189,2020-12-13,2024-12-24,Midlands,Retail,Basic,Monthly,Partner,57.56,48,99.4,7,4,1,,10,Invoice query raised; finance contact requested clarification.,low_usage,2025-02-05,discount,1
CUST-1190,2023-01-02,2024-12-19,South East,Retail,Standard,Monthly,Self-serve,106.06,23,218.2,8,1,0,8.4,8,Customer happy with product but needs integration advice.,,,,0
CUST-1191,2023-12-17,2024-12-20,South West,Public Sector,Standard,Monthly,Sales-led,97.82,12,133.7,5,5,1,8.2,6,Manager requested renewal details and training resources.,business_closed,2025-03-25,none,1
CUST-1192,2021-09-10,2024-12-08,South East,Technology,Premium,Annual,Renewal upgrade,181.94,39,204.4,6,0,0,9.1,9,Customer happy with product but needs integration advice.,,,,0
CUST-1193,2021-02-17,2024-12-28,London,Technology,Standard,Monthly,Partner,111.76,46,160.2,10,0,0,9.3,2,Support issue around onboarding and admin setup.,,,,0
CUST-1194,2021-03-13,2024-12-28,Northern Ireland,Technology,Premium,Annual,Partner,171.18,45,232.1,7,2,0,7.2,3,Low usage noted in recent month; customer did not attend webinar.,,,,0
CUST-1195,2022-05-15,2024-12-26,London,Technology,Enterprise,Monthly,Renewal upgrade,341.46,31,416.6,23,2,0,8.4,6,Healthy adoption in team; users asked for reporting improvements.,,,,0
CUST-1196,2020-03-10,2024-12-29,London,Technology,Standard,Annual,Renewal upgrade,101.18,57,174.0,6,2,0,7.5,2,,business_closed,2025-03-24,none,1
CUST-1197,2021-12-06,2024-12-25,Scotland,Professional Services,Standard,Monthly,Sales-led,103.98,36,206.8,8,1,0,8.0,11,Customer mentioned price sensitivity and asked about lower plan options.,,,,0
CUST-1198,2020-02-06,2024-12-22,Northern Ireland,Professional Services,Enterprise,Monthly,Self-serve,339.11,58,442.6,21,1,0,10.0,12,Customer happy with product but needs integration advice.,,,,0
CUST-1199,2020-02-26,2024-12-27,London,Retail,Basic,Annual,Self-serve,48.1,58,222.7,9,2,1,4.0,11,Low usage noted in recent month; customer did not attend webinar.,,,,0
CUST-1200,2021-09-19,2024-12-17,South East,Education,Premium,Monthly,Sales-led,177.87,39,76.2,2,1,2,6.9,2,Customer mentioned price sensitivity and asked about lower plan options.,competitor,2025-03-11,success_call,1
CUST-1201,2022-12-24,2024-12-28,Midlands,Professional Services,Premium,Annual,Sales-led,152.42,24,107.4,4,2,0,7.3,9,Low usage noted in recent month; customer did not attend webinar.,,,,0
CUST-1202,2023-07-13,2024-12-31,South West,Public Sector,Basic,Monthly,Sales-led,46.36,17,175.0,11,3,0,5.4,2,Healthy adoption in team; users asked for reporting improvements.,,,,0
CUST-1203,2020-05-07,2024-12-08,North West,Manufacturing,Standard,Monthly,Self-serve,97.11,55,146.2,3,1,2,8.1,3,Manager requested renewal details and training resources.,,,,0
CUST-1204,2020-12-22,2024-12-16,London,Education,Basic,Annual,Partner,47.08,48,64.3,2,0,0,6.7,5,Customer mentioned price sensitivity and asked about lower plan options.,,,,0
CUST-1205,2021-09-07,2024-12-24,London,Professional Services,Basic,Annual,Partner,65.99,39,122.0,5,0,0,7.5,6,Customer happy with product but needs integration advice.,,,,0
CUST-1206,2022-04-18,2024-12-30,South East,Retail,Standard,Annual,Sales-led,84.41,32,275.3,14,3,0,10.0,2,Low usage noted in recent month; customer did not attend webinar.,,,,0
CUST-1207,2023-12-12,2024-12-29,London,Professional Services,Standard,Monthly,Sales-led,89.1,12,159.3,6,3,1,8.6,11,Support issue around onboarding and admin setup.,,,,0
CUST-1208,2022-09-26,2024-12-20,Wales,Public Sector,Premium,Monthly,Self-serve,147.65,27,226.1,16,4,1,7.9,12,Multiple support contacts; wants faster response time.,price,2025-02-25,none,1
CUST-1209,2022-02-25,2024-11-24,London,Education,Enterprise,Monthly,Self-serve,343.23,34,225.3,8,3,1,7.9,1,Customer happy with product but needs integration advice.,,,,0
CUST-1210,2020-03-29,2024-12-21,North West,Public Sector,Premium,Annual,Renewal upgrade,174.25,57,173.1,6,5,1,6.3,6,Low usage noted in recent month; customer did not attend webinar.,,,,0
CUST-1211,2020-04-27,2024-12-18,Wales,Retail,Basic,Monthly,Renewal upgrade,42.88,56,162.0,6,1,1,10.0,4,,,,,0
CUST-1212,2020-08-11,2024-12-29,Scotland,Healthcare,Basic,Monthly,Renewal upgrade,62.29,52,52.0,0,2,1,8.1,9,Low usage noted in recent month; customer did not attend webinar.,low_usage,2025-03-19,success_call,1
CUST-1213,2022-08-22,2024-12-19,London,Healthcare,Basic,Monthly,Renewal upgrade,59.33,28,90.8,0,0,1,6.4,11,Customer happy with product but needs integration advice.,,,,0
CUST-1214,2021-04-28,2024-12-28,Midlands,Public Sector,Basic,Monthly,Renewal upgrade,49.93,44,,6,1,2,5.3,12,Multiple support contacts; wants faster response time.,competitor,2025-03-24,none,1
CUST-1215,2020-12-17,2024-12-14,Midlands,Public Sector,Enterprise,Monthly,Self-serve,344.55,48,111.0,9,4,1,7.4,7,Low usage noted in recent month; customer did not attend webinar.,,,,0
CUST-1216,2022-09-05,2024-12-22,Midlands,Retail,Standard,Monthly,Sales-led,111.31,27,191.5,8,2,0,7.7,6,Healthy adoption in team; users asked for reporting improvements.,,,,0
CUST-1217,2023-04-05,2024-12-27,London,Technology,Basic,Annual,Sales-led,48.76,20,132.5,3,1,0,5.6,9,Customer happy with product but needs integration advice.,,,,0
CUST-1218,2021-10-02,2024-12-23,London,Professional Services,Premium,Annual,Self-serve,169.18,38,193.0,13,5,0,7.7,11,Customer mentioned price sensitivity and asked about lower plan options.,,,,0
CUST-1219,2023-07-11,2024-12-28,South West,Technology,Standard,Monthly,Sales-led,78.41,17,294.3,18,5,1,6.7,3,Support issue around onboarding and admin setup.,,,,0
CUST-1220,2022-12-07,2024-12-30,North West,Professional Services,Basic,Annual,Sales-led,43.7,24,280.6,16,4,1,8.1,7,Multiple support contacts; wants faster response time.,,,,0
CUST-1221,2022-11-11,2024-12-14,South East,Retail,Basic,Annual,Renewal upgrade,58.06,25,91.2,0,3,0,7.8,6,Invoice query raised; finance contact requested clarification.,price,2025-03-19,success_call,1
CUST-1222,2023-06-20,2024-12-23,North West,Public Sector,Standard,Monthly,Sales-led,126.32,18,175.1,5,3,0,6.5,11,,support,2025-03-30,none,1
CUST-1223,2020-09-25,2024-12-29,Wales,Professional Services,Premium,Monthly,Renewal upgrade,179.74,51,66.8,10,4,0,7.7,8,Support issue around onboarding and admin setup.,,,,0
CUST-1224,2023-01-12,2024-12-30,South West,Healthcare,Basic,Monthly,Partner,39.82,23,214.5,10,1,0,7.4,11,Customer happy with product but needs integration advice.,,,,0
CUST-1225,2023-10-30,2024-12-24,South East,Healthcare,Enterprise,Monthly,Self-serve,334.78,14,251.6,9,2,0,7.4,1,Customer happy with product but needs integration advice.,,,,0
CUST-1226,2023-12-19,2024-12-31,South West,Retail,Premium,Annual,Partner,185.62,12,105.0,7,2,0,6.6,1,Healthy adoption in team; users asked for reporting improvements.,support,2025-01-30,discount,1
CUST-1227,2022-04-23,2024-12-29,London,Manufacturing,Premium,Annual,Sales-led,157.82,32,165.5,11,5,0,8.6,7,Multiple support contacts; wants faster response time.,,,,0
CUST-1228,2023-01-06,2024-12-28,Scotland,Public Sector,Basic,Monthly,Self-serve,55.6,23,74.8,1,0,1,7.0,2,Multiple support contacts; wants faster response time.,competitor,2025-02-17,none,1
CUST-1229,2023-07-21,2024-12-17,Wales,Technology,Basic,Annual,Sales-led,58.81,17,104.5,5,3,0,9.2,4,Customer mentioned price sensitivity and asked about lower plan options.,,,,0
CUST-1230,2023-05-29,2024-12-28,London,Retail,Premium,Monthly,Renewal upgrade,184.24,19,70.9,7,0,0,10.0,1,Invoice query raised; finance contact requested clarification.,,,,0
CUST-1231,2023-08-03,2024-12-16,London,Education,Standard,Annual,Sales-led,96.36,16,421.8,12,4,0,7.1,2,Manager requested renewal details and training resources.,,,,0
CUST-1232,2023-04-30,2024-12-15,North West,Retail,Standard,Annual,Sales-led,105.78,20,124.2,5,0,0,3.6,12,Customer happy with product but needs integration advice.,,,,0
CUST-1233,2021-07-10,2024-12-08,South West,Retail,Premium,Monthly,Partner,181.05,41,220.0,4,2,1,9.1,5,Low usage noted in recent month; customer did not attend webinar.,,,,0
CUST-1234,2022-12-02,2024-12-27,Scotland,Professional Services,Basic,Monthly,Self-serve,39.66,24,177.5,3,1,1,7.1,10,Healthy adoption in team; users asked for reporting improvements.,price,2025-01-14,none,1
CUST-1235,2021-08-22,2024-12-30,South West,Technology,Premium,Annual,Self-serve,201.2,40,430.6,15,1,0,7.7,2,Customer mentioned price sensitivity and asked about lower plan options.,,,,0
CUST-1236,2023-03-16,2024-12-27,Midlands,Technology,Enterprise,Annual,Self-serve,344.78,21,304.4,14,4,0,6.8,11,Low usage noted in recent month; customer did not attend webinar.,,,,0
CUST-1237,2023-03-28,2024-12-24,North West,Public Sector,Premium,Monthly,Sales-led,188.31,21,190.4,6,5,1,6.0,10,Invoice query raised; finance contact requested clarification.,competitor,2025-02-01,success_call,1
CUST-1238,2023-09-26,2024-12-23,Midlands,Education,Standard,Monthly,Partner,69.98,15,199.0,5,3,1,9.1,9,Invoice query raised; finance contact requested clarification.,,,,0
CUST-1239,2022-05-08,2024-12-30,London,Education,Premium,Monthly,Sales-led,194.32,31,120.4,5,2,1,7.4,3,Support issue around onboarding and admin setup.,support,2025-01-14,none,1
CUST-1240,2021-11-24,2024-12-27,London,Education,Standard,Annual,Sales-led,116.63,37,126.9,0,3,0,9.2,3,Invoice query raised; finance contact requested clarification.,,,,0
CUST-1241,2020-08-29,2024-12-29,Midlands,Education,Premium,Annual,Sales-led,179.36,52,217.8,10,6,0,7.6,7,Support issue around onboarding and admin setup.,,,,0
CUST-1242,2022-07-20,2024-12-24,Midlands,Healthcare,Premium,Annual,Sales-led,185.71,29,64.1,7,1,0,7.0,12,Low usage noted in recent month; customer did not attend webinar.,low_usage,2025-01-15,discount,1
CUST-1243,2022-04-06,2024-12-28,South East,Professional Services,Premium,Annual,Sales-led,185.7,32,175.1,7,3,0,6.9,2,Support issue around onboarding and admin setup.,,,,0
CUST-1244,2022-01-21,2024-12-29,Scotland,Professional Services,Standard,Annual,Self-serve,91.29,35,170.9,6,1,0,8.8,1,Low usage noted in recent month; customer did not attend webinar.,,,,0
CUST-1245,2022-09-14,2024-12-25,Scotland,Technology,Basic,Annual,Sales-led,55.57,27,394.2,17,1,0,10.0,7,Low usage noted in recent month; customer did not attend webinar.,,,,0
CUST-1246,2023-05-27,2024-12-28,Northern Ireland,Education,Basic,Monthly,Sales-led,39.3,19,258.1,2,1,3,8.7,7,Customer happy with product but needs integration advice.,,,,0
CUST-1247,2020-08-05,2024-12-31,Scotland,Technology,Standard,Annual,Self-serve,91.69,52,273.5,13,3,0,7.5,11,Manager requested renewal details and training resources.,,,,0
CUST-1248,2021-09-21,2024-12-18,North West,Professional Services,Standard,Monthly,Sales-led,112.52,39,289.5,24,1,1,8.3,7,Low usage noted in recent month; customer did not attend webinar.,,,,0
CUST-1249,2022-11-20,2024-12-30,South East,Education,Standard,Monthly,Partner,110.7,25,109.0,4,3,1,7.7,1,Customer happy with product but needs integration advice.,,,,0
CUST-1250,2023-04-11,2024-12-31,North West,Retail,Standard,Annual,Renewal upgrade,90.52,20,233.6,9,1,1,7.3,5,Manager requested renewal details and training resources.,,,,0
CUST-1251,2023-02-10,2024-12-26,Wales,Retail,Premium,Annual,Self-serve,170.2,22,361.9,17,3,0,6.5,6,Low usage noted in recent month; customer did not attend webinar.,competitor,2025-03-21,none,1
CUST-1252,2023-03-13,2024-12-29,Northern Ireland,Professional Services,Enterprise,Annual,Renewal upgrade,341.25,21,171.3,13,3,0,6.2,9,Customer mentioned price sensitivity and asked about lower plan options.,,,,0
CUST-1253,2023-06-02,2024-12-31,North West,Professional Services,Basic,Monthly,Sales-led,57.79,18,60.6,6,0,0,7.4,8,Invoice query raised; finance contact requested clarification.,business_closed,2025-02-20,success_call,1
CUST-1254,2023-11-05,2024-12-28,South East,Technology,Premium,Annual,Sales-led,167.0,13,297.9,3,4,0,8.7,1,Healthy adoption in team; users asked for reporting improvements.,,,,0
CUST-1255,2022-06-06,2024-12-28,South East,Retail,Premium,Monthly,Partner,183.28,30,99.3,6,1,1,9.2,11,Invoice query raised; finance contact requested clarification.,,,,0
CUST-1256,2020-12-29,2024-11-30,Midlands,Manufacturing,Standard,Monthly,Partner,107.96,48,247.2,20,3,1,5.4,8,Invoice query raised; finance contact requested clarification.,low_usage,2025-01-10,none,1
CUST-1257,2022-04-02,2024-12-14,Midlands,Healthcare,Basic,Monthly,Partner,47.94,32,240.5,12,1,1,7.0,11,Multiple support contacts; wants faster response time.,,,,0
CUST-1258,2022-11-02,2024-12-23,London,Healthcare,Premium,Annual,Sales-led,191.12,25,148.6,1,1,0,7.3,9,Customer mentioned price sensitivity and asked about lower plan options.,,,,0
CUST-1259,2020-05-27,2024-12-25,London,Education,Enterprise,Monthly,Partner,345.35,55,157.3,7,2,1,8.5,5,Healthy adoption in team; users asked for reporting improvements.,,,,0
CUST-1260,2023-01-10,2024-12-16,Scotland,Retail,Premium,Annual,Self-serve,176.43,23,420.7,12,3,0,7.6,2,Customer mentioned price sensitivity and asked about lower plan options.,,,,0
CUST-1261,2022-03-05,2024-12-19,London,Technology,Enterprise,Monthly,Sales-led,337.27,33,,15,1,1,7.3,12,Manager requested renewal details and training resources.,,,,0
CUST-1262,2023-09-28,2024-12-27,Midlands,Public Sector,Enterprise,Monthly,Sales-led,361.21,15,398.4,12,7,2,4.5,11,Multiple support contacts; wants faster response time.,,,,0
CUST-1263,2020-11-05,2024-12-15,South East,Public Sector,Standard,Annual,Renewal upgrade,89.8,49,193.0,8,3,0,,4,Invoice query raised; finance contact requested clarification.,,,,0
CUST-1264,2023-08-17,2024-12-22,London,Healthcare,Standard,Monthly,Sales-led,103.2,16,173.4,4,4,0,7.0,1,Customer happy with product but needs integration advice.,price,2025-01-15,success_call,1
CUST-1265,2021-10-16,2024-12-02,South West,Professional Services,Standard,Annual,Partner,98.14,38,223.1,7,0,0,,7,Invoice query raised; finance contact requested clarification.,,,,0
CUST-1266,2022-04-17,2024-12-24,London,Technology,Enterprise,Annual,Self-serve,336.37,32,637.8,30,4,0,8.7,8,Customer mentioned price sensitivity and asked about lower plan options.,,,,0
CUST-1267,2022-08-21,2024-12-16,South East,Healthcare,Basic,Monthly,Partner,41.69,28,212.8,9,1,0,9.8,7,Invoice query raised; finance contact requested clarification.,,,,0
CUST-1268,2022-04-25,2024-12-03,London,Professional Services,Standard,Annual,Partner,115.59,32,149.5,4,0,0,6.6,9,Support issue around onboarding and admin setup.,,,,0
CUST-1269,2023-08-12,2024-12-10,London,Healthcare,Premium,Annual,Renewal upgrade,181.42,16,278.6,7,4,0,6.4,6,Customer happy with product but needs integration advice.,,,,0
CUST-1270,2020-09-01,2024-12-17,London,Public Sector,Standard,Annual,Sales-led,86.89,51,186.0,0,0,0,10.0,9,Invoice query raised; finance contact requested clarification.,,,,0
CUST-1271,2022-12-01,2024-12-19,London,Manufacturing,Premium,Annual,Sales-led,182.66,25,193.0,3,0,0,8.4,7,Customer happy with product but needs integration advice.,,,,0
CUST-1272,2023-11-24,2024-12-23,London,Public Sector,Standard,Annual,Self-serve,97.25,13,282.2,12,3,1,,1,Manager requested renewal details and training resources.,,,,0
CUST-1273,2020-11-17,2024-12-23,London,Public Sector,Enterprise,Annual,Self-serve,390.45,49,342.6,18,4,1,8.1,8,Low usage noted in recent month; customer did not attend webinar.,,,,0
CUST-1274,2021-01-07,2024-12-30,Scotland,Retail,Premium,Monthly,Sales-led,182.42,47,129.2,3,2,0,7.5,7,Manager requested renewal details and training resources.,,,,0
CUST-1275,2021-11-24,2024-12-25,Wales,Technology,Standard,Annual,Sales-led,94.43,37,223.3,15,4,0,6.9,4,Customer happy with product but needs integration advice.,,,,0
CUST-1276,2022-11-24,2024-12-26,North West,Healthcare,Premium,Annual,Sales-led,196.04,25,189.8,5,2,1,8.7,5,Manager requested renewal details and training resources.,,,,0
CUST-1277,2023-11-01,2024-12-26,South East,Manufacturing,Standard,Annual,Sales-led,76.91,13,273.3,10,3,1,9.2,3,Manager requested renewal details and training resources.,,,,0
CUST-1278,2023-03-07,2024-12-31,North West,Professional Services,Standard,Annual,Sales-led,100.13,21,161.1,2,2,0,9.3,7,Healthy adoption in team; users asked for reporting improvements.,,,,0
CUST-1279,2023-03-05,2024-12-28,Northern Ireland,Technology,Standard,Monthly,Renewal upgrade,122.93,21,173.9,11,2,0,5.9,3,Manager requested renewal details and training resources.,competitor,2025-03-12,success_call,1
CUST-1280,2021-10-06,2024-12-21,Northern Ireland,Retail,Premium,Annual,Sales-led,177.61,38,195.8,16,1,0,10.0,2,Customer happy with product but needs integration advice.,,,,0
CUST-1281,2022-07-31,2024-12-27,London,Professional Services,Basic,Annual,Renewal upgrade,28.2,29,58.9,0,2,0,6.7,1,Invoice query raised; finance contact requested clarification.,business_closed,2025-01-02,discount,1
CUST-1282,2020-11-04,2024-12-24,London,Healthcare,Basic,Monthly,Renewal upgrade,44.25,49,298.5,11,1,1,7.0,8,Customer mentioned price sensitivity and asked about lower plan options.,,,,0
CUST-1283,2021-11-07,2024-12-29,South East,Professional Services,Premium,Monthly,Sales-led,196.45,37,220.6,14,1,1,7.5,2,Healthy adoption in team; users asked for reporting improvements.,,,,0
CUST-1284,2020-10-02,2024-12-29,South East,Professional Services,Standard,Annual,Partner,103.51,50,468.8,13,2,0,10.0,6,Low usage noted in recent month; customer did not attend webinar.,,,,0
CUST-1285,2020-02-09,2024-12-31,Scotland,Manufacturing,Standard,Monthly,Self-serve,88.93,58,196.3,10,4,0,8.1,1,Customer happy with product but needs integration advice.,,,,0
CUST-1286,2023-06-04,2024-12-21,North West,Healthcare,Basic,Annual,Partner,40.78,18,230.7,14,2,1,7.2,4,Healthy adoption in team; users asked for reporting improvements.,,,,0
CUST-1287,2023-03-20,2024-12-31,London,Technology,Standard,Monthly,Sales-led,92.28,21,133.8,6,2,1,8.4,4,Support issue around onboarding and admin setup.,,,,0
CUST-1288,2022-01-15,2024-12-29,South East,Retail,Premium,Monthly,Sales-led,183.33,35,156.0,8,2,0,7.8,6,Customer mentioned price sensitivity and asked about lower plan options.,competitor,2025-03-26,success_call,1
CUST-1289,2020-01-22,2024-12-30,Scotland,Public Sector,Basic,Annual,Sales-led,65.06,59,161.8,14,1,0,7.0,2,Customer mentioned price sensitivity and asked about lower plan options.,,,,0
CUST-1290,2020-05-11,2024-12-26,London,Healthcare,Standard,Annual,Self-serve,111.63,55,466.7,26,1,0,8.1,1,Healthy adoption in team; users asked for reporting improvements.,,,,0
CUST-1291,2020-06-12,2024-12-29,Northern Ireland,Manufacturing,Enterprise,Annual,Renewal upgrade,354.47,54,179.0,7,3,0,8.1,10,Customer happy with product but needs integration advice.,,,,0
CUST-1292,2022-11-12,2024-12-14,London,Education,Basic,Annual,Partner,33.02,25,50.3,0,2,1,6.7,10,,competitor,2025-01-18,none,1
CUST-1293,2020-10-24,2024-12-27,South West,Education,Premium,Annual,Partner,163.06,50,415.9,13,2,0,6.6,1,Manager requested renewal details and training resources.,,,,0
CUST-1294,2020-12-31,2024-12-27,London,Technology,Basic,Annual,Renewal upgrade,55.4,47,237.8,13,1,0,9.5,11,Healthy adoption in team; users asked for reporting improvements.,,,,0
CUST-1295,2023-06-11,2024-12-25,Northern Ireland,Healthcare,Premium,Annual,Partner,162.85,18,201.8,3,2,1,6.7,11,Multiple support contacts; wants faster response time.,competitor,2025-02-01,none,1
CUST-1296,2023-07-03,2024-12-25,South West,Professional Services,Premium,Annual,Sales-led,176.29,17,639.7,25,2,0,10.0,7,Support issue around onboarding and admin setup.,,,,0
CUST-1297,2023-01-19,2024-12-31,South West,Manufacturing,Premium,Annual,Renewal upgrade,182.65,23,653.5,27,3,0,7.3,4,Healthy adoption in team; users asked for reporting improvements.,,,,0
CUST-1298,2021-03-27,2024-12-14,Midlands,Public Sector,Basic,Monthly,Self-serve,35.35,45,48.6,0,1,1,6.8,7,Healthy adoption in team; users asked for reporting improvements.,competitor,2025-02-04,success_call,1
CUST-1299,2022-04-26,2024-12-26,Midlands,Professional Services,Standard,Monthly,Sales-led,86.71,32,132.1,6,3,0,6.2,9,Support issue around onboarding and admin setup.,price,2025-01-17,none,1
CUST-1300,2020-10-19,2024-12-16,Wales,Healthcare,Premium,Annual,Self-serve,177.87,50,247.2,20,0,0,7.0,10,Customer happy with product but needs integration advice.,,,,0
CUST-1301,2023-06-06,2024-12-17,Midlands,Technology,Basic,Annual,Renewal upgrade,55.04,18,202.1,8,0,0,7.6,3,Manager requested renewal details and training resources.,,,,0
CUST-1302,2020-05-03,2024-12-26,London,Public Sector,Basic,Annual,Sales-led,61.74,55,187.1,6,2,1,10.0,3,Manager requested renewal details and training resources.,,,,0
CUST-1303,2022-12-22,2024-12-23,Scotland,Technology,Basic,Monthly,Self-serve,56.28,24,143.6,10,0,5,6.5,7,Support issue around onboarding and admin setup.,support,2025-01-11,none,1
CUST-1304,2022-01-16,2024-12-31,North West,Education,Enterprise,Annual,Sales-led,349.88,35,164.0,8,3,2,5.5,11,Multiple support contacts; wants faster response time.,support,2025-02-27,discount,1
CUST-1305,2023-01-10,2024-12-31,Northern Ireland,Manufacturing,Premium,Monthly,Sales-led,170.05,23,284.6,17,0,0,5.9,9,Customer happy with product but needs integration advice.,,,,0
CUST-1306,2021-10-20,2024-12-29,North West,Retail,Standard,Annual,Sales-led,86.15,38,294.7,12,1,0,5.8,7,Customer happy with product but needs integration advice.,,,,0
CUST-1307,2020-08-18,2024-12-23,North West,Technology,Premium,Annual,Partner,172.87,52,401.4,15,1,0,8.1,7,Manager requested renewal details and training resources.,,,,0
CUST-1308,2023-01-01,2024-12-26,Wales,Healthcare,Standard,Annual,Renewal upgrade,103.92,23,111.9,0,5,0,5.7,1,Low usage noted in recent month; customer did not attend webinar.,low_usage,2025-02-24,success_call,1
CUST-1309,2022-07-10,2024-12-14,South East,Public Sector,Standard,Annual,Sales-led,103.04,29,197.3,1,2,0,7.5,2,Multiple support contacts; wants faster response time.,,,,0
CUST-1310,2021-11-09,2024-12-26,London,Healthcare,Standard,Monthly,Sales-led,73.8,37,147.6,0,1,0,4.4,5,Customer happy with product but needs integration advice.,price,2025-01-08,success_call,1
CUST-1311,2021-06-28,2024-12-29,North West,Education,Standard,Monthly,Sales-led,89.57,42,95.6,5,2,1,6.9,2,Invoice query raised; finance contact requested clarification.,,,,0
CUST-1312,2021-05-16,2024-12-23,North West,Manufacturing,Basic,Annual,Sales-led,63.45,43,146.8,0,2,1,8.8,2,Customer mentioned price sensitivity and asked about lower plan options.,price,2025-02-16,success_call,1
CUST-1313,2021-12-03,2024-12-29,South East,Education,Premium,Annual,Self-serve,179.95,36,143.7,11,1,0,10.0,12,Invoice query raised; finance contact requested clarification.,,,,0
CUST-1314,2021-01-17,2024-12-26,South East,Technology,Premium,Monthly,Partner,162.0,47,99.6,4,2,0,4.6,10,Multiple support contacts; wants faster response time.,price,2025-01-22,discount,1
CUST-1315,2021-02-16,2024-12-16,South East,Healthcare,Standard,Monthly,Self-serve,127.27,46,275.6,10,2,2,6.2,2,Customer happy with product but needs integration advice.,,,,0
CUST-1316,2021-02-10,2024-12-11,South East,Manufacturing,Standard,Monthly,Self-serve,98.65,46,151.1,3,4,0,5.8,11,Multiple support contacts; wants faster response time.,,,,0
CUST-1317,2020-01-19,2024-12-31,South East,Healthcare,Basic,Monthly,Self-serve,53.61,59,96.5,6,3,0,7.4,1,Low usage noted in recent month; customer did not attend webinar.,,,,0
CUST-1318,2023-09-16,2024-12-22,Wales,Healthcare,Enterprise,Monthly,Sales-led,353.79,15,456.2,15,6,0,6.0,7,Support issue around onboarding and admin setup.,,,,0
CUST-1319,2020-12-11,2024-12-15,South East,Healthcare,Enterprise,Monthly,Sales-led,344.59,48,348.7,10,2,1,10.0,11,Low usage noted in recent month; customer did not attend webinar.,,,,0
CUST-1320,2020-08-29,2024-12-31,South West,Professional Services,Enterprise,Annual,Renewal upgrade,340.27,52,84.5,8,5,0,6.7,11,Customer happy with product but needs integration advice.,,,,0
CUST-1321,2020-08-08,2024-12-26,South West,Professional Services,Standard,Monthly,Partner,124.46,52,233.5,11,1,0,8.0,8,Healthy adoption in team; users asked for reporting improvements.,,,,0
CUST-1322,2023-12-13,2024-12-30,North West,Manufacturing,Basic,Monthly,Renewal upgrade,61.04,12,174.7,6,0,0,10.0,5,Healthy adoption in team; users asked for reporting improvements.,support,2025-03-30,discount,1
CUST-1323,2021-11-27,2024-12-27,South East,Manufacturing,Basic,Monthly,Renewal upgrade,58.86,37,124.0,8,2,0,7.5,9,Support issue around onboarding and admin setup.,business_closed,2025-03-19,none,1
CUST-1324,2021-04-22,2024-12-08,Scotland,Manufacturing,Basic,Monthly,Self-serve,55.92,44,121.5,5,0,0,8.6,9,Low usage noted in recent month; customer did not attend webinar.,low_usage,2025-02-10,discount,1
CUST-1325,2021-08-12,2024-12-29,Northern Ireland,Professional Services,Basic,Annual,Renewal upgrade,36.96,40,63.1,4,0,0,6.6,2,Healthy adoption in team; users asked for reporting improvements.,,,,0
CUST-1326,2020-05-09,2024-12-26,Wales,Retail,Basic,Monthly,Self-serve,64.33,55,358.2,11,2,0,,2,Invoice query raised; finance contact requested clarification.,,,,0
CUST-1327,2021-04-02,2024-12-18,Midlands,Retail,Enterprise,Annual,Sales-led,338.88,44,263.7,19,2,0,7.1,11,Customer mentioned price sensitivity and asked about lower plan options.,,,,0
CUST-1328,2020-12-29,2024-12-28,Scotland,Public Sector,Basic,Annual,Sales-led,52.4,48,,6,0,1,10.0,9,Multiple support contacts; wants faster response time.,,,,0
CUST-1329,2023-03-18,2024-12-30,Wales,Technology,Basic,Monthly,Sales-led,29.33,21,130.2,11,2,0,8.5,4,Customer happy with product but needs integration advice.,,,,0
CUST-1330,2020-03-26,2024-12-22,South East,Retail,Premium,Annual,Sales-led,154.51,57,172.9,6,3,0,7.9,2,Support issue around onboarding and admin setup.,,,,0
CUST-1331,2021-09-13,2024-12-27,Midlands,Manufacturing,Standard,Annual,Self-serve,102.82,39,,16,3,0,6.6,2,Support issue around onboarding and admin setup.,,,,0
CUST-1332,2023-02-27,2024-12-24,London,Professional Services,Premium,Monthly,Partner,169.29,22,236.9,12,1,2,8.9,12,Customer happy with product but needs integration advice.,price,2025-02-24,success_call,1
CUST-1333,2023-05-02,2024-12-25,Wales,Retail,Standard,Monthly,Partner,75.13,20,169.4,11,3,1,5.0,9,Customer mentioned price sensitivity and asked about lower plan options.,business_closed,2025-01-28,discount,1
CUST-1334,2022-01-18,2024-12-31,Northern Ireland,Professional Services,Premium,Annual,Self-serve,185.49,35,300.9,9,0,1,6.0,9,Customer happy with product but needs integration advice.,,,,0
CUST-1335,2020-11-20,2024-12-06,London,Retail,Standard,Annual,Sales-led,124.44,49,210.8,13,2,0,7.0,7,Low usage noted in recent month; customer did not attend webinar.,,,,0
CUST-1336,2021-05-07,2024-12-26,Scotland,Manufacturing,Standard,Annual,Partner,115.67,43,484.7,27,2,0,10.0,7,Healthy adoption in team; users asked for reporting improvements.,,,,0
CUST-1337,2020-11-20,2024-12-29,London,Technology,Premium,Annual,Self-serve,175.91,49,374.7,14,3,0,10.0,5,Multiple support contacts; wants faster response time.,,,,0
CUST-1338,2022-08-24,2024-12-26,Midlands,Retail,Standard,Monthly,Sales-led,99.11,28,244.6,10,0,0,7.8,4,Customer happy with product but needs integration advice.,,,,0
CUST-1339,2021-03-03,2024-12-29,London,Education,Standard,Annual,Sales-led,109.65,45,90.3,2,1,1,6.2,2,Healthy adoption in team; users asked for reporting improvements.,,,,0
CUST-1340,2022-07-09,2024-12-26,South West,Manufacturing,Standard,Monthly,Sales-led,112.47,29,248.8,9,1,2,5.1,6,Customer happy with product but needs integration advice.,,,,0
CUST-1341,2022-08-15,2024-12-24,London,Technology,Basic,Monthly,Sales-led,44.88,28,184.3,14,6,0,6.9,1,Manager requested renewal details and training resources.,,,,0
CUST-1342,2023-10-04,2024-12-31,South West,Manufacturing,Premium,Annual,Partner,179.41,14,145.1,2,7,0,6.6,6,Invoice query raised; finance contact requested clarification.,,,,0
CUST-1343,2021-06-24,2024-12-12,Midlands,Retail,Basic,Annual,Partner,52.61,42,66.8,0,3,1,7.9,9,Manager requested renewal details and training resources.,,,,0
CUST-1344,2023-11-04,2024-12-31,Scotland,Manufacturing,Basic,Annual,Partner,55.65,13,239.4,16,1,0,9.6,10,Multiple support contacts; wants faster response time.,,,,0
CUST-1345,2021-08-08,2024-12-30,Midlands,Retail,Basic,Monthly,Sales-led,47.4,40,219.6,11,1,2,7.1,7,,,,,0
CUST-1346,2022-09-20,2024-12-07,Midlands,Technology,Premium,Monthly,Partner,177.56,27,156.5,15,2,0,8.5,9,Customer mentioned price sensitivity and asked about lower plan options.,,,,0
CUST-1347,2022-08-23,2024-12-27,South West,Healthcare,Standard,Annual,Partner,115.56,28,153.7,4,3,1,6.0,2,Manager requested renewal details and training resources.,price,2025-02-02,none,1
CUST-1348,2023-04-09,2024-12-05,South East,Manufacturing,Premium,Annual,Sales-led,193.51,20,271.9,11,7,0,7.6,9,Healthy adoption in team; users asked for reporting improvements.,,,,0
CUST-1349,2021-11-15,2024-12-29,Scotland,Professional Services,Premium,Annual,Self-serve,184.73,37,200.9,5,2,0,7.0,9,Manager requested renewal details and training resources.,,,,0
CUST-1350,2023-03-02,2024-12-25,London,Healthcare,Basic,Annual,Self-serve,69.63,22,65.9,3,2,0,8.0,12,Healthy adoption in team; users asked for reporting improvements.,,,,0
CUST-1351,2021-06-02,2024-12-27,Scotland,Technology,Premium,Monthly,Self-serve,174.36,42,124.5,0,2,0,8.1,9,Low usage noted in recent month; customer did not attend webinar.,,,,0
CUST-1352,2021-12-18,2024-12-27,London,Manufacturing,Standard,Monthly,Sales-led,118.48,36,,12,2,1,7.6,7,Healthy adoption in team; users asked for reporting improvements.,support,2025-02-18,discount,1
CUST-1353,2021-12-30,2024-12-12,Scotland,Healthcare,Basic,Monthly,Self-serve,55.51,36,83.8,5,1,1,8.4,8,Low usage noted in recent month; customer did not attend webinar.,,,,0
CUST-1354,2022-10-25,2024-12-29,Scotland,Technology,Premium,Monthly,Sales-led,218.25,26,345.2,14,4,1,5.2,4,Manager requested renewal details and training resources.,,,,0
CUST-1355,2022-06-21,2024-12-28,North West,Public Sector,Enterprise,Monthly,Sales-led,334.69,30,329.1,12,3,2,5.8,11,Multiple support contacts; wants faster response time.,competitor,2025-02-15,success_call,1
CUST-1356,2020-04-24,2024-12-31,Scotland,Retail,Standard,Annual,Sales-led,90.73,56,263.5,7,3,1,7.0,7,Multiple support contacts; wants faster response time.,,,,0
CUST-1357,2023-03-27,2024-12-17,Midlands,Education,Standard,Monthly,Renewal upgrade,104.03,21,202.0,11,2,0,5.6,8,Low usage noted in recent month; customer did not attend webinar.,,,,0
CUST-1358,2023-01-11,2024-12-31,Midlands,Education,Standard,Monthly,Sales-led,103.77,23,126.6,0,3,2,5.9,4,Manager requested renewal details and training resources.,,,,0
CUST-1359,2020-06-01,2024-12-31,North West,Manufacturing,Standard,Annual,Self-serve,122.4,54,301.6,14,4,0,7.1,10,Customer happy with product but needs integration advice.,,,,0
CUST-1360,2023-11-05,2024-12-29,Scotland,Retail,Standard,Monthly,Sales-led,90.98,13,124.7,13,6,1,8.1,2,Customer happy with product but needs integration advice.,competitor,2025-02-19,none,1
CUST-1361,2022-08-22,2024-12-21,South West,Retail,Standard,Monthly,Renewal upgrade,109.86,28,308.4,18,3,1,7.8,1,Healthy adoption in team; users asked for reporting improvements.,,,,0
CUST-1362,2020-05-04,2024-12-21,London,Technology,Standard,Annual,Self-serve,112.95,55,447.2,12,3,0,10.0,1,Manager requested renewal details and training resources.,,,,0
CUST-1363,2021-12-18,2024-12-23,London,Technology,Basic,Monthly,Renewal upgrade,57.46,36,154.0,4,0,0,8.6,5,,competitor,2025-01-19,discount,1
CUST-1364,2023-05-05,2024-11-29,London,Public Sector,Premium,Annual,Sales-led,167.47,19,480.7,21,1,1,8.0,7,Support issue around onboarding and admin setup.,,,,0
CUST-1365,2021-02-12,2024-12-18,Wales,Technology,Premium,Annual,Sales-led,195.89,46,145.3,6,3,0,7.5,12,Customer mentioned price sensitivity and asked about lower plan options.,,,,0
CUST-1366,2023-09-24,2024-12-27,North West,Public Sector,Premium,Monthly,Self-serve,193.75,15,281.9,6,3,0,9.0,3,Invoice query raised; finance contact requested clarification.,,,,0
CUST-1367,2021-09-02,2024-12-26,Midlands,Public Sector,Basic,Annual,Self-serve,56.2,39,164.1,8,3,0,9.2,5,Multiple support contacts; wants faster response time.,business_closed,2025-03-10,discount,1
CUST-1368,2020-11-26,2024-12-28,Wales,Public Sector,Standard,Annual,Partner,101.45,49,321.9,13,1,0,8.3,6,Customer happy with product but needs integration advice.,,,,0
CUST-1369,2021-06-04,2024-12-13,South East,Education,Standard,Annual,Renewal upgrade,101.71,42,64.9,10,1,0,5.0,1,Customer happy with product but needs integration advice.,,,,0
CUST-1370,2022-02-05,2024-12-18,South West,Healthcare,Basic,Annual,Self-serve,48.06,34,234.3,8,2,0,5.4,8,Support issue around onboarding and admin setup.,business_closed,2025-02-21,none,1
CUST-1371,2022-10-01,2024-12-28,Midlands,Retail,Basic,Annual,Renewal upgrade,56.69,27,115.7,9,1,0,7.2,8,Support issue around onboarding and admin setup.,,,,0
CUST-1372,2023-09-16,2024-12-26,South East,Manufacturing,Standard,Annual,Self-serve,99.37,15,224.4,4,1,0,4.6,8,Multiple support contacts; wants faster response time.,competitor,2025-02-25,none,1
CUST-1373,2020-10-11,2024-12-29,South East,Retail,Premium,Annual,Sales-led,168.82,50,630.6,21,2,0,10.0,9,Invoice query raised; finance contact requested clarification.,,,,0
CUST-1374,2023-11-02,2024-12-25,South East,Retail,Basic,Monthly,Self-serve,36.42,13,186.9,10,1,2,8.2,5,Manager requested renewal details and training resources.,,,,0
CUST-1375,2022-02-09,2024-12-29,London,Education,Premium,Annual,Sales-led,169.98,34,310.3,17,3,0,7.0,7,Support issue around onboarding and admin setup.,,,,0
CUST-1376,2020-07-05,2024-12-16,London,Healthcare,Standard,Annual,Partner,101.67,53,258.9,7,2,0,6.4,8,Healthy adoption in team; users asked for reporting improvements.,,,,0
CUST-1377,2023-09-14,2024-12-17,South West,Retail,Premium,Annual,Sales-led,178.68,15,432.0,17,1,0,10.0,3,Customer mentioned price sensitivity and asked about lower plan options.,,,,0
CUST-1378,2021-05-24,2024-12-18,North West,Public Sector,Standard,Monthly,Sales-led,101.58,43,282.7,6,3,1,5.9,5,Manager requested renewal details and training resources.,,,,0
CUST-1379,2022-06-25,2024-12-20,North West,Technology,Standard,Monthly,Self-serve,105.01,30,224.9,8,1,1,6.3,10,Low usage noted in recent month; customer did not attend webinar.,,,,0
CUST-1380,2022-10-16,2024-12-30,Midlands,Professional Services,Standard,Monthly,Sales-led,91.47,26,211.0,12,2,1,,9,Customer happy with product but needs integration advice.,price,2025-01-26,success_call,1
CUST-1381,2020-01-20,2024-12-31,Scotland,Professional Services,Enterprise,Monthly,Sales-led,366.59,59,275.4,9,5,0,7.5,11,Invoice query raised; finance contact requested clarification.,,,,0
CUST-1382,2020-11-19,2024-12-07,South West,Retail,Standard,Monthly,Partner,95.79,49,183.7,6,2,1,8.3,7,Support issue around onboarding and admin setup.,,,,0
CUST-1383,2022-09-29,2024-12-12,Midlands,Public Sector,Standard,Monthly,Sales-led,93.8,27,95.7,0,3,0,8.9,4,Healthy adoption in team; users asked for reporting improvements.,price,2025-03-18,success_call,1
CUST-1384,2021-04-19,2024-12-23,North West,Public Sector,Standard,Monthly,Self-serve,104.79,44,246.6,7,5,0,8.8,2,Invoice query raised; finance contact requested clarification.,,,,0
CUST-1385,2020-01-14,2024-12-26,South East,Professional Services,Premium,Annual,Sales-led,156.96,59,187.0,15,1,0,8.0,3,Invoice query raised; finance contact requested clarification.,,,,0
CUST-1386,2020-02-04,2024-12-25,South West,Public Sector,Basic,Monthly,Sales-led,39.51,58,129.2,5,1,1,8.9,4,Low usage noted in recent month; customer did not attend webinar.,,,,0
CUST-1387,2023-04-21,2024-12-17,Midlands,Professional Services,Standard,Annual,Sales-led,110.77,20,338.4,10,2,0,7.3,7,Customer mentioned price sensitivity and asked about lower plan options.,,,,0
CUST-1388,2020-08-12,2024-12-20,South West,Healthcare,Standard,Monthly,Partner,78.15,52,185.9,6,1,0,5.3,6,Manager requested renewal details and training resources.,,,,0
CUST-1389,2020-05-26,2024-12-26,London,Technology,Enterprise,Monthly,Renewal upgrade,362.41,55,241.0,3,3,0,6.7,11,Low usage noted in recent month; customer did not attend webinar.,,,,0
CUST-1390,2022-04-01,2024-12-28,Northern Ireland,Retail,Standard,Monthly,Sales-led,117.13,33,205.7,4,2,0,6.6,7,,,,,0
CUST-1391,2020-06-22,2024-12-30,Wales,Professional Services,Standard,Annual,Renewal upgrade,94.57,54,186.4,13,4,0,6.3,7,Low usage noted in recent month; customer did not attend webinar.,,,,0
CUST-1392,2022-08-11,2024-12-19,London,Healthcare,Enterprise,Monthly,Self-serve,352.5,28,632.5,25,4,0,7.6,2,Manager requested renewal details and training resources.,,,,0
CUST-1393,2022-03-05,2024-12-31,Scotland,Manufacturing,Standard,Annual,Self-serve,112.43,33,505.5,28,2,0,8.3,8,Manager requested renewal details and training resources.,,,,0
CUST-1394,2022-08-05,2024-12-30,Wales,Technology,Basic,Annual,Partner,43.4,28,374.2,15,1,0,9.7,11,Manager requested renewal details and training resources.,,,,0
CUST-1395,2021-12-18,2024-12-19,London,Technology,Basic,Monthly,Partner,59.41,36,168.0,7,3,0,10.0,1,Customer mentioned price sensitivity and asked about lower plan options.,,,,0
CUST-1396,2023-02-10,2024-12-25,North West,Professional Services,Basic,Annual,Partner,40.95,22,117.8,7,3,0,4.6,12,Customer mentioned price sensitivity and asked about lower plan options.,support,2025-01-25,success_call,1
CUST-1397,2022-07-30,2024-12-30,Midlands,Professional Services,Basic,Monthly,Self-serve,43.27,29,222.1,0,1,1,5.9,5,Invoice query raised; finance contact requested clarification.,,,,0
CUST-1398,2021-08-29,2024-12-30,South East,Public Sector,Standard,Monthly,Self-serve,89.41,40,161.6,7,4,1,5.6,11,,competitor,2025-01-28,success_call,1
CUST-1399,2020-01-23,2024-12-03,North West,Retail,Premium,Monthly,Sales-led,183.11,59,355.4,14,2,2,8.9,7,Invoice query raised; finance contact requested clarification.,,,,0
CUST-1400,2021-02-03,2024-12-30,North West,Technology,Premium,Monthly,Sales-led,192.9,46,152.1,12,0,0,7.8,6,Manager requested renewal details and training resources.,,,,0
CUST-1401,2020-07-10,2024-12-30,South East,Manufacturing,Basic,Annual,Self-serve,46.79,53,201.6,12,2,0,6.7,12,Multiple support contacts; wants faster response time.,,,,0
CUST-1402,2020-01-23,2024-12-29,South West,Professional Services,Standard,Annual,Sales-led,83.75,59,382.8,11,5,0,8.9,3,Healthy adoption in team; users asked for reporting improvements.,,,,0
CUST-1403,2021-02-02,2024-12-21,Midlands,Public Sector,Basic,Annual,Sales-led,36.01,46,144.5,11,4,0,8.5,2,Healthy adoption in team; users asked for reporting improvements.,,,,0
CUST-1404,2020-10-28,2024-12-22,London,Professional Services,Enterprise,Monthly,Sales-led,353.74,50,224.2,8,2,1,7.5,7,Low usage noted in recent month; customer did not attend webinar.,,,,0
CUST-1405,2020-04-22,2024-12-29,South West,Healthcare,Basic,Annual,Sales-led,71.13,56,70.9,0,2,1,5.7,3,Invoice query raised; finance contact requested clarification.,,,,0
CUST-1406,2021-04-01,2024-12-29,Northern Ireland,Education,Standard,Monthly,Self-serve,103.72,45,134.5,6,2,0,7.9,8,,,,,0
CUST-1407,2022-01-09,2024-12-27,South East,Education,Standard,Monthly,Self-serve,94.36,35,221.8,8,3,0,7.3,12,Low usage noted in recent month; customer did not attend webinar.,low_usage,2025-03-19,success_call,1
CUST-1408,2020-09-17,2024-12-19,Northern Ireland,Manufacturing,Standard,Monthly,Self-serve,108.19,51,238.8,16,3,0,7.3,4,Healthy adoption in team; users asked for reporting improvements.,,,,0
CUST-1409,2021-02-02,2024-12-24,London,Manufacturing,Standard,Annual,Sales-led,96.13,46,296.7,13,0,1,7.6,5,Customer happy with product but needs integration advice.,,,,0
CUST-1410,2020-01-30,2024-12-22,South West,Technology,Premium,Annual,Self-serve,174.46,59,84.9,4,4,1,7.9,5,Low usage noted in recent month; customer did not attend webinar.,,,,0
CUST-1411,2020-03-14,2024-12-26,Wales,Technology,Basic,Monthly,Self-serve,37.5,57,121.5,8,3,0,7.6,1,Customer happy with product but needs integration advice.,,,,0
CUST-1412,2020-08-17,2024-12-25,Wales,Education,Enterprise,Annual,Partner,365.9,52,136.5,10,2,0,9.1,6,Support issue around onboarding and admin setup.,,,,0
CUST-1413,2021-10-23,2024-12-31,London,Professional Services,Standard,Annual,Self-serve,68.53,38,250.3,13,3,0,9.8,7,Support issue around onboarding and admin setup.,,,,0
CUST-1414,2022-08-30,2024-12-24,South West,Public Sector,Premium,Annual,Self-serve,188.57,28,96.8,10,3,1,7.5,11,Customer happy with product but needs integration advice.,support,2025-02-05,none,1
CUST-1415,2023-02-24,2024-12-30,London,Technology,Premium,Annual,Self-serve,173.44,22,,8,4,0,6.3,10,Support issue around onboarding and admin setup.,,,,0
CUST-1416,2022-07-08,2024-12-05,South East,Retail,Enterprise,Annual,Renewal upgrade,344.08,29,438.2,18,5,0,9.6,7,Customer happy with product but needs integration advice.,,,,0
CUST-1417,2022-06-19,2024-12-26,London,Healthcare,Basic,Annual,Partner,69.31,30,124.1,10,0,1,8.3,7,Healthy adoption in team; users asked for reporting improvements.,,,,0
CUST-1418,2023-09-28,2024-12-25,Midlands,Healthcare,Standard,Annual,Self-serve,90.43,15,419.8,16,1,0,10.0,1,Support issue around onboarding and admin setup.,,,,0
CUST-1419,2021-01-08,2024-12-09,London,Professional Services,Basic,Monthly,Self-serve,40.84,47,,8,1,2,,2,Customer mentioned price sensitivity and asked about lower plan options.,competitor,2025-03-07,discount,1
CUST-1420,2023-03-11,2024-12-15,South West,Manufacturing,Basic,Annual,Sales-led,47.44,21,144.9,13,3,0,8.4,5,Customer mentioned price sensitivity and asked about lower plan options.,,,,0
CUST-1421,2023-09-29,2024-12-23,Wales,Healthcare,Standard,Monthly,Renewal upgrade,103.97,15,302.3,19,3,0,,9,Support issue around onboarding and admin setup.,business_closed,2025-03-08,success_call,1
CUST-1422,2022-04-08,2024-12-23,London,Public Sector,Enterprise,Annual,Sales-led,343.7,32,272.4,11,1,2,7.5,7,Manager requested renewal details and training resources.,,,,0
CUST-1423,2023-05-12,2024-12-28,London,Public Sector,Enterprise,Monthly,Sales-led,330.11,19,367.8,13,7,0,6.8,8,Healthy adoption in team; users asked for reporting improvements.,price,2025-01-23,success_call,1
CUST-1424,2020-07-19,2024-12-27,London,Public Sector,Standard,Monthly,Renewal upgrade,88.61,53,130.9,11,1,0,8.2,8,Customer mentioned price sensitivity and asked about lower plan options.,,,,0
CUST-1425,2023-07-07,2024-12-31,Scotland,Healthcare,Standard,Monthly,Partner,114.38,17,310.9,16,3,1,8.4,7,Multiple support contacts; wants faster response time.,,,,0
CUST-1426,2022-04-03,2024-12-28,Midlands,Retail,Premium,Monthly,Sales-led,179.9,32,88.4,5,3,1,8.5,10,Low usage noted in recent month; customer did not attend webinar.,,,,0
CUST-1427,2020-11-19,2024-12-30,South East,Public Sector,Enterprise,Monthly,Sales-led,354.41,49,137.9,4,4,0,7.5,9,Customer happy with product but needs integration advice.,,,,0
CUST-1428,2020-03-30,2024-12-24,Northern Ireland,Public Sector,Basic,Monthly,Sales-led,45.86,57,84.1,5,0,0,7.1,7,Customer happy with product but needs integration advice.,,,,0
CUST-1429,2022-11-17,2024-12-31,London,Education,Standard,Monthly,Self-serve,91.09,25,138.5,5,3,0,6.8,7,Customer mentioned price sensitivity and asked about lower plan options.,,,,0
CUST-1430,2021-09-21,2024-12-22,Midlands,Technology,Premium,Monthly,Sales-led,199.13,39,259.6,8,3,0,5.8,8,Low usage noted in recent month; customer did not attend webinar.,,,,0
CUST-1431,2021-03-28,2024-12-23,South West,Professional Services,Standard,Annual,Renewal upgrade,96.74,45,221.2,9,3,0,10.0,12,Invoice query raised; finance contact requested clarification.,,,,0
CUST-1432,2021-07-23,2024-12-16,Midlands,Technology,Standard,Annual,Renewal upgrade,93.68,41,317.3,14,0,0,8.0,2,Manager requested renewal details and training resources.,,,,0
CUST-1433,2023-12-17,2024-12-25,Wales,Professional Services,Enterprise,Annual,Self-serve,362.15,12,520.4,19,3,0,10.0,3,Invoice query raised; finance contact requested clarification.,,,,0
CUST-1434,2021-09-16,2024-12-18,Northern Ireland,Professional Services,Enterprise,Monthly,Self-serve,340.33,39,97.0,7,3,0,,12,Multiple support contacts; wants faster response time.,,,,0
CUST-1435,2020-04-25,2024-12-20,London,Education,Enterprise,Monthly,Sales-led,341.86,56,476.1,24,5,0,8.6,12,Low usage noted in recent month; customer did not attend webinar.,,,,0
CUST-1436,2021-02-12,2024-12-29,London,Professional Services,Premium,Annual,Sales-led,179.12,46,229.4,13,1,0,8.0,8,Customer mentioned price sensitivity and asked about lower plan options.,,,,0
CUST-1437,2020-07-31,2024-12-24,London,Professional Services,Basic,Monthly,Partner,49.0,53,320.1,12,3,1,6.5,8,Low usage noted in recent month; customer did not attend webinar.,price,2025-02-16,discount,1
CUST-1438,2022-09-28,2024-12-13,North West,Professional Services,Standard,Monthly,Sales-led,102.12,27,127.8,8,1,1,6.0,12,Multiple support contacts; wants faster response time.,low_usage,2025-01-01,none,1
CUST-1439,2023-03-14,2024-12-25,Midlands,Healthcare,Standard,Annual,Sales-led,124.1,21,68.8,3,1,0,10.0,9,Low usage noted in recent month; customer did not attend webinar.,,,,0
CUST-1440,2023-05-12,2024-12-27,Wales,Public Sector,Standard,Annual,Sales-led,103.03,19,302.3,7,4,0,7.9,8,Invoice query raised; finance contact requested clarification.,low_usage,2025-03-16,success_call,1
CUST-1441,2022-07-13,2024-12-16,Northern Ireland,Professional Services,Standard,Monthly,Sales-led,70.46,29,253.0,13,2,1,9.3,2,Low usage noted in recent month; customer did not attend webinar.,,,,0
CUST-1442,2023-01-27,2024-12-30,London,Manufacturing,Standard,Annual,Self-serve,102.92,23,120.1,5,1,0,9.8,5,Manager requested renewal details and training resources.,,,,0
CUST-1443,2021-09-01,2024-12-29,Midlands,Public Sector,Standard,Monthly,Partner,99.45,39,109.6,15,2,0,6.8,1,Multiple support contacts; wants faster response time.,,,,0
CUST-1444,2022-07-05,2024-12-31,London,Professional Services,Premium,Annual,Partner,179.52,29,378.4,21,1,1,9.0,9,Healthy adoption in team; users asked for reporting improvements.,,,,0
CUST-1445,2020-06-05,2024-12-31,South East,Professional Services,Standard,Monthly,Self-serve,101.95,54,231.2,12,2,1,7.6,1,Manager requested renewal details and training resources.,,,,0
CUST-1446,2022-02-24,2024-12-29,Midlands,Technology,Standard,Monthly,Partner,98.66,34,163.4,8,4,2,4.7,5,Healthy adoption in team; users asked for reporting improvements.,low_usage,2025-01-22,none,1
CUST-1447,2022-03-24,2024-12-27,South West,Public Sector,Basic,Annual,Self-serve,48.37,33,211.0,9,1,0,7.8,11,Customer happy with product but needs integration advice.,,,,0
CUST-1448,2020-02-15,2024-12-16,Scotland,Education,Basic,Monthly,Partner,56.36,58,164.8,3,0,0,9.0,2,Multiple support contacts; wants faster response time.,,,,0
CUST-1449,2022-03-11,2024-11-30,London,Public Sector,Premium,Annual,Self-serve,172.5,33,154.8,0,0,1,7.0,2,Multiple support contacts; wants faster response time.,,,,0
CUST-1450,2022-11-21,2024-12-18,Scotland,Professional Services,Standard,Monthly,Sales-led,87.63,25,294.7,8,4,0,7.2,8,Healthy adoption in team; users asked for reporting improvements.,business_closed,2025-02-25,none,1
CUST-1451,2021-06-20,2024-12-29,London,Healthcare,Basic,Annual,Renewal upgrade,85.29,42,231.7,9,2,0,7.7,4,Customer happy with product but needs integration advice.,,,,0
CUST-1452,2022-03-06,2024-12-31,Northern Ireland,Public Sector,Premium,Annual,Sales-led,170.41,33,257.3,2,2,0,10.0,3,Invoice query raised; finance contact requested clarification.,,,,0
CUST-1453,2021-02-21,2024-12-03,Midlands,Retail,Standard,Monthly,Sales-led,100.2,46,284.3,9,3,0,5.1,11,Invoice query raised; finance contact requested clarification.,,,,0
CUST-1454,2021-01-30,2024-12-25,London,Public Sector,Basic,Annual,Sales-led,31.05,47,393.4,15,1,0,9.6,5,Low usage noted in recent month; customer did not attend webinar.,,,,0
CUST-1455,2020-07-08,2024-12-24,London,Education,Standard,Monthly,Self-serve,100.4,53,108.9,3,2,0,7.1,2,Healthy adoption in team; users asked for reporting improvements.,,,,0
CUST-1456,2021-04-23,2024-12-04,London,Public Sector,Basic,Monthly,Self-serve,37.8,44,125.4,2,2,0,6.5,3,Manager requested renewal details and training resources.,support,2025-01-24,none,1
CUST-1457,2023-03-18,2024-12-13,South West,Healthcare,Standard,Monthly,Self-serve,93.69,21,171.6,5,3,3,6.0,12,Invoice query raised; finance contact requested clarification.,low_usage,2025-01-26,none,1
CUST-1458,2023-09-27,2024-12-26,North West,Healthcare,Basic,Annual,Renewal upgrade,61.54,15,244.2,17,2,1,8.6,2,Low usage noted in recent month; customer did not attend webinar.,,,,0
CUST-1459,2022-07-17,2024-12-09,Midlands,Retail,Basic,Annual,Sales-led,54.66,29,119.4,7,2,0,8.6,10,Manager requested renewal details and training resources.,,,,0
CUST-1460,2022-06-30,2024-12-31,Wales,Retail,Basic,Annual,Self-serve,55.82,30,237.5,7,1,0,8.5,8,,,,,0
CUST-1461,2022-06-15,2024-12-31,Scotland,Public Sector,Standard,Annual,Self-serve,77.75,30,169.5,7,3,1,8.7,11,Customer happy with product but needs integration advice.,,,,0
CUST-1462,2021-11-25,2024-12-31,London,Professional Services,Basic,Annual,Partner,71.04,37,88.5,3,2,1,8.9,9,Manager requested renewal details and training resources.,,,,0
CUST-1463,2021-09-09,2024-12-30,South West,Professional Services,Premium,Monthly,Sales-led,164.7,39,229.0,6,2,3,8.1,4,Manager requested renewal details and training resources.,,,,0
CUST-1464,2022-06-25,2024-12-21,South East,Professional Services,Basic,Annual,Sales-led,67.34,30,125.6,2,4,0,6.2,7,Multiple support contacts; wants faster response time.,support,2025-01-05,none,1
CUST-1465,2023-02-19,2024-12-19,Scotland,Professional Services,Standard,Annual,Self-serve,111.26,22,242.3,14,1,0,9.0,2,Customer mentioned price sensitivity and asked about lower plan options.,,,,0
CUST-1466,2021-08-27,2024-12-31,Wales,Public Sector,Standard,Monthly,Partner,105.93,40,234.7,8,4,1,7.8,1,Healthy adoption in team; users asked for reporting improvements.,,,,0
CUST-1467,2022-04-06,2024-12-22,Wales,Healthcare,Standard,Annual,Partner,88.74,32,86.9,0,5,0,5.4,9,Multiple support contacts; wants faster response time.,support,2025-02-26,success_call,1
CUST-1468,2021-11-17,2024-12-24,South West,Technology,Basic,Monthly,Self-serve,50.82,37,115.2,4,1,1,5.0,9,Multiple support contacts; wants faster response time.,support,2025-01-16,none,1
CUST-1469,2021-02-20,2024-12-27,London,Professional Services,Premium,Monthly,Partner,173.35,46,229.1,10,4,0,4.4,7,Support issue around onboarding and admin setup.,competitor,2025-01-28,none,1
CUST-1470,2021-02-27,2024-12-28,North West,Manufacturing,Premium,Monthly,Self-serve,179.35,46,327.6,5,4,1,7.6,10,Multiple support contacts; wants faster response time.,price,2025-02-23,none,1
CUST-1471,2020-04-25,2024-12-27,North West,Healthcare,Basic,Monthly,Sales-led,46.0,56,200.8,8,2,2,7.6,4,Healthy adoption in team; users asked for reporting improvements.,,,,0
CUST-1472,2021-10-04,2024-12-16,North West,Healthcare,Basic,Monthly,Sales-led,24.54,38,91.3,7,2,0,5.6,5,Customer mentioned price sensitivity and asked about lower plan options.,competitor,2025-01-29,success_call,1
CUST-1473,2022-11-06,2024-12-30,London,Technology,Enterprise,Annual,Sales-led,362.46,25,275.1,13,0,0,10.0,7,Support issue around onboarding and admin setup.,,,,0
CUST-1474,2022-09-27,2024-12-21,London,Technology,Standard,Annual,Sales-led,98.03,27,278.9,20,6,0,,2,Low usage noted in recent month; customer did not attend webinar.,price,2025-03-10,success_call,1
CUST-1475,2023-12-10,2024-12-31,South East,Technology,Basic,Annual,Self-serve,43.18,12,147.4,11,0,0,10.0,11,Customer mentioned price sensitivity and asked about lower plan options.,support,2025-02-01,success_call,1
CUST-1476,2020-02-28,2024-12-15,South East,Retail,Basic,Monthly,Self-serve,42.28,58,96.2,10,2,0,7.9,3,Healthy adoption in team; users asked for reporting improvements.,,,,0
CUST-1477,2023-01-15,2024-12-29,North West,Retail,Standard,Monthly,Self-serve,103.3,23,187.3,19,2,1,5.8,5,Invoice query raised; finance contact requested clarification.,,,,0
CUST-1478,2023-03-06,2024-12-29,Scotland,Manufacturing,Premium,Monthly,Self-serve,168.27,21,264.0,14,2,1,8.4,3,Low usage noted in recent month; customer did not attend webinar.,business_closed,2025-02-19,none,1
CUST-1479,2021-09-29,2024-12-31,Wales,Retail,Standard,Annual,Partner,71.94,39,133.5,6,2,0,8.5,3,Low usage noted in recent month; customer did not attend webinar.,,,,0
CUST-1480,2021-02-17,2024-12-25,North West,Public Sector,Enterprise,Monthly,Self-serve,353.89,46,342.7,18,2,0,7.5,5,Multiple support contacts; wants faster response time.,,,,0
CUST-1481,2021-06-05,2024-12-19,North West,Education,Standard,Annual,Sales-led,105.23,42,237.5,7,0,1,5.9,11,Healthy adoption in team; users asked for reporting improvements.,,,,0
CUST-1482,2022-09-23,2024-12-26,London,Education,Standard,Annual,Self-serve,96.6,27,299.2,12,7,0,7.1,1,Multiple support contacts; wants faster response time.,,,,0
CUST-1483,2023-06-12,2024-12-31,Scotland,Public Sector,Standard,Annual,Self-serve,85.23,18,214.4,6,3,1,5.8,1,Support issue around onboarding and admin setup.,,,,0
CUST-1484,2022-07-27,2024-12-14,South East,Manufacturing,Standard,Annual,Self-serve,100.07,29,485.6,21,2,0,10.0,10,Multiple support contacts; wants faster response time.,,,,0
CUST-1485,2022-01-20,2024-12-25,London,Professional Services,Basic,Monthly,Sales-led,31.43,35,170.5,4,2,1,6.7,6,,business_closed,2025-02-11,success_call,1
CUST-1486,2022-08-10,2024-12-31,North West,Professional Services,Basic,Annual,Sales-led,36.67,28,237.0,7,1,0,10.0,7,Healthy adoption in team; users asked for reporting improvements.,,,,0
CUST-1487,2020-04-13,2024-12-25,North West,Manufacturing,Standard,Annual,Partner,89.99,56,293.3,13,2,1,4.6,5,Healthy adoption in team; users asked for reporting improvements.,,,,0
CUST-1488,2022-06-06,2024-12-31,South East,Education,Premium,Annual,Self-serve,189.13,30,232.8,9,1,0,8.4,4,Low usage noted in recent month; customer did not attend webinar.,,,,0
CUST-1489,2020-03-02,2024-11-29,Scotland,Retail,Basic,Annual,Sales-led,44.65,57,188.7,0,0,0,10.0,4,,,,,0
CUST-1490,2023-11-01,2024-12-22,Scotland,Healthcare,Standard,Annual,Self-serve,93.63,13,161.3,1,5,0,5.6,5,Healthy adoption in team; users asked for reporting improvements.,price,2025-03-27,none,1
CUST-1491,2023-07-22,2024-12-31,Midlands,Public Sector,Standard,Annual,Renewal upgrade,122.46,17,468.3,14,3,0,8.4,4,Support issue around onboarding and admin setup.,,,,0
CUST-1492,2022-01-12,2024-12-14,Wales,Public Sector,Standard,Monthly,Sales-led,103.23,35,239.9,6,4,1,6.5,1,Multiple support contacts; wants faster response time.,low_usage,2025-01-09,none,1
CUST-1493,2021-06-30,2024-12-29,Wales,Education,Premium,Annual,Renewal upgrade,183.07,42,165.3,8,2,1,6.3,10,Invoice query raised; finance contact requested clarification.,,,,0
CUST-1494,2022-12-05,2024-12-26,South East,Healthcare,Premium,Annual,Sales-led,174.56,24,478.7,20,0,0,9.8,1,Healthy adoption in team; users asked for reporting improvements.,,,,0
CUST-1495,2022-07-19,2024-12-28,Midlands,Retail,Premium,Monthly,Self-serve,171.84,29,206.3,13,2,0,,5,Customer happy with product but needs integration advice.,price,2025-03-24,none,1
CUST-1496,2022-10-26,2024-12-31,Scotland,Education,Basic,Annual,Self-serve,22.76,26,253.4,13,2,1,7.5,9,Healthy adoption in team; users asked for reporting improvements.,,,,0
CUST-1497,2022-01-22,2024-12-31,North West,Retail,Standard,Monthly,Sales-led,110.62,35,73.8,7,3,1,7.5,8,Manager requested renewal details and training resources.,,,,0
CUST-1498,2020-12-10,2024-12-21,Wales,Education,Standard,Annual,Renewal upgrade,104.38,48,379.3,18,3,0,7.9,1,Customer mentioned price sensitivity and asked about lower plan options.,,,,0
CUST-1499,2020-04-16,2024-12-29,South East,Manufacturing,Basic,Monthly,Self-serve,46.85,56,176.3,8,2,2,5.5,11,Customer happy with product but needs integration advice.,,,,0
CUST-1500,2021-02-17,2024-12-28,North West,Professional Services,Basic,Monthly,Renewal upgrade,47.35,46,89.1,8,1,1,8.8,7,Healthy adoption in team; users asked for reporting improvements.,,,,0
CUST-1501,2022-02-11,2024-12-19,Midlands,Professional Services,Basic,Annual,Sales-led,57.83,34,202.4,12,3,0,8.7,8,Healthy adoption in team; users asked for reporting improvements.,,,,0
CUST-1502,2021-09-11,2024-12-28,Northern Ireland,Retail,Standard,Monthly,Renewal upgrade,80.34,39,384.6,17,2,0,7.0,10,Healthy adoption in team; users asked for reporting improvements.,,,,0
CUST-1503,2022-01-09,2024-12-23,South West,Technology,Standard,Monthly,Renewal upgrade,91.92,35,141.5,11,3,0,5.4,5,Healthy adoption in team; users asked for reporting improvements.,,,,0
CUST-1504,2021-02-09,2024-12-08,North West,Manufacturing,Basic,Monthly,Self-serve,35.36,46,105.4,0,0,0,6.5,2,Customer mentioned price sensitivity and asked about lower plan options.,,,,0
CUST-1505,2023-10-01,2024-12-21,Scotland,Professional Services,Premium,Monthly,Sales-led,200.26,15,199.5,7,3,0,8.4,11,Low usage noted in recent month; customer did not attend webinar.,,,,0
CUST-1506,2021-06-19,2024-12-30,Midlands,Technology,Enterprise,Annual,Partner,359.51,42,309.9,11,2,0,8.7,5,Invoice query raised; finance contact requested clarification.,,,,0
CUST-1507,2023-05-20,2024-12-29,South East,Healthcare,Basic,Annual,Self-serve,22.57,19,261.5,15,1,0,9.5,12,Support issue around onboarding and admin setup.,,,,0
CUST-1508,2021-07-24,2024-12-23,Northern Ireland,Education,Enterprise,Monthly,Renewal upgrade,330.83,41,326.1,19,0,1,8.0,3,Invoice query raised; finance contact requested clarification.,,,,0
CUST-1509,2021-10-09,2024-12-30,North West,Technology,Basic,Annual,Self-serve,47.41,38,150.6,0,2,0,6.2,10,Low usage noted in recent month; customer did not attend webinar.,,,,0
CUST-1510,2022-05-31,2024-12-20,London,Professional Services,Enterprise,Monthly,Sales-led,343.33,31,299.6,18,6,0,8.6,8,Support issue around onboarding and admin setup.,,,,0
CUST-1511,2021-01-19,2024-11-15,London,Retail,Enterprise,Annual,Sales-led,333.11,47,649.1,21,5,0,8.0,1,Customer mentioned price sensitivity and asked about lower plan options.,,,,0
CUST-1512,2020-11-17,2024-12-28,Northern Ireland,Education,Basic,Monthly,Partner,72.34,49,196.6,3,2,0,8.1,3,Invoice query raised; finance contact requested clarification.,price,2025-03-30,success_call,1
CUST-1513,2021-07-07,2024-12-26,London,Retail,Premium,Monthly,Renewal upgrade,182.75,41,210.4,7,2,1,5.2,12,Customer mentioned price sensitivity and asked about lower plan options.,price,2025-01-04,none,1
CUST-1514,2023-03-20,2024-12-17,South East,Manufacturing,Enterprise,Monthly,Sales-led,354.7,21,230.5,8,5,0,6.3,9,Manager requested renewal details and training resources.,low_usage,2025-03-22,none,1
CUST-1515,2020-07-30,2024-12-30,South East,Retail,Enterprise,Annual,Partner,340.7,53,336.8,7,6,1,8.5,3,Customer mentioned price sensitivity and asked about lower plan options.,,,,0
CUST-1516,2021-09-30,2024-12-14,London,Professional Services,Enterprise,Monthly,Renewal upgrade,357.67,39,404.1,19,2,1,7.2,1,Invoice query raised; finance contact requested clarification.,,,,0
CUST-1517,2022-09-08,2024-12-21,South East,Retail,Standard,Monthly,Sales-led,94.43,27,131.0,8,3,2,7.8,7,Multiple support contacts; wants faster response time.,,,,0
CUST-1518,2022-10-28,2024-12-29,Midlands,Healthcare,Basic,Annual,Sales-led,45.6,26,242.8,14,2,0,4.5,11,Support issue around onboarding and admin setup.,support,2025-03-17,discount,1
CUST-1519,2021-09-26,2024-12-24,London,Professional Services,Premium,Annual,Partner,186.33,39,241.1,8,3,0,6.9,5,,,,,0
CUST-1520,2020-04-28,2024-12-25,Midlands,Professional Services,Standard,Monthly,Self-serve,79.45,56,194.8,8,0,0,8.0,12,Low usage noted in recent month; customer did not attend webinar.,,,,0
CUST-1521,2020-01-24,2024-12-28,Northern Ireland,Technology,Standard,Annual,Sales-led,118.16,59,664.2,26,2,1,10.0,8,Low usage noted in recent month; customer did not attend webinar.,,,,0
CUST-1522,2021-11-17,2024-11-11,South East,Retail,Standard,Annual,Partner,101.19,37,307.8,19,4,0,6.0,7,Manager requested renewal details and training resources.,,,,0
CUST-1523,2023-03-28,2024-12-18,London,Healthcare,Standard,Monthly,Self-serve,114.37,21,147.0,0,1,3,,12,Support issue around onboarding and admin setup.,business_closed,2025-01-12,discount,1
CUST-1524,2020-02-11,2024-12-18,Scotland,Professional Services,Basic,Annual,Renewal upgrade,36.09,58,203.8,4,3,0,9.2,1,Healthy adoption in team; users asked for reporting improvements.,,,,0
CUST-1525,2023-07-19,2024-12-26,London,Healthcare,Premium,Monthly,Renewal upgrade,167.92,17,352.6,14,2,0,,10,Support issue around onboarding and admin setup.,,,,0
CUST-1526,2022-09-13,2024-12-20,South East,Retail,Basic,Annual,Partner,35.06,27,232.1,5,0,0,7.9,3,Low usage noted in recent month; customer did not attend webinar.,,,,0
CUST-1527,2020-01-12,2024-12-18,South West,Manufacturing,Premium,Monthly,Self-serve,182.0,59,61.2,1,2,0,7.5,8,Customer happy with product but needs integration advice.,,,,0
CUST-1528,2021-05-16,2024-12-30,South West,Retail,Premium,Annual,Sales-led,179.79,43,254.0,10,0,0,6.3,10,Invoice query raised; finance contact requested clarification.,price,2025-02-06,none,1
CUST-1529,2020-11-17,2024-12-28,Midlands,Technology,Standard,Monthly,Self-serve,93.43,49,239.8,7,1,0,,11,Low usage noted in recent month; customer did not attend webinar.,,,,0
CUST-1530,2023-10-17,2024-12-28,South East,Technology,Standard,Monthly,Sales-led,86.83,14,230.3,9,2,0,9.8,5,Invoice query raised; finance contact requested clarification.,,,,0
CUST-1531,2022-03-20,2024-12-25,Wales,Professional Services,Standard,Annual,Self-serve,83.8,33,177.5,10,3,0,8.2,11,Low usage noted in recent month; customer did not attend webinar.,,,,0
CUST-1532,2021-04-18,2024-12-20,Midlands,Professional Services,Enterprise,Monthly,Sales-led,348.42,44,363.8,14,2,0,8.2,7,Support issue around onboarding and admin setup.,,,,0
CUST-1533,2021-02-09,2024-12-30,North West,Professional Services,Premium,Annual,Self-serve,173.41,46,437.1,16,3,0,8.7,7,Support issue around onboarding and admin setup.,,,,0
CUST-1534,2022-04-03,2024-12-14,Wales,Manufacturing,Standard,Annual,Sales-led,90.77,32,88.5,3,2,0,8.2,12,Low usage noted in recent month; customer did not attend webinar.,,,,0
CUST-1535,2020-01-08,2024-12-24,London,Professional Services,Basic,Annual,Sales-led,67.57,59,62.8,2,1,0,8.7,7,Support issue around onboarding and admin setup.,,,,0
CUST-1536,2021-01-10,2024-12-23,London,Public Sector,Basic,Monthly,Sales-led,48.01,47,175.3,0,1,1,6.8,11,Invoice query raised; finance contact requested clarification.,price,2025-02-08,none,1
CUST-1537,2020-08-29,2024-12-15,Scotland,Public Sector,Standard,Annual,Self-serve,114.24,52,324.6,15,2,0,10.0,10,Healthy adoption in team; users asked for reporting improvements.,,,,0
CUST-1538,2022-06-24,2024-12-22,London,Public Sector,Enterprise,Monthly,Partner,342.6,30,191.4,6,2,0,9.7,8,Customer mentioned price sensitivity and asked about lower plan options.,,,,0
CUST-1539,2022-09-04,2024-12-30,London,Education,Premium,Monthly,Sales-led,181.94,27,63.5,8,1,0,8.5,2,Manager requested renewal details and training resources.,,,,0
CUST-1540,2021-11-12,2024-12-24,Northern Ireland,Technology,Basic,Annual,Renewal upgrade,48.33,37,167.0,9,2,0,6.4,3,Customer mentioned price sensitivity and asked about lower plan options.,,,,0
CUST-1541,2020-07-23,2024-12-28,South West,Professional Services,Premium,Annual,Renewal upgrade,158.63,53,309.0,17,2,1,6.4,5,Healthy adoption in team; users asked for reporting improvements.,,,,0
CUST-1542,2021-06-25,2024-12-13,Scotland,Healthcare,Standard,Annual,Self-serve,116.14,42,192.6,4,3,0,7.0,5,Manager requested renewal details and training resources.,,,,0
CUST-1543,2023-05-15,2024-12-23,Northern Ireland,Retail,Premium,Monthly,Self-serve,177.38,19,356.9,13,1,1,8.4,11,Customer mentioned price sensitivity and asked about lower plan options.,,,,0
CUST-1544,2020-10-24,2024-12-15,South West,Technology,Basic,Annual,Self-serve,57.96,50,195.5,3,2,0,5.1,5,Healthy adoption in team; users asked for reporting improvements.,,,,0
CUST-1545,2020-08-26,2024-12-29,London,Education,Standard,Annual,Sales-led,89.98,52,155.0,3,1,0,8.6,12,Low usage noted in recent month; customer did not attend webinar.,,,,0
CUST-1546,2020-06-11,2024-12-24,North West,Public Sector,Enterprise,Monthly,Self-serve,347.02,54,190.7,13,4,1,8.8,1,Support issue around onboarding and admin setup.,,,,0
CUST-1547,2023-04-07,2024-12-23,North West,Professional Services,Basic,Annual,Sales-led,38.6,20,168.8,13,3,0,8.3,1,Multiple support contacts; wants faster response time.,,,,0
CUST-1548,2020-06-24,2024-12-11,London,Technology,Premium,Monthly,Renewal upgrade,193.83,54,184.7,3,2,1,6.4,3,Customer mentioned price sensitivity and asked about lower plan options.,competitor,2025-02-15,none,1
CUST-1549,2022-04-29,2024-12-24,Midlands,Education,Enterprise,Monthly,Renewal upgrade,352.74,32,93.9,2,4,1,5.3,4,Customer happy with product but needs integration advice.,price,2025-01-12,discount,1
CUST-1550,2023-12-29,2024-12-21,North West,Education,Basic,Annual,Partner,53.4,12,187.3,7,1,0,8.4,7,Low usage noted in recent month; customer did not attend webinar.,,,,0
CUST-1551,2022-07-26,2024-12-25,North West,Technology,Basic,Annual,Self-serve,65.3,29,124.3,7,3,0,7.0,12,Customer happy with product but needs integration advice.,,,,0
CUST-1552,2021-08-24,2024-12-26,London,Healthcare,Premium,Monthly,Self-serve,192.88,40,179.5,0,1,1,8.3,9,Customer happy with product but needs integration advice.,support,2025-01-11,success_call,1
CUST-1553,2020-10-28,2024-12-30,London,Healthcare,Standard,Monthly,Renewal upgrade,108.18,50,108.4,0,1,0,8.6,7,Customer mentioned price sensitivity and asked about lower plan options.,,,,0
CUST-1554,2020-01-03,2024-12-28,South West,Education,Basic,Monthly,Sales-led,31.94,59,292.1,14,2,1,9.5,11,Invoice query raised; finance contact requested clarification.,,,,0
CUST-1555,2020-08-15,2024-12-27,London,Professional Services,Standard,Annual,Sales-led,90.65,52,299.0,4,0,1,6.6,3,Support issue around onboarding and admin setup.,business_closed,2025-01-05,none,1
CUST-1556,2023-10-23,2024-12-09,South East,Retail,Premium,Monthly,Self-serve,166.95,14,501.3,18,0,1,9.5,10,Customer happy with product but needs integration advice.,support,2025-03-06,none,1
CUST-1557,2020-07-28,2024-12-24,South East,Retail,Standard,Monthly,Sales-led,107.73,53,165.9,7,2,1,6.8,11,Support issue around onboarding and admin setup.,,,,0
CUST-1558,2020-01-30,2024-12-26,North West,Professional Services,Standard,Annual,Sales-led,101.05,59,307.3,14,1,3,7.3,2,Manager requested renewal details and training resources.,,,,0
CUST-1559,2023-04-06,2024-12-29,Scotland,Technology,Premium,Monthly,Sales-led,162.31,20,250.2,9,1,1,9.2,12,Customer happy with product but needs integration advice.,,,,0
CUST-1560,2021-09-03,2024-12-25,North West,Education,Standard,Annual,Self-serve,96.74,39,158.2,5,2,0,,11,Multiple support contacts; wants faster response time.,,,,0
CUST-1561,2021-06-05,2024-12-29,London,Healthcare,Premium,Monthly,Sales-led,161.07,42,189.8,11,2,1,9.5,8,Multiple support contacts; wants faster response time.,,,,0
CUST-1562,2022-11-13,2024-12-20,South East,Healthcare,Standard,Annual,Sales-led,98.36,25,298.7,13,0,0,9.3,8,Customer happy with product but needs integration advice.,,,,0
CUST-1563,2022-02-02,2024-12-27,Northern Ireland,Healthcare,Enterprise,Monthly,Sales-led,329.14,34,146.2,3,0,0,7.9,8,Low usage noted in recent month; customer did not attend webinar.,,,,0
CUST-1564,2023-08-28,2024-12-10,Wales,Manufacturing,Standard,Monthly,Self-serve,105.35,16,311.8,13,2,0,7.9,4,Low usage noted in recent month; customer did not attend webinar.,support,2025-03-09,none,1
CUST-1565,2021-11-13,2024-12-30,Wales,Technology,Basic,Monthly,Renewal upgrade,53.54,37,,8,2,1,4.7,8,Multiple support contacts; wants faster response time.,business_closed,2025-03-26,discount,1
CUST-1566,2022-11-06,2024-12-19,Wales,Technology,Premium,Annual,Sales-led,201.9,25,389.0,22,0,1,10.0,4,Healthy adoption in team; users asked for reporting improvements.,,,,0
CUST-1567,2023-07-07,2024-12-18,Midlands,Healthcare,Standard,Annual,Partner,109.17,17,269.2,14,1,0,7.8,3,Multiple support contacts; wants faster response time.,,,,0
CUST-1568,2021-11-07,2024-12-30,London,Retail,Basic,Monthly,Partner,43.93,37,57.6,7,1,0,8.2,6,Customer happy with product but needs integration advice.,,,,0
CUST-1569,2021-02-19,2024-12-27,South East,Healthcare,Basic,Monthly,Sales-led,58.82,46,143.1,3,4,1,7.7,9,Low usage noted in recent month; customer did not attend webinar.,price,2025-01-28,none,1
CUST-1570,2023-11-23,2024-12-25,Scotland,Education,Premium,Annual,Partner,162.23,13,419.6,15,3,1,6.2,8,Low usage noted in recent month; customer did not attend webinar.,,,,0
CUST-1571,2020-11-27,2024-12-31,South East,Healthcare,Basic,Monthly,Partner,37.45,49,155.4,5,1,0,6.5,4,Invoice query raised; finance contact requested clarification.,,,,0
CUST-1572,2020-02-27,2024-12-31,Northern Ireland,Manufacturing,Standard,Monthly,Self-serve,103.0,58,193.3,7,2,0,10.0,9,Customer happy with product but needs integration advice.,,,,0
CUST-1573,2022-04-24,2024-12-30,North West,Education,Basic,Annual,Sales-led,23.1,32,179.9,3,2,0,8.2,12,Customer mentioned price sensitivity and asked about lower plan options.,,,,0
CUST-1574,2023-12-11,2024-12-31,Midlands,Retail,Standard,Monthly,Sales-led,98.55,12,66.3,8,3,2,5.4,2,Invoice query raised; finance contact requested clarification.,competitor,2025-02-13,success_call,1
CUST-1575,2020-05-06,2024-12-29,Northern Ireland,Healthcare,Standard,Monthly,Renewal upgrade,86.76,55,330.8,17,2,1,7.8,8,Customer happy with product but needs integration advice.,,,,0
CUST-1576,2023-05-25,2024-12-01,North West,Healthcare,Standard,Monthly,Partner,100.22,19,46.6,1,4,2,7.6,7,Multiple support contacts; wants faster response time.,business_closed,2025-01-24,discount,1
CUST-1577,2023-04-27,2024-12-24,South West,Professional Services,Basic,Monthly,Renewal upgrade,36.07,20,273.0,13,2,1,9.1,7,Multiple support contacts; wants faster response time.,business_closed,2025-03-07,none,1
CUST-1578,2023-09-18,2024-12-23,Scotland,Professional Services,Basic,Annual,Renewal upgrade,54.09,15,138.8,6,2,0,5.4,3,Multiple support contacts; wants faster response time.,low_usage,2025-02-02,discount,1
CUST-1579,2021-09-07,2024-12-31,Northern Ireland,Public Sector,Standard,Annual,Sales-led,99.23,39,278.5,14,1,0,10.0,9,Customer mentioned price sensitivity and asked about lower plan options.,,,,0
CUST-1580,2021-01-06,2024-12-22,South East,Healthcare,Standard,Annual,Partner,115.8,47,72.8,0,1,1,8.6,1,Customer happy with product but needs integration advice.,,,,0
CUST-1581,2022-01-17,2024-12-27,North West,Retail,Standard,Monthly,Self-serve,99.08,35,278.9,11,2,1,7.5,11,Multiple support contacts; wants faster response time.,,,,0
CUST-1582,2020-07-26,2024-11-07,Scotland,Education,Basic,Annual,Partner,39.78,53,222.4,9,1,0,6.4,2,Multiple support contacts; wants faster response time.,,,,0
CUST-1583,2023-05-15,2024-12-26,London,Public Sector,Basic,Monthly,Sales-led,46.04,19,186.4,10,1,1,,8,Low usage noted in recent month; customer did not attend webinar.,support,2025-01-13,success_call,1
CUST-1584,2022-08-26,2024-12-14,North West,Retail,Basic,Annual,Sales-led,32.87,28,53.1,0,3,0,7.7,1,Multiple support contacts; wants faster response time.,,,,0
CUST-1585,2021-12-06,2024-12-29,South West,Public Sector,Standard,Monthly,Partner,103.87,36,127.0,0,0,1,5.5,10,Multiple support contacts; wants faster response time.,,,,0
CUST-1586,2022-01-23,2024-12-18,Wales,Technology,Standard,Annual,Partner,106.08,35,269.9,6,4,0,7.2,12,Customer mentioned price sensitivity and asked about lower plan options.,,,,0
CUST-1587,2022-11-05,2024-12-25,London,Education,Premium,Monthly,Self-serve,208.63,25,,15,3,0,10.0,11,Multiple support contacts; wants faster response time.,,,,0
CUST-1588,2022-02-02,2024-12-30,South East,Manufacturing,Standard,Monthly,Sales-led,91.54,34,116.9,5,1,3,6.7,7,Customer happy with product but needs integration advice.,price,2025-02-15,none,1
CUST-1589,2023-05-11,2024-12-24,London,Professional Services,Standard,Monthly,Sales-led,95.79,19,118.7,11,3,1,5.8,11,Low usage noted in recent month; customer did not attend webinar.,business_closed,2025-01-19,none,1
CUST-1590,2023-09-11,2024-12-30,London,Technology,Standard,Monthly,Renewal upgrade,92.09,15,225.6,11,3,1,5.8,4,Healthy adoption in team; users asked for reporting improvements.,competitor,2025-03-18,discount,1
CUST-1591,2023-10-18,2024-12-29,South West,Healthcare,Basic,Monthly,Self-serve,51.55,14,411.2,17,4,0,10.0,11,Multiple support contacts; wants faster response time.,,,,0
CUST-1592,2022-06-24,2024-11-22,North West,Technology,Standard,Annual,Self-serve,103.58,30,159.7,6,3,0,8.7,8,Support issue around onboarding and admin setup.,,,,0
CUST-1593,2022-12-20,2024-12-27,South East,Education,Standard,Annual,Self-serve,98.36,24,184.0,12,1,0,10.0,1,Manager requested renewal details and training resources.,,,,0
CUST-1594,2021-03-30,2024-12-22,Scotland,Professional Services,Standard,Monthly,Self-serve,112.04,45,146.9,4,1,2,7.5,12,Support issue around onboarding and admin setup.,support,2025-03-15,discount,1
CUST-1595,2020-02-25,2024-12-28,London,Professional Services,Basic,Annual,Self-serve,41.6,58,157.4,6,1,1,9.4,5,Multiple support contacts; wants faster response time.,competitor,2025-01-13,discount,1
CUST-1596,2021-08-07,2024-12-13,South East,Manufacturing,Premium,Annual,Self-serve,190.83,40,451.4,14,1,0,,5,Manager requested renewal details and training resources.,,,,0
CUST-1597,2023-06-26,2024-12-29,Midlands,Education,Enterprise,Annual,Partner,355.46,18,291.1,17,13,1,5.3,11,Customer mentioned price sensitivity and asked about lower plan options.,business_closed,2025-03-16,discount,1
CUST-1598,2020-07-13,2024-12-13,Wales,Professional Services,Basic,Annual,Renewal upgrade,48.86,53,498.8,22,3,1,8.8,5,Customer mentioned price sensitivity and asked about lower plan options.,,,,0
CUST-1599,2022-03-07,2024-12-01,South West,Public Sector,Standard,Annual,Renewal upgrade,95.22,33,235.6,7,3,0,9.8,5,Multiple support contacts; wants faster response time.,,,,0
CUST-1600,2020-10-07,2024-12-18,Wales,Public Sector,Premium,Annual,Self-serve,208.12,50,472.5,18,1,0,9.6,2,Healthy adoption in team; users asked for reporting improvements.,,,,0
CUST-1601,2021-09-18,2024-12-19,North West,Education,Standard,Annual,Self-serve,89.2,39,191.1,10,1,0,7.1,12,Invoice query raised; finance contact requested clarification.,,,,0
CUST-1602,2020-07-28,2024-12-16,Midlands,Healthcare,Premium,Annual,Partner,182.58,53,127.7,4,2,2,6.9,1,Customer mentioned price sensitivity and asked about lower plan options.,,,,0
CUST-1603,2022-12-08,2024-12-30,South West,Professional Services,Standard,Monthly,Partner,90.0,24,186.0,5,2,0,5.2,7,Multiple support contacts; wants faster response time.,price,2025-02-01,none,1
CUST-1604,2023-03-29,2024-12-15,Midlands,Public Sector,Enterprise,Monthly,Self-serve,370.43,21,338.0,11,2,0,4.9,6,Customer happy with product but needs integration advice.,price,2025-02-24,discount,1
CUST-1605,2023-01-12,2024-12-26,South West,Retail,Enterprise,Monthly,Partner,359.64,23,172.2,8,4,0,8.4,10,Healthy adoption in team; users asked for reporting improvements.,support,2025-02-03,none,1
CUST-1606,2022-10-26,2024-12-24,Midlands,Technology,Basic,Annual,Partner,40.86,26,284.7,10,3,1,7.0,10,Multiple support contacts; wants faster response time.,,,,0
CUST-1607,2020-12-09,2024-12-26,Northern Ireland,Healthcare,Standard,Monthly,Partner,105.15,48,150.6,4,1,0,7.5,1,Support issue around onboarding and admin setup.,,,,0
CUST-1608,2022-02-13,2024-12-11,London,Education,Standard,Annual,Partner,102.09,34,125.5,0,2,1,8.4,4,Multiple support contacts; wants faster response time.,,,,0
CUST-1609,2020-06-01,2024-12-28,Midlands,Retail,Basic,Annual,Sales-led,42.8,54,452.3,18,3,0,10.0,6,Low usage noted in recent month; customer did not attend webinar.,,,,0
CUST-1610,2021-06-30,2024-12-27,North West,Professional Services,Standard,Annual,Self-serve,108.1,42,143.6,5,1,0,8.6,2,Manager requested renewal details and training resources.,,,,0
CUST-1611,2022-01-08,2024-12-11,Scotland,Public Sector,Enterprise,Monthly,Self-serve,353.67,35,200.2,7,2,0,10.0,1,Customer mentioned price sensitivity and asked about lower plan options.,,,,0
CUST-1612,2022-09-03,2024-12-29,Wales,Education,Basic,Annual,Sales-led,51.59,27,235.0,10,1,0,8.9,6,Support issue around onboarding and admin setup.,,,,0
CUST-1613,2020-05-21,2024-12-22,South West,Education,Standard,Annual,Renewal upgrade,98.5,55,187.7,11,2,0,8.2,2,Customer mentioned price sensitivity and asked about lower plan options.,,,,0
CUST-1614,2023-04-01,2024-12-27,South West,Technology,Premium,Monthly,Self-serve,184.17,21,127.2,8,2,0,7.9,6,Invoice query raised; finance contact requested clarification.,support,2025-02-07,discount,1
CUST-1615,2021-11-01,2024-12-24,South East,Technology,Standard,Annual,Sales-led,101.75,37,162.9,9,1,0,6.0,6,Customer mentioned price sensitivity and asked about lower plan options.,,,,0
CUST-1616,2023-07-10,2024-12-28,Midlands,Public Sector,Standard,Monthly,Partner,99.71,17,450.1,17,3,0,10.0,12,Customer mentioned price sensitivity and asked about lower plan options.,,,,0
CUST-1617,2022-02-09,2024-12-20,Midlands,Retail,Enterprise,Annual,Partner,341.31,34,398.2,14,4,0,4.4,1,Customer mentioned price sensitivity and asked about lower plan options.,,,,0
CUST-1618,2022-03-09,2024-12-30,South East,Education,Standard,Monthly,Partner,119.33,33,279.5,7,1,1,7.1,4,Multiple support contacts; wants faster response time.,,,,0
CUST-1619,2022-10-08,2024-12-17,London,Technology,Basic,Monthly,Self-serve,36.39,26,165.1,4,0,0,8.2,11,,competitor,2025-02-01,discount,1
CUST-1620,2023-04-12,2024-12-29,London,Healthcare,Basic,Monthly,Renewal upgrade,54.13,20,179.2,7,2,1,6.2,11,Customer happy with product but needs integration advice.,support,2025-02-16,discount,1
CUST-1621,2020-08-18,2024-12-22,Midlands,Professional Services,Enterprise,Monthly,Self-serve,345.16,52,210.3,5,4,0,6.7,8,Customer mentioned price sensitivity and asked about lower plan options.,price,2025-01-10,success_call,1
CUST-1622,2022-01-16,2024-12-27,North West,Public Sector,Basic,Monthly,Self-serve,70.11,35,154.9,7,0,1,10.0,1,Low usage noted in recent month; customer did not attend webinar.,,,,0
CUST-1623,2020-02-13,2024-12-22,South West,Education,Standard,Annual,Sales-led,88.16,58,67.0,0,1,0,9.2,10,Multiple support contacts; wants faster response time.,,,,0
CUST-1624,2021-11-23,2024-12-04,North West,Education,Basic,Monthly,Self-serve,40.18,37,229.0,3,1,2,6.4,5,Customer mentioned price sensitivity and asked about lower plan options.,,,,0
CUST-1625,2023-04-02,2024-12-22,South West,Technology,Standard,Monthly,Partner,87.36,20,155.0,9,3,0,6.7,8,Invoice query raised; finance contact requested clarification.,low_usage,2025-03-27,success_call,1
CUST-1626,2023-06-17,2024-12-13,North West,Manufacturing,Enterprise,Annual,Self-serve,352.88,18,157.3,4,4,0,5.2,6,,price,2025-01-25,success_call,1
CUST-1627,2021-02-17,2024-12-28,Midlands,Healthcare,Standard,Annual,Self-serve,82.52,46,246.1,6,1,1,8.9,5,Invoice query raised; finance contact requested clarification.,,,,0
CUST-1628,2021-07-18,2024-12-17,London,Healthcare,Enterprise,Annual,Partner,343.26,41,272.9,7,4,0,7.2,9,Low usage noted in recent month; customer did not attend webinar.,,,,0
CUST-1629,2022-03-16,2024-12-29,Scotland,Healthcare,Basic,Annual,Partner,23.17,33,260.5,12,1,0,5.3,10,Multiple support contacts; wants faster response time.,,,,0
CUST-1630,2021-08-01,2024-12-22,Midlands,Professional Services,Standard,Monthly,Sales-led,101.89,40,188.1,13,4,1,,1,Manager requested renewal details and training resources.,,,,0
CUST-1631,2020-09-16,2024-12-17,South West,Public Sector,Premium,Annual,Renewal upgrade,173.0,51,185.1,6,2,0,8.4,3,Invoice query raised; finance contact requested clarification.,,,,0
CUST-1632,2021-03-21,2024-12-31,Midlands,Public Sector,Standard,Monthly,Partner,81.14,45,190.5,7,3,0,9.0,2,Invoice query raised; finance contact requested clarification.,,,,0
CUST-1633,2021-08-12,2024-12-26,London,Retail,Basic,Annual,Renewal upgrade,62.03,40,325.3,17,1,0,8.4,12,Support issue around onboarding and admin setup.,,,,0
CUST-1634,2022-01-27,2024-12-27,South East,Retail,Premium,Annual,Renewal upgrade,163.31,35,406.0,9,2,0,8.1,12,Customer happy with product but needs integration advice.,,,,0
CUST-1635,2023-09-06,2024-12-22,London,Technology,Standard,Annual,Renewal upgrade,108.56,15,294.6,20,2,1,10.0,12,Manager requested renewal details and training resources.,,,,0
CUST-1636,2022-03-06,2024-12-26,London,Professional Services,Standard,Annual,Partner,90.59,33,360.5,24,2,0,8.5,7,Manager requested renewal details and training resources.,,,,0
CUST-1637,2021-07-19,2024-12-15,Wales,Education,Enterprise,Annual,Self-serve,368.22,41,412.8,6,1,0,10.0,8,Invoice query raised; finance contact requested clarification.,,,,0
CUST-1638,2022-08-22,2024-12-20,Midlands,Healthcare,Basic,Monthly,Sales-led,57.99,28,89.3,3,3,0,6.3,5,Healthy adoption in team; users asked for reporting improvements.,support,2025-02-01,discount,1
CUST-1639,2023-02-02,2024-12-16,Midlands,Manufacturing,Standard,Annual,Self-serve,86.9,22,,10,2,0,9.3,1,Customer mentioned price sensitivity and asked about lower plan options.,business_closed,2025-02-16,none,1
CUST-1640,2021-09-20,2024-12-26,Northern Ireland,Professional Services,Basic,Annual,Partner,38.0,39,286.0,10,1,1,5.9,8,Manager requested renewal details and training resources.,support,2025-02-14,discount,1
CUST-1641,2021-12-15,2024-12-19,Midlands,Manufacturing,Standard,Annual,Self-serve,106.27,36,391.8,14,3,0,7.6,3,Invoice query raised; finance contact requested clarification.,,,,0
CUST-1642,2020-11-14,2024-12-29,Midlands,Healthcare,Basic,Monthly,Renewal upgrade,45.85,49,79.1,6,2,0,5.5,9,Healthy adoption in team; users asked for reporting improvements.,price,2025-02-20,success_call,1
CUST-1643,2023-06-16,2024-11-12,London,Manufacturing,Premium,Monthly,Sales-led,176.97,18,170.8,6,2,1,6.4,8,Support issue around onboarding and admin setup.,competitor,2025-02-20,none,1
CUST-1644,2023-06-19,2024-12-29,South East,Professional Services,Basic,Annual,Self-serve,64.27,18,119.0,1,2,0,9.4,2,Customer happy with product but needs integration advice.,,,,0
CUST-1645,2020-09-12,2024-12-25,Wales,Healthcare,Premium,Monthly,Self-serve,170.02,51,188.9,7,1,0,7.1,6,Manager requested renewal details and training resources.,,,,0
CUST-1646,2021-05-20,2024-12-14,Northern Ireland,Education,Basic,Monthly,Self-serve,50.1,43,181.1,9,2,4,7.4,7,Low usage noted in recent month; customer did not attend webinar.,,,,0
CUST-1647,2021-02-01,2024-12-24,London,Retail,Standard,Monthly,Sales-led,110.46,46,209.9,4,3,1,9.5,4,Low usage noted in recent month; customer did not attend webinar.,,,,0
CUST-1648,2023-09-09,2024-12-27,North West,Professional Services,Standard,Annual,Sales-led,108.71,15,243.0,3,1,1,7.8,10,Invoice query raised; finance contact requested clarification.,,,,0
CUST-1649,2020-04-05,2024-12-19,Wales,Retail,Premium,Monthly,Partner,177.08,56,103.5,12,0,0,9.4,1,Multiple support contacts; wants faster response time.,,,,0
CUST-1650,2020-10-29,2024-12-30,London,Healthcare,Standard,Monthly,Self-serve,95.53,50,145.6,3,5,1,7.3,6,Manager requested renewal details and training resources.,low_usage,2025-01-14,success_call,1
CUST-1651,2021-04-04,2024-12-30,North West,Professional Services,Standard,Monthly,Sales-led,78.13,44,350.5,13,3,1,,6,Manager requested renewal details and training resources.,price,2025-02-20,discount,1
CUST-1652,2022-03-28,2024-12-27,South West,Technology,Premium,Annual,Sales-led,166.33,33,437.6,16,1,0,10.0,10,Support issue around onboarding and admin setup.,,,,0
CUST-1653,2020-12-29,2024-12-14,Wales,Healthcare,Standard,Annual,Self-serve,102.82,48,216.0,11,2,1,10.0,10,Manager requested renewal details and training resources.,,,,0
CUST-1654,2022-02-22,2024-12-20,South East,Public Sector,Basic,Monthly,Sales-led,47.35,34,210.8,16,0,0,7.4,5,Invoice query raised; finance contact requested clarification.,,,,0
CUST-1655,2022-12-26,2024-12-24,Northern Ireland,Technology,Enterprise,Monthly,Partner,349.9,24,311.6,15,6,0,5.8,8,Low usage noted in recent month; customer did not attend webinar.,support,2025-02-07,none,1
CUST-1656,2023-04-24,2024-12-29,South East,Professional Services,Standard,Annual,Partner,111.47,20,342.9,8,2,0,6.8,8,Customer happy with product but needs integration advice.,,,,0
CUST-1657,2020-05-24,2024-12-25,Northern Ireland,Manufacturing,Basic,Monthly,Sales-led,34.75,55,215.3,3,0,0,9.9,9,Manager requested renewal details and training resources.,,,,0
CUST-1658,2020-07-21,2024-12-24,South East,Technology,Standard,Annual,Self-serve,96.17,53,224.8,7,0,0,10.0,12,Customer happy with product but needs integration advice.,,,,0
CUST-1659,2020-05-18,2024-12-26,Scotland,Manufacturing,Basic,Monthly,Sales-led,51.26,55,191.4,7,1,0,7.2,10,Customer happy with product but needs integration advice.,,,,0
CUST-1660,2023-08-21,2024-12-28,North West,Healthcare,Basic,Annual,Sales-led,40.55,16,207.0,1,2,0,4.6,2,Low usage noted in recent month; customer did not attend webinar.,low_usage,2025-01-16,none,1
CUST-1661,2022-08-10,2024-12-28,South East,Healthcare,Premium,Monthly,Renewal upgrade,196.18,28,226.3,12,3,0,6.6,11,Multiple support contacts; wants faster response time.,,,,0
CUST-1662,2022-02-14,2024-12-31,Northern Ireland,Professional Services,Basic,Annual,Self-serve,59.9,34,152.7,2,4,1,,7,Multiple support contacts; wants faster response time.,low_usage,2025-03-09,none,1
CUST-1663,2023-02-28,2024-12-27,London,Education,Premium,Monthly,Renewal upgrade,182.48,22,483.0,25,4,0,8.3,10,Healthy adoption in team; users asked for reporting improvements.,,,,0
CUST-1664,2022-05-05,2024-12-21,London,Technology,Enterprise,Annual,Sales-led,370.53,31,307.8,20,4,0,8.0,10,Healthy adoption in team; users asked for reporting improvements.,,,,0
CUST-1665,2020-12-09,2024-12-29,South East,Technology,Standard,Annual,Sales-led,81.01,48,315.6,12,0,0,8.0,8,Multiple support contacts; wants faster response time.,,,,0
CUST-1666,2022-01-14,2024-12-30,Midlands,Professional Services,Premium,Annual,Self-serve,178.91,35,538.5,23,3,1,10.0,3,Manager requested renewal details and training resources.,,,,0
CUST-1667,2022-10-23,2024-12-24,Midlands,Manufacturing,Premium,Monthly,Self-serve,183.4,26,293.2,7,3,1,8.1,12,Support issue around onboarding and admin setup.,support,2025-03-13,none,1
CUST-1668,2020-02-22,2024-12-17,South West,Retail,Enterprise,Monthly,Renewal upgrade,338.03,58,336.7,16,1,2,8.8,1,Invoice query raised; finance contact requested clarification.,,,,0
CUST-1669,2022-06-04,2024-12-31,South East,Technology,Standard,Annual,Sales-led,102.61,30,228.7,7,1,0,8.4,12,Low usage noted in recent month; customer did not attend webinar.,,,,0
CUST-1670,2021-12-26,2024-12-30,North West,Professional Services,Basic,Annual,Renewal upgrade,35.72,36,208.8,4,2,0,8.6,8,Healthy adoption in team; users asked for reporting improvements.,business_closed,2025-02-19,none,1
CUST-1671,2020-04-11,2024-12-24,London,Technology,Standard,Monthly,Renewal upgrade,107.29,56,168.3,6,0,1,8.5,1,Customer mentioned price sensitivity and asked about lower plan options.,,,,0
CUST-1672,2021-01-19,2024-12-10,Scotland,Public Sector,Standard,Monthly,Self-serve,111.69,47,610.9,23,1,1,8.0,3,Invoice query raised; finance contact requested clarification.,,,,0
CUST-1673,2021-10-16,2024-12-24,South West,Professional Services,Basic,Monthly,Self-serve,52.27,38,,1,2,0,7.8,10,Invoice query raised; finance contact requested clarification.,business_closed,2025-01-07,discount,1
CUST-1674,2021-05-15,2024-12-25,Midlands,Professional Services,Standard,Annual,Self-serve,76.77,43,210.1,12,7,0,7.8,11,Support issue around onboarding and admin setup.,business_closed,2025-03-03,success_call,1
CUST-1675,2021-02-27,2024-11-20,Scotland,Public Sector,Basic,Annual,Sales-led,37.4,46,223.2,6,5,0,8.9,1,Invoice query raised; finance contact requested clarification.,,,,0
CUST-1676,2022-08-05,2024-12-12,North West,Professional Services,Enterprise,Annual,Partner,355.78,28,390.0,23,4,0,8.7,2,Healthy adoption in team; users asked for reporting improvements.,,,,0
CUST-1677,2021-08-13,2024-12-27,South West,Education,Basic,Annual,Self-serve,49.25,40,146.1,1,1,0,6.4,1,Invoice query raised; finance contact requested clarification.,,,,0
CUST-1678,2021-12-27,2024-12-05,North West,Technology,Basic,Monthly,Renewal upgrade,20.0,36,54.6,9,3,1,5.4,8,Customer mentioned price sensitivity and asked about lower plan options.,support,2025-02-15,discount,1
CUST-1679,2023-03-11,2024-12-19,London,Education,Basic,Monthly,Self-serve,63.91,21,74.9,0,2,1,6.3,6,Customer happy with product but needs integration advice.,competitor,2025-03-26,success_call,1
CUST-1680,2020-05-16,2024-12-28,South East,Healthcare,Basic,Monthly,Self-serve,50.64,55,162.9,7,1,0,8.2,1,Invoice query raised; finance contact requested clarification.,,,,0
CUST-1681,2021-06-09,2024-12-30,London,Healthcare,Basic,Annual,Partner,39.17,42,52.3,0,1,0,7.3,6,Low usage noted in recent month; customer did not attend webinar.,,,,0
CUST-1682,2020-04-16,2024-12-29,London,Professional Services,Basic,Monthly,Self-serve,60.94,56,199.4,7,1,2,5.7,12,Invoice query raised; finance contact requested clarification.,,,,0
CUST-1683,2023-09-15,2024-12-26,London,Technology,Basic,Monthly,Renewal upgrade,40.87,15,256.6,13,0,1,6.5,10,Support issue around onboarding and admin setup.,,,,0
CUST-1684,2020-09-28,2024-12-30,North West,Retail,Basic,Monthly,Sales-led,40.74,51,216.7,15,2,2,4.0,6,Support issue around onboarding and admin setup.,business_closed,2025-02-06,none,1
CUST-1685,2023-04-12,2024-12-04,Wales,Retail,Standard,Monthly,Renewal upgrade,103.3,20,316.9,17,3,0,3.3,5,Support issue around onboarding and admin setup.,business_closed,2025-02-18,discount,1
CUST-1686,2020-10-05,2024-12-29,South East,Retail,Standard,Annual,Partner,120.37,50,71.4,1,1,0,7.3,12,Customer mentioned price sensitivity and asked about lower plan options.,support,2025-02-10,none,1
CUST-1687,2021-04-18,2024-12-09,North West,Technology,Standard,Monthly,Renewal upgrade,118.48,44,171.6,8,2,0,10.0,8,Support issue around onboarding and admin setup.,,,,0
CUST-1688,2022-06-07,2024-12-22,South West,Professional Services,Standard,Monthly,Self-serve,103.32,30,114.1,1,3,1,9.6,10,Healthy adoption in team; users asked for reporting improvements.,support,2025-02-10,success_call,1
CUST-1689,2023-04-28,2024-12-09,Midlands,Technology,Basic,Annual,Partner,54.55,20,69.6,0,4,0,5.3,5,Invoice query raised; finance contact requested clarification.,support,2025-03-09,discount,1
CUST-1690,2020-09-16,2024-12-31,Scotland,Manufacturing,Basic,Monthly,Sales-led,58.5,51,115.1,0,2,0,7.7,10,Healthy adoption in team; users asked for reporting improvements.,,,,0
CUST-1691,2020-11-07,2024-12-24,South East,Public Sector,Basic,Monthly,Partner,33.92,49,299.7,10,2,1,5.7,9,Healthy adoption in team; users asked for reporting improvements.,,,,0
CUST-1692,2023-07-11,2024-12-29,South West,Technology,Premium,Monthly,Sales-led,186.73,17,520.8,22,3,1,6.5,1,Customer happy with product but needs integration advice.,,,,0
CUST-1693,2021-04-15,2024-11-24,South East,Public Sector,Enterprise,Annual,Sales-led,340.19,44,,0,9,0,4.2,7,Low usage noted in recent month; customer did not attend webinar.,support,2025-02-05,none,1
CUST-1694,2020-11-02,2024-12-12,South East,Technology,Enterprise,Monthly,Self-serve,352.82,49,275.3,11,3,0,7.5,5,Healthy adoption in team; users asked for reporting improvements.,,,,0
CUST-1695,2022-12-21,2024-12-29,South West,Professional Services,Standard,Annual,Sales-led,96.27,24,276.5,17,3,0,7.6,9,Customer happy with product but needs integration advice.,price,2025-01-16,success_call,1
CUST-1696,2020-05-13,2024-12-03,Scotland,Public Sector,Standard,Annual,Self-serve,105.01,55,199.5,12,3,0,,2,Healthy adoption in team; users asked for reporting improvements.,,,,0
CUST-1697,2023-06-19,2024-12-19,Midlands,Education,Standard,Annual,Partner,100.42,18,409.9,14,1,0,9.9,10,Invoice query raised; finance contact requested clarification.,,,,0
CUST-1698,2023-07-02,2024-12-23,Scotland,Education,Premium,Monthly,Sales-led,142.12,18,177.9,2,3,0,7.0,10,Customer mentioned price sensitivity and asked about lower plan options.,business_closed,2025-01-10,none,1
CUST-1699,2023-06-04,2024-12-14,Wales,Technology,Premium,Annual,Partner,181.15,18,188.2,9,2,0,7.8,6,Low usage noted in recent month; customer did not attend webinar.,,,,0
CUST-1700,2021-03-07,2024-12-24,South East,Technology,Premium,Monthly,Sales-led,186.71,45,144.8,0,1,1,5.8,11,Low usage noted in recent month; customer did not attend webinar.,,,,0
CUST-1701,2020-06-15,2024-12-15,South East,Manufacturing,Premium,Monthly,Partner,184.35,54,197.4,12,2,0,5.8,6,Support issue around onboarding and admin setup.,,,,0
CUST-1702,2021-09-13,2024-12-22,South East,Education,Standard,Annual,Partner,97.77,39,40.8,1,4,0,4.4,1,Customer happy with product but needs integration advice.,price,2025-02-25,none,1
CUST-1703,2021-05-03,2024-12-31,London,Healthcare,Premium,Monthly,Self-serve,198.71,43,202.3,15,1,4,7.6,7,Manager requested renewal details and training resources.,,,,0
CUST-1704,2023-11-01,2024-12-27,Northern Ireland,Healthcare,Premium,Monthly,Partner,182.74,13,241.8,3,3,1,6.9,4,Customer happy with product but needs integration advice.,low_usage,2025-01-06,none,1
CUST-1705,2022-07-11,2024-12-24,South East,Healthcare,Standard,Monthly,Renewal upgrade,104.25,29,,12,3,1,4.5,11,,,,,0
CUST-1706,2023-10-10,2024-12-22,Scotland,Healthcare,Enterprise,Monthly,Partner,361.53,14,148.9,6,2,0,7.5,7,Low usage noted in recent month; customer did not attend webinar.,,,,0
CUST-1707,2023-01-01,2024-12-30,Midlands,Professional Services,Basic,Monthly,Self-serve,53.35,23,161.2,5,1,3,5.0,10,Invoice query raised; finance contact requested clarification.,,,,0
CUST-1708,2022-11-09,2024-12-19,Midlands,Professional Services,Enterprise,Annual,Self-serve,338.22,25,332.4,8,4,0,10.0,12,Multiple support contacts; wants faster response time.,,,,0
CUST-1709,2020-06-12,2024-12-23,North West,Public Sector,Premium,Annual,Partner,149.74,54,286.3,14,1,0,7.5,2,Support issue around onboarding and admin setup.,,,,0
CUST-1710,2020-04-10,2024-12-16,North West,Healthcare,Basic,Monthly,Sales-led,43.27,56,218.8,11,1,0,9.1,9,Manager requested renewal details and training resources.,,,,0
CUST-1711,2020-03-08,2024-12-14,South West,Technology,Standard,Annual,Partner,108.13,57,124.7,12,6,0,8.1,11,Manager requested renewal details and training resources.,,,,0
CUST-1712,2022-05-16,2024-12-10,Wales,Manufacturing,Basic,Monthly,Sales-led,44.76,31,130.0,9,2,0,6.1,10,Invoice query raised; finance contact requested clarification.,price,2025-03-09,success_call,1
CUST-1713,2020-10-21,2024-12-27,Midlands,Professional Services,Premium,Monthly,Partner,188.61,50,80.3,1,2,1,7.1,5,Multiple support contacts; wants faster response time.,competitor,2025-02-08,discount,1
CUST-1714,2023-12-15,2024-12-27,South West,Professional Services,Premium,Monthly,Sales-led,180.78,12,320.3,9,1,2,8.7,9,Customer happy with product but needs integration advice.,,,,0
CUST-1715,2020-07-12,2024-12-15,Midlands,Retail,Standard,Monthly,Sales-led,114.46,53,117.2,0,1,0,7.9,11,Invoice query raised; finance contact requested clarification.,,,,0
CUST-1716,2023-10-14,2024-12-30,London,Technology,Premium,Monthly,Renewal upgrade,175.46,14,360.7,20,1,0,9.2,1,Customer mentioned price sensitivity and asked about lower plan options.,,,,0
CUST-1717,2022-09-01,2024-12-24,Scotland,Retail,Basic,Monthly,Renewal upgrade,54.61,27,,6,2,0,6.0,6,Invoice query raised; finance contact requested clarification.,,,,0
CUST-1718,2020-06-03,2024-12-30,London,Education,Basic,Monthly,Renewal upgrade,55.07,54,136.6,11,0,1,8.5,6,Invoice query raised; finance contact requested clarification.,,,,0
CUST-1719,2020-03-26,2024-12-28,Wales,Technology,Standard,Annual,Renewal upgrade,117.02,57,205.3,10,3,0,6.8,9,Customer happy with product but needs integration advice.,,,,0
CUST-1720,2021-08-01,2024-11-28,South West,Technology,Basic,Monthly,Self-serve,28.52,40,64.9,4,3,3,6.5,8,Low usage noted in recent month; customer did not attend webinar.,competitor,2025-03-01,success_call,1
